[dsv41 01:51:01] prebuild: head 10 built / 0 failed; worker 10 / 0
[dsv41 01:51:11] memory ok: MemFree head 112.1, worker 999 GiB
[dsv41 01:52:45] tests cpu rc=0: 15 passed, 1 warning in 91.50s (0:01:31)
[dsv41 01:52:45] tests cpu: .[dsparktrain] port fidelity {'rows': 114, 'teacher_forced_top1': [0.3333, 0.0, 0.0], 'conditional': [0.3333, 0.0, 0.0], 'tokens_per_round_all5': 1.3333, 'agree_logged_drafts': 0.6538, 'agree_logged_first': 0.7179, 'logged_passes': 78}
[dsv41 01:52:55] memory ok: MemFree head 114.1, worker 999 GiB
[dsv41 01:53:24] tests gpu rc=0: 14 passed, 1 warning in 24.80s
[dsv41 01:53:37] memory ok: MemFree head 115.4, worker 111.2 GiB
[dsv41 01:53:37] g11-cap: env GLM53_TF_COMM_BACKEND=roce GLM53_TF_ROCE_MAX_KB=1024 TF_DSV41_PREFILL=replay TF_DSV41_PREFILL_CHUNK=2048 TF_DSV41_PREFILL_ROWS=2048 TF_DSV41_PREFILL_KERNELS=fast TF_DSV41_FAST_EXPERTS=gm TF_DSV41_ENGRAM_NATIVE=1 TF_DSV41_NATIVE_DIR=/cache/dsv41-native TF_DSV41_INDEX_STREAM_MIN=16384 TF_DSV41_PLAIN_TRITON=1 TF_DSV41_ROUTER=gemv TF_DSV41_PREFETCH_AHEAD=1 TF_DSV41_PREFILL_GATHER=bf16 TF_DSV41_ROPE_INPLACE=1 TF_DSV41_MHC_BM=64 TF_DSV41_MHC_WARPS=8 TF_DSV41_PREFILL_ATTN=fused TF_DSV41_PREFILL_ATTN_BMQ=32 TF_DSV41_PREFILL_ATTN_WARPS=8 TF_DSV41_PREFILL_ROUTER=gemv TF_DSV41_ENGRAM_GATE=1 TF_DSV41_GRAPH_MODE=rows TF_DSV41_PLAN_LINK=tcp TF_DSV41_SPEC_DRAFT=1 TF_DSV41_DENSE=0 TF_DSV41_DEPTH_JOINT=0 TF_DSV41_MHC_DEC=1 TF_DSV41_MHC_FIN2=1 TF_DSV41_RMS_PAIR=1 TF_DSV41_PARTIAL_BF16=1 TF_DSV41_RG_NARROW=2 TF_DSV41_RG_TAIL=1 TF_DSV41_INDEX_DTOPK=1 TF_DSV41_ENGRAM_FUSE_DEC=1 TF_DSV41_MHC_FN=bf16 TF_DSV41_EXPERT_TOPP=0.85 TF_DSV41_EXPERT_MIN_K=3 TF_DSV41_EXPERT_RENORM=kept TF_DSV41_L2PF=1 TF_DSV41_L2PF_MB=12 TF_DSV41_PDL=0 TF_DSV41_INDEX_KV=fp8 TF_DSV41_EXPERT_LOADS=1 TF_DSV41_EXPERT_PREFILL=0 TF_DSV41_CALIB=real TF_DSV41_CALIB_DIR=/cache/dsv41-calib TF_DSV41_FLOOR_GIB=5 TF_DSV41_FLOOR_HARD_GIB=4 TF_DSV41_SESSIONS=1 TF_DSV41_SESSION_RAM_MIB=256 TF_DSV41_GRAMMAR=1 TF_DSV41_TOOL_GRAMMAR=0 TF_DSV41_THINKING=1 TF_DSV41_DEFAULT_EFFORT=high TF_DSV41_SCHEMA_PROMPT=1 TF_DSV41_DISCONNECT=1  TF_DSV41_PHASES=1  TF_DSV41_TREE=0 TF_DSV41_SPEC_DRAFT=0 TF_DSV41_CALIB=real TF_DSV41_CALIB_DIR=/tmp/g11-calib TF_DSV41_DRAFT_LOG=/out/draftlog TF_DSV41_DRAFT_LOG_TAPS=1 TF_DSV41_DRAFT_LOG_TOPK=32; m2bench --streams 4 --hot 2 --repeat 3 --max 768 --minutes 90
[dsv41 02:37:06] g11-cap: rank 0 rc=0, rank 1 rc=0; 
[dsv41 02:37:06] g11-cap memory: head MemFree min 2.89, MemAvailable min 10.00 GiB; worker MemFree min 6.68, MemAvailable min 7.87 GiB
[dsv41 02:37:06] g11-cap boot: [tensorfold] roce: all-gathers of up to 1024 KiB a rank over RoCE on roceP2p1s0f1 (GID 3, <head-link-ip-2>), rocep1s0f1 (GID 3, <head-link-ip>); timeout 120 s; probe 14.5 us eager at 16 KiB [tensorfold] serving: 4 slot(s) x 16448 tokens; 0 of 4 slots busy; pool 260 of 260 pages free, 0 reserved, 0 mapped; long prefills (> 32768 tokens) 1 at a time; sessions: 0 RAM entries (0 pool pages, 0.0 MiB boun
[dsv41 02:37:06] capture: 435 log files, 6.6G; [draftcap] 525/525 requests, 2550 s [draftcap] report /out/m2-g11-cap.json: 525 requests in 2549.9 s 
[dsv41 02:37:17] memory ok: MemFree head 117.9, worker 999 GiB
[dsv41 02:37:29] g11-data rc=1: [dsparkdata] /out/draftlog: 525 sessions so far 
[dsv41 02:37:29] summary: ~/src/deepseek-v41-tensorfold-spark/results/G11-20261003/summary-g11.txt
G11-DONE
rm: cannot remove '~/src/deepseek-v41-tensorfold-spark/results/G11-20261003/data/s000182.npz': Permission denied
rm: cannot remove '~/src/deepseek-v41-tensorfold-spark/results/G11-20261003/data/s000203.taps.npy': Permission denied
rm: cannot remove '~/src/deepseek-v41-tensorfold-spark/results/G11-20261003/data/s000158.npz': Permission denied
rm: cannot remove '~/src/deepseek-v41-tensorfold-spark/results/G11-20261003/data/s000245.npz': Permission denied
rm: cannot remove '~/src/deepseek-v41-tensorfold-spark/results/G11-20261003/data/s000115.taps.npy': Permission denied
rm: cannot remove '~/src/deepseek-v41-tensorfold-spark/results/G11-20261003/data/s000437.npz': Permission denied
rm: cannot remove '~/src/deepseek-v41-tensorfold-spark/results/G11-20261003/data/s000028.taps.npy': Permission denied
rm: cannot remove '~/src/deepseek-v41-tensorfold-spark/results/G11-20261003/data/s000041.npz': Permission denied
rm: cannot remove '~/src/deepseek-v41-tensorfold-spark/results/G11-20261003/data/s000093.taps.npy': Permission denied
rm: cannot remove '~/src/deepseek-v41-tensorfold-spark/results/G11-20261003/data/s000060.taps.npy': Permission denied
rm: cannot remove '~/src/deepseek-v41-tensorfold-spark/results/G11-20261003/data/s000511.npz': Permission denied
rm: cannot remove '~/src/deepseek-v41-tensorfold-spark/results/G11-20261003/data/s000062.taps.npy': Permission denied
rm: cannot remove '~/src/deepseek-v41-tensorfold-spark/results/G11-20261003/data/s000181.npz': Permission denied
rm: cannot remove '~/src/deepseek-v41-tensorfold-spark/results/G11-20261003/data/s000095.taps.npy': Permission denied
rm: cannot remove '~/src/deepseek-v41-tensorfold-spark/results/G11-20261003/data/s000250.taps.npy': Permission denied
rm: cannot remove '~/src/deepseek-v41-tensorfold-spark/results/G11-20261003/data/s000494.npz': Permission denied
rm: cannot remove '~/src/deepseek-v41-tensorfold-spark/results/G11-20261003/data/s000317.npz': Permission denied
rm: cannot remove '~/src/deepseek-v41-tensorfold-spark/results/G11-20261003/data/s000074.npz': Permission denied
rm: cannot remove '~/src/deepseek-v41-tensorfold-spark/results/G11-20261003/data/s000538.taps.npy': Permission denied
rm: cannot remove '~/src/deepseek-v41-tensorfold-spark/results/G11-20261003/data/s000172.taps.npy': Permission denied
rm: cannot remove '~/src/deepseek-v41-tensorfold-spark/results/G11-20261003/data/s000328.taps.npy': Permission denied
rm: cannot remove '~/src/deepseek-v41-tensorfold-spark/results/G11-20261003/data/s000534.npz': Permission denied
rm: cannot remove '~/src/deepseek-v41-tensorfold-spark/results/G11-20261003/data/s000071.npz': Permission denied
rm: cannot remove '~/src/deepseek-v41-tensorfold-spark/results/G11-20261003/data/s000382.npz': Permission denied
rm: cannot remove '~/src/deepseek-v41-tensorfold-spark/results/G11-20261003/data/s000083.npz': Permission denied
rm: cannot remove '~/src/deepseek-v41-tensorfold-spark/results/G11-20261003/data/s000431.npz': Permission denied
rm: cannot remove '~/src/deepseek-v41-tensorfold-spark/results/G11-20261003/data/s000048.taps.npy': Permission denied
rm: cannot remove '~/src/deepseek-v41-tensorfold-spark/results/G11-20261003/data/s000187.taps.npy': Permission denied
rm: cannot remove '~/src/deepseek-v41-tensorfold-spark/results/G11-20261003/data/s000595.npz': Permission denied
rm: cannot remove '~/src/deepseek-v41-tensorfold-spark/results/G11-20261003/data/s000502.taps.npy': Permission denied
rm: cannot remove '~/src/deepseek-v41-tensorfold-spark/results/G11-20261003/data/s000424.npz': Permission denied
rm: cannot remove '~/src/deepseek-v41-tensorfold-spark/results/G11-20261003/data/s000400.npz': Permission denied
rm: cannot remove '~/src/deepseek-v41-tensorfold-spark/results/G11-20261003/data/s000343.npz': Permission denied
rm: cannot remove '~/src/deepseek-v41-tensorfold-spark/results/G11-20261003/data/s000119.npz': Permission denied
rm: cannot remove '~/src/deepseek-v41-tensorfold-spark/results/G11-20261003/data/s000239.npz': Permission denied
rm: cannot remove '~/src/deepseek-v41-tensorfold-spark/results/G11-20261003/data/s000201.npz': Permission denied
rm: cannot remove '~/src/deepseek-v41-tensorfold-spark/results/G11-20261003/data/s000454.npz': Permission denied
rm: cannot remove '~/src/deepseek-v41-tensorfold-spark/results/G11-20261003/data/s000191.taps.npy': Permission denied
rm: cannot remove '~/src/deepseek-v41-tensorfold-spark/results/G11-20261003/data/s000457.taps.npy': Permission denied
rm: cannot remove '~/src/deepseek-v41-tensorfold-spark/results/G11-20261003/data/s000205.npz': Permission denied
rm: cannot remove '~/src/deepseek-v41-tensorfold-spark/results/G11-20261003/data/s000068.taps.npy': Permission denied
rm: cannot remove '~/src/deepseek-v41-tensorfold-spark/results/G11-20261003/data/s000039.taps.npy': Permission denied
rm: cannot remove '~/src/deepseek-v41-tensorfold-spark/results/G11-20261003/data/s000255.taps.npy': Permission denied
rm: cannot remove '~/src/deepseek-v41-tensorfold-spark/results/G11-20261003/data/s000510.taps.npy': Permission denied
rm: cannot remove '~/src/deepseek-v41-tensorfold-spark/results/G11-20261003/data/s000156.npz': Permission denied
rm: cannot remove '~/src/deepseek-v41-tensorfold-spark/results/G11-20261003/data/s000327.taps.npy': Permission denied
rm: cannot remove '~/src/deepseek-v41-tensorfold-spark/results/G11-20261003/data/s000314.taps.npy': Permission denied
rm: cannot remove '~/src/deepseek-v41-tensorfold-spark/results/G11-20261003/data/s000413.npz': Permission denied
rm: cannot remove '~/src/deepseek-v41-tensorfold-spark/results/G11-20261003/data/s000468.taps.npy': Permission denied
rm: cannot remove '~/src/deepseek-v41-tensorfold-spark/results/G11-20261003/data/s000591.taps.npy': Permission denied
rm: cannot remove '~/src/deepseek-v41-tensorfold-spark/results/G11-20261003/data/s000334.npz': Permission denied
rm: cannot remove '~/src/deepseek-v41-tensorfold-spark/results/G11-20261003/data/s000253.taps.npy': Permission denied
rm: cannot remove '~/src/deepseek-v41-tensorfold-spark/results/G11-20261003/data/s000439.npz': Permission denied
rm: cannot remove '~/src/deepseek-v41-tensorfold-spark/results/G11-20261003/data/s000337.npz': Permission denied
rm: cannot remove '~/src/deepseek-v41-tensorfold-spark/results/G11-20261003/data/s000194.taps.npy': Permission denied
rm: cannot remove '~/src/deepseek-v41-tensorfold-spark/results/G11-20261003/data/s000163.npz': Permission denied
rm: cannot remove '~/src/deepseek-v41-tensorfold-spark/results/G11-20261003/data/s000528.taps.npy': Permission denied
rm: cannot remove '~/src/deepseek-v41-tensorfold-spark/results/G11-20261003/data/s000362.npz': Permission denied
rm: cannot remove '~/src/deepseek-v41-tensorfold-spark/results/G11-20261003/data/s000147.taps.npy': Permission denied
rm: cannot remove '~/src/deepseek-v41-tensorfold-spark/results/G11-20261003/data/s000493.npz': Permission denied
rm: cannot remove '~/src/deepseek-v41-tensorfold-spark/results/G11-20261003/data/s000334.taps.npy': Permission denied
rm: cannot remove '~/src/deepseek-v41-tensorfold-spark/results/G11-20261003/data/s000471.npz': Permission denied
rm: cannot remove '~/src/deepseek-v41-tensorfold-spark/results/G11-20261003/data/s000129.taps.npy': Permission denied
rm: cannot remove '~/src/deepseek-v41-tensorfold-spark/results/G11-20261003/data/s000399.npz': Permission denied
rm: cannot remove '~/src/deepseek-v41-tensorfold-spark/results/G11-20261003/data/s000225.npz': Permission denied
rm: cannot remove '~/src/deepseek-v41-tensorfold-spark/results/G11-20261003/data/s000289.npz': Permission denied
rm: cannot remove '~/src/deepseek-v41-tensorfold-spark/results/G11-20261003/data/s000032.taps.npy': Permission denied
rm: cannot remove '~/src/deepseek-v41-tensorfold-spark/results/G11-20261003/data/s000134.npz': Permission denied
rm: cannot remove '~/src/deepseek-v41-tensorfold-spark/results/G11-20261003/data/s000278.taps.npy': Permission denied
rm: cannot remove '~/src/deepseek-v41-tensorfold-spark/results/G11-20261003/data/s000264.taps.npy': Permission denied
rm: cannot remove '~/src/deepseek-v41-tensorfold-spark/results/G11-20261003/data/s000140.taps.npy': Permission denied
rm: cannot remove '~/src/deepseek-v41-tensorfold-spark/results/G11-20261003/data/s000421.npz': Permission denied
rm: cannot remove '~/src/deepseek-v41-tensorfold-spark/results/G11-20261003/data/s000254.npz': Permission denied
rm: cannot remove '~/src/deepseek-v41-tensorfold-spark/results/G11-20261003/data/s000148.taps.npy': Permission denied
rm: cannot remove '~/src/deepseek-v41-tensorfold-spark/results/G11-20261003/data/s000156.taps.npy': Permission denied
rm: cannot remove '~/src/deepseek-v41-tensorfold-spark/results/G11-20261003/data/s000310.taps.npy': Permission denied
rm: cannot remove '~/src/deepseek-v41-tensorfold-spark/results/G11-20261003/data/s000130.npz': Permission denied
rm: cannot remove '~/src/deepseek-v41-tensorfold-spark/results/G11-20261003/data/s000233.npz': Permission denied
rm: cannot remove '~/src/deepseek-v41-tensorfold-spark/results/G11-20261003/data/s000216.npz': Permission denied
rm: cannot remove '~/src/deepseek-v41-tensorfold-spark/results/G11-20261003/data/s000244.npz': Permission denied
rm: cannot remove '~/src/deepseek-v41-tensorfold-spark/results/G11-20261003/data/s000485.taps.npy': Permission denied
rm: cannot remove '~/src/deepseek-v41-tensorfold-spark/results/G11-20261003/data/s000295.npz': Permission denied
rm: cannot remove '~/src/deepseek-v41-tensorfold-spark/results/G11-20261003/data/s000449.npz': Permission denied
rm: cannot remove '~/src/deepseek-v41-tensorfold-spark/results/G11-20261003/data/s000549.taps.npy': Permission denied
rm: cannot remove '~/src/deepseek-v41-tensorfold-spark/results/G11-20261003/data/s000192.taps.npy': Permission denied
rm: cannot remove '~/src/deepseek-v41-tensorfold-spark/results/G11-20261003/data/s000586.npz': Permission denied
rm: cannot remove '~/src/deepseek-v41-tensorfold-spark/results/G11-20261003/data/s000203.npz': Permission denied
rm: cannot remove '~/src/deepseek-v41-tensorfold-spark/results/G11-20261003/data/s000292.taps.npy': Permission denied
rm: cannot remove '~/src/deepseek-v41-tensorfold-spark/results/G11-20261003/data/s000218.npz': Permission denied
rm: cannot remove '~/src/deepseek-v41-tensorfold-spark/results/G11-20261003/data/s000165.taps.npy': Permission denied
rm: cannot remove '~/src/deepseek-v41-tensorfold-spark/results/G11-20261003/data/s000527.taps.npy': Permission denied
rm: cannot remove '~/src/deepseek-v41-tensorfold-spark/results/G11-20261003/data/s000290.taps.npy': Permission denied
rm: cannot remove '~/src/deepseek-v41-tensorfold-spark/results/G11-20261003/data/s000036.taps.npy': Permission denied
rm: cannot remove '~/src/deepseek-v41-tensorfold-spark/results/G11-20261003/data/s000553.npz': Permission denied
rm: cannot remove '~/src/deepseek-v41-tensorfold-spark/results/G11-20261003/data/s000600.taps.npy': Permission denied
rm: cannot remove '~/src/deepseek-v41-tensorfold-spark/results/G11-20261003/data/s000175.npz': Permission denied
rm: cannot remove '~/src/deepseek-v41-tensorfold-spark/results/G11-20261003/data/s000158.taps.npy': Permission denied
rm: cannot remove '~/src/deepseek-v41-tensorfold-spark/results/G11-20261003/data/s000046.npz': Permission denied
rm: cannot remove '~/src/deepseek-v41-tensorfold-spark/results/G11-20261003/data/s000413.taps.npy': Permission denied
rm: cannot remove '~/src/deepseek-v41-tensorfold-spark/results/G11-20261003/data/s000352.npz': Permission denied
rm: cannot remove '~/src/deepseek-v41-tensorfold-spark/results/G11-20261003/data/s000351.taps.npy': Permission denied
rm: cannot remove '~/src/deepseek-v41-tensorfold-spark/results/G11-20261003/data/s000486.taps.npy': Permission denied
rm: cannot remove '~/src/deepseek-v41-tensorfold-spark/results/G11-20261003/data/s000302.taps.npy': Permission denied
rm: cannot remove '~/src/deepseek-v41-tensorfold-spark/results/G11-20261003/data/s000354.npz': Permission denied
rm: cannot remove '~/src/deepseek-v41-tensorfold-spark/results/G11-20261003/data/s000360.taps.npy': Permission denied
rm: cannot remove '~/src/deepseek-v41-tensorfold-spark/results/G11-20261003/data/s000525.npz': Permission denied
rm: cannot remove '~/src/deepseek-v41-tensorfold-spark/results/G11-20261003/data/s000235.npz': Permission denied
rm: cannot remove '~/src/deepseek-v41-tensorfold-spark/results/G11-20261003/data/s000084.taps.npy': Permission denied
rm: cannot remove '~/src/deepseek-v41-tensorfold-spark/results/G11-20261003/data/s000482.taps.npy': Permission denied
rm: cannot remove '~/src/deepseek-v41-tensorfold-spark/results/G11-20261003/data/s000541.npz': Permission denied
rm: cannot remove '~/src/deepseek-v41-tensorfold-spark/results/G11-20261003/data/s000502.npz': Permission denied
rm: cannot remove '~/src/deepseek-v41-tensorfold-spark/results/G11-20261003/data/s000171.taps.npy': Permission denied
rm: cannot remove '~/src/deepseek-v41-tensorfold-spark/results/G11-20261003/data/s000417.taps.npy': Permission denied
rm: cannot remove '~/src/deepseek-v41-tensorfold-spark/results/G11-20261003/data/s000402.npz': Permission denied
rm: cannot remove '~/src/deepseek-v41-tensorfold-spark/results/G11-20261003/data/s000424.taps.npy': Permission denied
rm: cannot remove '~/src/deepseek-v41-tensorfold-spark/results/G11-20261003/data/s000066.npz': Permission denied
rm: cannot remove '~/src/deepseek-v41-tensorfold-spark/results/G11-20261003/data/s000128.taps.npy': Permission denied
rm: cannot remove '~/src/deepseek-v41-tensorfold-spark/results/G11-20261003/data/s000217.taps.npy': Permission denied
rm: cannot remove '~/src/deepseek-v41-tensorfold-spark/results/G11-20261003/data/s000343.taps.npy': Permission denied
rm: cannot remove '~/src/deepseek-v41-tensorfold-spark/results/G11-20261003/data/s000298.npz': Permission denied
rm: cannot remove '~/src/deepseek-v41-tensorfold-spark/results/G11-20261003/data/s000478.taps.npy': Permission denied
rm: cannot remove '~/src/deepseek-v41-tensorfold-spark/results/G11-20261003/data/s000053.npz': Permission denied
rm: cannot remove '~/src/deepseek-v41-tensorfold-spark/results/G11-20261003/data/s000168.taps.npy': Permission denied
rm: cannot remove '~/src/deepseek-v41-tensorfold-spark/results/G11-20261003/data/s000066.taps.npy': Permission denied
rm: cannot remove '~/src/deepseek-v41-tensorfold-spark/results/G11-20261003/data/s000321.taps.npy': Permission denied
rm: cannot remove '~/src/deepseek-v41-tensorfold-spark/results/G11-20261003/data/s000179.taps.npy': Permission denied
rm: cannot remove '~/src/deepseek-v41-tensorfold-spark/results/G11-20261003/data/s000127.taps.npy': Permission denied
rm: cannot remove '~/src/deepseek-v41-tensorfold-spark/results/G11-20261003/data/s000311.npz': Permission denied
rm: cannot remove '~/src/deepseek-v41-tensorfold-spark/results/G11-20261003/data/s000221.taps.npy': Permission denied
rm: cannot remove '~/src/deepseek-v41-tensorfold-spark/results/G11-20261003/data/s000291.npz': Permission denied
rm: cannot remove '~/src/deepseek-v41-tensorfold-spark/results/G11-20261003/data/s000243.taps.npy': Permission denied
rm: cannot remove '~/src/deepseek-v41-tensorfold-spark/results/G11-20261003/data/s000410.taps.npy': Permission denied
rm: cannot remove '~/src/deepseek-v41-tensorfold-spark/results/G11-20261003/data/s000175.taps.npy': Permission denied
rm: cannot remove '~/src/deepseek-v41-tensorfold-spark/results/G11-20261003/data/s000145.npz': Permission denied
rm: cannot remove '~/src/deepseek-v41-tensorfold-spark/results/G11-20261003/data/s000029.npz': Permission denied
rm: cannot remove '~/src/deepseek-v41-tensorfold-spark/results/G11-20261003/data/s000501.npz': Permission denied
rm: cannot remove '~/src/deepseek-v41-tensorfold-spark/results/G11-20261003/data/s000056.taps.npy': Permission denied
rm: cannot remove '~/src/deepseek-v41-tensorfold-spark/results/G11-20261003/data/s000407.taps.npy': Permission denied
rm: cannot remove '~/src/deepseek-v41-tensorfold-spark/results/G11-20261003/data/s000486.npz': Permission denied
rm: cannot remove '~/src/deepseek-v41-tensorfold-spark/results/G11-20261003/data/s000284.taps.npy': Permission denied
rm: cannot remove '~/src/deepseek-v41-tensorfold-spark/results/G11-20261003/data/s000361.taps.npy': Permission denied
rm: cannot remove '~/src/deepseek-v41-tensorfold-spark/results/G11-20261003/data/s000039.npz': Permission denied
rm: cannot remove '~/src/deepseek-v41-tensorfold-spark/results/G11-20261003/data/s000316.taps.npy': Permission denied
rm: cannot remove '~/src/deepseek-v41-tensorfold-spark/results/G11-20261003/data/s000126.npz': Permission denied
rm: cannot remove '~/src/deepseek-v41-tensorfold-spark/results/G11-20261003/data/s000220.npz': Permission denied
rm: cannot remove '~/src/deepseek-v41-tensorfold-spark/results/G11-20261003/data/s000211.npz': Permission denied
rm: cannot remove '~/src/deepseek-v41-tensorfold-spark/results/G11-20261003/data/s000092.taps.npy': Permission denied
rm: cannot remove '~/src/deepseek-v41-tensorfold-spark/results/G11-20261003/data/s000490.npz': Permission denied
rm: cannot remove '~/src/deepseek-v41-tensorfold-spark/results/G11-20261003/data/s000062.npz': Permission denied
rm: cannot remove '~/src/deepseek-v41-tensorfold-spark/results/G11-20261003/data/s000125.taps.npy': Permission denied
rm: cannot remove '~/src/deepseek-v41-tensorfold-spark/results/G11-20261003/data/s000318.taps.npy': Permission denied
rm: cannot remove '~/src/deepseek-v41-tensorfold-spark/results/G11-20261003/data/s000299.taps.npy': Permission denied
rm: cannot remove '~/src/deepseek-v41-tensorfold-spark/results/G11-20261003/data/s000406.npz': Permission denied
rm: cannot remove '~/src/deepseek-v41-tensorfold-spark/results/G11-20261003/data/s000251.taps.npy': Permission denied
rm: cannot remove '~/src/deepseek-v41-tensorfold-spark/results/G11-20261003/data/s000025.npz': Permission denied
rm: cannot remove '~/src/deepseek-v41-tensorfold-spark/results/G11-20261003/data/s000471.taps.npy': Permission denied
rm: cannot remove '~/src/deepseek-v41-tensorfold-spark/results/G11-20261003/data/s000236.taps.npy': Permission denied
rm: cannot remove '~/src/deepseek-v41-tensorfold-spark/results/G11-20261003/data/s000268.npz': Permission denied
rm: cannot remove '~/src/deepseek-v41-tensorfold-spark/results/G11-20261003/data/s000050.taps.npy': Permission denied
rm: cannot remove '~/src/deepseek-v41-tensorfold-spark/results/G11-20261003/data/s000112.npz': Permission denied
rm: cannot remove '~/src/deepseek-v41-tensorfold-spark/results/G11-20261003/data/s000331.taps.npy': Permission denied
rm: cannot remove '~/src/deepseek-v41-tensorfold-spark/results/G11-20261003/data/s000150.npz': Permission denied
rm: cannot remove '~/src/deepseek-v41-tensorfold-spark/results/G11-20261003/data/s000477.taps.npy': Permission denied
rm: cannot remove '~/src/deepseek-v41-tensorfold-spark/results/G11-20261003/data/s000377.npz': Permission denied
rm: cannot remove '~/src/deepseek-v41-tensorfold-spark/results/G11-20261003/data/s000470.taps.npy': Permission denied
rm: cannot remove '~/src/deepseek-v41-tensorfold-spark/results/G11-20261003/data/s000303.npz': Permission denied
rm: cannot remove '~/src/deepseek-v41-tensorfold-spark/results/G11-20261003/data/s000518.taps.npy': Permission denied
rm: cannot remove '~/src/deepseek-v41-tensorfold-spark/results/G11-20261003/data/s000215.taps.npy': Permission denied
rm: cannot remove '~/src/deepseek-v41-tensorfold-spark/results/G11-20261003/data/s000026.taps.npy': Permission denied
rm: cannot remove '~/src/deepseek-v41-tensorfold-spark/results/G11-20261003/data/s000320.npz': Permission denied
rm: cannot remove '~/src/deepseek-v41-tensorfold-spark/results/G11-20261003/data/s000103.taps.npy': Permission denied
rm: cannot remove '~/src/deepseek-v41-tensorfold-spark/results/G11-20261003/data/s000059.taps.npy': Permission denied
rm: cannot remove '~/src/deepseek-v41-tensorfold-spark/results/G11-20261003/data/s000080.taps.npy': Permission denied
rm: cannot remove '~/src/deepseek-v41-tensorfold-spark/results/G11-20261003/data/s000213.npz': Permission denied
rm: cannot remove '~/src/deepseek-v41-tensorfold-spark/results/G11-20261003/data/s000104.npz': Permission denied
rm: cannot remove '~/src/deepseek-v41-tensorfold-spark/results/G11-20261003/data/s000077.npz': Permission denied
rm: cannot remove '~/src/deepseek-v41-tensorfold-spark/results/G11-20261003/data/s000415.npz': Permission denied
rm: cannot remove '~/src/deepseek-v41-tensorfold-spark/results/G11-20261003/data/s000403.taps.npy': Permission denied
rm: cannot remove '~/src/deepseek-v41-tensorfold-spark/results/G11-20261003/data/s000514.taps.npy': Permission denied
rm: cannot remove '~/src/deepseek-v41-tensorfold-spark/results/G11-20261003/data/s000429.taps.npy': Permission denied
rm: cannot remove '~/src/deepseek-v41-tensorfold-spark/results/G11-20261003/data/s000383.taps.npy': Permission denied
rm: cannot remove '~/src/deepseek-v41-tensorfold-spark/results/G11-20261003/data/s000134.taps.npy': Permission denied
rm: cannot remove '~/src/deepseek-v41-tensorfold-spark/results/G11-20261003/data/s000403.npz': Permission denied
rm: cannot remove '~/src/deepseek-v41-tensorfold-spark/results/G11-20261003/data/s000135.taps.npy': Permission denied
rm: cannot remove '~/src/deepseek-v41-tensorfold-spark/results/G11-20261003/data/s000490.taps.npy': Permission denied
rm: cannot remove '~/src/deepseek-v41-tensorfold-spark/results/G11-20261003/data/s000435.taps.npy': Permission denied
rm: cannot remove '~/src/deepseek-v41-tensorfold-spark/results/G11-20261003/data/s000194.npz': Permission denied
rm: cannot remove '~/src/deepseek-v41-tensorfold-spark/results/G11-20261003/data/s000451.taps.npy': Permission denied
rm: cannot remove '~/src/deepseek-v41-tensorfold-spark/results/G11-20261003/data/s000586.taps.npy': Permission denied
rm: cannot remove '~/src/deepseek-v41-tensorfold-spark/results/G11-20261003/data/s000341.npz': Permission denied
rm: cannot remove '~/src/deepseek-v41-tensorfold-spark/results/G11-20261003/data/s000186.npz': Permission denied
rm: cannot remove '~/src/deepseek-v41-tensorfold-spark/results/G11-20261003/data/s000516.npz': Permission denied
rm: cannot remove '~/src/deepseek-v41-tensorfold-spark/results/G11-20261003/data/s000529.taps.npy': Permission denied
rm: cannot remove '~/src/deepseek-v41-tensorfold-spark/results/G11-20261003/data/s000314.npz': Permission denied
rm: cannot remove '~/src/deepseek-v41-tensorfold-spark/results/G11-20261003/data/s000601.npz': Permission denied
rm: cannot remove '~/src/deepseek-v41-tensorfold-spark/results/G11-20261003/data/s000128.npz': Permission denied
rm: cannot remove '~/src/deepseek-v41-tensorfold-spark/results/G11-20261003/data/s000362.taps.npy': Permission denied
rm: cannot remove '~/src/deepseek-v41-tensorfold-spark/results/G11-20261003/data/s000235.taps.npy': Permission denied
rm: cannot remove '~/src/deepseek-v41-tensorfold-spark/results/G11-20261003/data/s000517.npz': Permission denied
rm: cannot remove '~/src/deepseek-v41-tensorfold-spark/results/G11-20261003/data/s000164.taps.npy': Permission denied
rm: cannot remove '~/src/deepseek-v41-tensorfold-spark/results/G11-20261003/data/s000321.npz': Permission denied
rm: cannot remove '~/src/deepseek-v41-tensorfold-spark/results/G11-20261003/data/s000535.npz': Permission denied
rm: cannot remove '~/src/deepseek-v41-tensorfold-spark/results/G11-20261003/data/s000467.npz': Permission denied
rm: cannot remove '~/src/deepseek-v41-tensorfold-spark/results/G11-20261003/data/s000393.taps.npy': Permission denied
rm: cannot remove '~/src/deepseek-v41-tensorfold-spark/results/G11-20261003/data/s000324.taps.npy': Permission denied
rm: cannot remove '~/src/deepseek-v41-tensorfold-spark/results/G11-20261003/data/s000210.taps.npy': Permission denied
rm: cannot remove '~/src/deepseek-v41-tensorfold-spark/results/G11-20261003/data/s000118.taps.npy': Permission denied
rm: cannot remove '~/src/deepseek-v41-tensorfold-spark/results/G11-20261003/data/s000442.npz': Permission denied
rm: cannot remove '~/src/deepseek-v41-tensorfold-spark/results/G11-20261003/data/s000162.npz': Permission denied
rm: cannot remove '~/src/deepseek-v41-tensorfold-spark/results/G11-20261003/data/s000178.taps.npy': Permission denied
rm: cannot remove '~/src/deepseek-v41-tensorfold-spark/results/G11-20261003/data/s000162.taps.npy': Permission denied
rm: cannot remove '~/src/deepseek-v41-tensorfold-spark/results/G11-20261003/data/s000315.taps.npy': Permission denied
rm: cannot remove '~/src/deepseek-v41-tensorfold-spark/results/G11-20261003/data/s000216.taps.npy': Permission denied
rm: cannot remove '~/src/deepseek-v41-tensorfold-spark/results/G11-20261003/data/s000523.taps.npy': Permission denied
rm: cannot remove '~/src/deepseek-v41-tensorfold-spark/results/G11-20261003/data/s000241.taps.npy': Permission denied
rm: cannot remove '~/src/deepseek-v41-tensorfold-spark/results/G11-20261003/data/s000319.npz': Permission denied
rm: cannot remove '~/src/deepseek-v41-tensorfold-spark/results/G11-20261003/data/s000273.taps.npy': Permission denied
rm: cannot remove '~/src/deepseek-v41-tensorfold-spark/results/G11-20261003/data/s000309.npz': Permission denied
rm: cannot remove '~/src/deepseek-v41-tensorfold-spark/results/G11-20261003/data/s000277.npz': Permission denied
rm: cannot remove '~/src/deepseek-v41-tensorfold-spark/results/G11-20261003/data/s000096.npz': Permission denied
rm: cannot remove '~/src/deepseek-v41-tensorfold-spark/results/G11-20261003/data/s000472.npz': Permission denied
rm: cannot remove '~/src/deepseek-v41-tensorfold-spark/results/G11-20261003/data/s000511.taps.npy': Permission denied
rm: cannot remove '~/src/deepseek-v41-tensorfold-spark/results/G11-20261003/data/s000063.taps.npy': Permission denied
rm: cannot remove '~/src/deepseek-v41-tensorfold-spark/results/G11-20261003/data/s000339.npz': Permission denied
rm: cannot remove '~/src/deepseek-v41-tensorfold-spark/results/G11-20261003/data/s000533.npz': Permission denied
rm: cannot remove '~/src/deepseek-v41-tensorfold-spark/results/G11-20261003/data/s000480.npz': Permission denied
rm: cannot remove '~/src/deepseek-v41-tensorfold-spark/results/G11-20261003/data/s000285.taps.npy': Permission denied
rm: cannot remove '~/src/deepseek-v41-tensorfold-spark/results/G11-20261003/data/s000316.npz': Permission denied
rm: cannot remove '~/src/deepseek-v41-tensorfold-spark/results/G11-20261003/data/s000527.npz': Permission denied
rm: cannot remove '~/src/deepseek-v41-tensorfold-spark/results/G11-20261003/data/s000041.taps.npy': Permission denied
rm: cannot remove '~/src/deepseek-v41-tensorfold-spark/results/G11-20261003/data/s000604.npz': Permission denied
rm: cannot remove '~/src/deepseek-v41-tensorfold-spark/results/G11-20261003/data/s000520.npz': Permission denied
rm: cannot remove '~/src/deepseek-v41-tensorfold-spark/results/G11-20261003/data/s000055.taps.npy': Permission denied
rm: cannot remove '~/src/deepseek-v41-tensorfold-spark/results/G11-20261003/data/s000097.taps.npy': Permission denied
rm: cannot remove '~/src/deepseek-v41-tensorfold-spark/results/G11-20261003/data/s000079.npz': Permission denied
rm: cannot remove '~/src/deepseek-v41-tensorfold-spark/results/G11-20261003/data/s000283.npz': Permission denied
rm: cannot remove '~/src/deepseek-v41-tensorfold-spark/results/G11-20261003/data/s000210.npz': Permission denied
rm: cannot remove '~/src/deepseek-v41-tensorfold-spark/results/G11-20261003/data/s000262.taps.npy': Permission denied
rm: cannot remove '~/src/deepseek-v41-tensorfold-spark/results/G11-20261003/data/s000312.npz': Permission denied
rm: cannot remove '~/src/deepseek-v41-tensorfold-spark/results/G11-20261003/data/s000209.taps.npy': Permission denied
rm: cannot remove '~/src/deepseek-v41-tensorfold-spark/results/G11-20261003/data/s000272.npz': Permission denied
rm: cannot remove '~/src/deepseek-v41-tensorfold-spark/results/G11-20261003/data/s000450.taps.npy': Permission denied
rm: cannot remove '~/src/deepseek-v41-tensorfold-spark/results/G11-20261003/data/s000052.npz': Permission denied
rm: cannot remove '~/src/deepseek-v41-tensorfold-spark/results/G11-20261003/data/s000536.npz': Permission denied
rm: cannot remove '~/src/deepseek-v41-tensorfold-spark/results/G11-20261003/data/s000530.npz': Permission denied
rm: cannot remove '~/src/deepseek-v41-tensorfold-spark/results/G11-20261003/data/s000512.npz': Permission denied
rm: cannot remove '~/src/deepseek-v41-tensorfold-spark/results/G11-20261003/data/s000104.taps.npy': Permission denied
rm: cannot remove '~/src/deepseek-v41-tensorfold-spark/results/G11-20261003/data/s000304.npz': Permission denied
rm: cannot remove '~/src/deepseek-v41-tensorfold-spark/results/G11-20261003/data/s000464.taps.npy': Permission denied
rm: cannot remove '~/src/deepseek-v41-tensorfold-spark/results/G11-20261003/data/s000311.taps.npy': Permission denied
rm: cannot remove '~/src/deepseek-v41-tensorfold-spark/results/G11-20261003/data/s000366.npz': Permission denied
rm: cannot remove '~/src/deepseek-v41-tensorfold-spark/results/G11-20261003/data/s000498.taps.npy': Permission denied
rm: cannot remove '~/src/deepseek-v41-tensorfold-spark/results/G11-20261003/data/s000205.taps.npy': Permission denied
rm: cannot remove '~/src/deepseek-v41-tensorfold-spark/results/G11-20261003/data/s000306.taps.npy': Permission denied
rm: cannot remove '~/src/deepseek-v41-tensorfold-spark/results/G11-20261003/data/s000095.npz': Permission denied
rm: cannot remove '~/src/deepseek-v41-tensorfold-spark/results/G11-20261003/data/s000184.taps.npy': Permission denied
rm: cannot remove '~/src/deepseek-v41-tensorfold-spark/results/G11-20261003/data/s000324.npz': Permission denied
rm: cannot remove '~/src/deepseek-v41-tensorfold-spark/results/G11-20261003/data/s000592.taps.npy': Permission denied
rm: cannot remove '~/src/deepseek-v41-tensorfold-spark/results/G11-20261003/data/s000075.taps.npy': Permission denied
rm: cannot remove '~/src/deepseek-v41-tensorfold-spark/results/G11-20261003/data/s000042.taps.npy': Permission denied
rm: cannot remove '~/src/deepseek-v41-tensorfold-spark/results/G11-20261003/data/s000506.npz': Permission denied
rm: cannot remove '~/src/deepseek-v41-tensorfold-spark/results/G11-20261003/data/s000096.taps.npy': Permission denied
rm: cannot remove '~/src/deepseek-v41-tensorfold-spark/results/G11-20261003/data/s000588.taps.npy': Permission denied
rm: cannot remove '~/src/deepseek-v41-tensorfold-spark/results/G11-20261003/data/s000358.taps.npy': Permission denied
rm: cannot remove '~/src/deepseek-v41-tensorfold-spark/results/G11-20261003/data/s000099.npz': Permission denied
rm: cannot remove '~/src/deepseek-v41-tensorfold-spark/results/G11-20261003/data/s000428.npz': Permission denied
rm: cannot remove '~/src/deepseek-v41-tensorfold-spark/results/G11-20261003/data/s000111.npz': Permission denied
rm: cannot remove '~/src/deepseek-v41-tensorfold-spark/results/G11-20261003/data/s000353.taps.npy': Permission denied
rm: cannot remove '~/src/deepseek-v41-tensorfold-spark/results/G11-20261003/data/s000499.npz': Permission denied
rm: cannot remove '~/src/deepseek-v41-tensorfold-spark/results/G11-20261003/data/s000425.npz': Permission denied
rm: cannot remove '~/src/deepseek-v41-tensorfold-spark/results/G11-20261003/data/s000036.npz': Permission denied
rm: cannot remove '~/src/deepseek-v41-tensorfold-spark/results/G11-20261003/data/s000281.npz': Permission denied
rm: cannot remove '~/src/deepseek-v41-tensorfold-spark/results/G11-20261003/data/s000226.taps.npy': Permission denied
rm: cannot remove '~/src/deepseek-v41-tensorfold-spark/results/G11-20261003/data/s000529.npz': Permission denied
rm: cannot remove '~/src/deepseek-v41-tensorfold-spark/results/G11-20261003/data/s000469.taps.npy': Permission denied
rm: cannot remove '~/src/deepseek-v41-tensorfold-spark/results/G11-20261003/data/s000381.npz': Permission denied
rm: cannot remove '~/src/deepseek-v41-tensorfold-spark/results/G11-20261003/data/s000380.taps.npy': Permission denied
rm: cannot remove '~/src/deepseek-v41-tensorfold-spark/results/G11-20261003/data/s000531.taps.npy': Permission denied
rm: cannot remove '~/src/deepseek-v41-tensorfold-spark/results/G11-20261003/data/s000379.npz': Permission denied
rm: cannot remove '~/src/deepseek-v41-tensorfold-spark/results/G11-20261003/data/s000590.npz': Permission denied
rm: cannot remove '~/src/deepseek-v41-tensorfold-spark/results/G11-20261003/data/s000027.taps.npy': Permission denied
rm: cannot remove '~/src/deepseek-v41-tensorfold-spark/results/G11-20261003/data/s000344.taps.npy': Permission denied
rm: cannot remove '~/src/deepseek-v41-tensorfold-spark/results/G11-20261003/data/s000332.taps.npy': Permission denied
rm: cannot remove '~/src/deepseek-v41-tensorfold-spark/results/G11-20261003/data/s000146.npz': Permission denied
rm: cannot remove '~/src/deepseek-v41-tensorfold-spark/results/G11-20261003/data/s000503.taps.npy': Permission denied
rm: cannot remove '~/src/deepseek-v41-tensorfold-spark/results/G11-20261003/data/s000281.taps.npy': Permission denied
rm: cannot remove '~/src/deepseek-v41-tensorfold-spark/results/G11-20261003/data/s000297.npz': Permission denied
rm: cannot remove '~/src/deepseek-v41-tensorfold-spark/results/G11-20261003/data/s000299.npz': Permission denied
rm: cannot remove '~/src/deepseek-v41-tensorfold-spark/results/G11-20261003/data/s000069.taps.npy': Permission denied
rm: cannot remove '~/src/deepseek-v41-tensorfold-spark/results/G11-20261003/data/s000282.taps.npy': Permission denied
rm: cannot remove '~/src/deepseek-v41-tensorfold-spark/results/G11-20261003/data/s000365.npz': Permission denied
rm: cannot remove '~/src/deepseek-v41-tensorfold-spark/results/G11-20261003/data/s000545.npz': Permission denied
rm: cannot remove '~/src/deepseek-v41-tensorfold-spark/results/G11-20261003/data/s000465.taps.npy': Permission denied
rm: cannot remove '~/src/deepseek-v41-tensorfold-spark/results/G11-20261003/data/s000474.npz': Permission denied
rm: cannot remove '~/src/deepseek-v41-tensorfold-spark/results/G11-20261003/data/s000524.npz': Permission denied
rm: cannot remove '~/src/deepseek-v41-tensorfold-spark/results/G11-20261003/data/s000258.npz': Permission denied
rm: cannot remove '~/src/deepseek-v41-tensorfold-spark/results/G11-20261003/data/s000603.taps.npy': Permission denied
rm: cannot remove '~/src/deepseek-v41-tensorfold-spark/results/G11-20261003/data/s000400.taps.npy': Permission denied
rm: cannot remove '~/src/deepseek-v41-tensorfold-spark/results/G11-20261003/data/s000171.npz': Permission denied
rm: cannot remove '~/src/deepseek-v41-tensorfold-spark/results/G11-20261003/data/s000038.taps.npy': Permission denied
rm: cannot remove '~/src/deepseek-v41-tensorfold-spark/results/G11-20261003/data/s000043.taps.npy': Permission denied
rm: cannot remove '~/src/deepseek-v41-tensorfold-spark/results/G11-20261003/data/s000456.taps.npy': Permission denied
rm: cannot remove '~/src/deepseek-v41-tensorfold-spark/results/G11-20261003/data/s000027.npz': Permission denied
rm: cannot remove '~/src/deepseek-v41-tensorfold-spark/results/G11-20261003/data/s000224.npz': Permission denied
rm: cannot remove '~/src/deepseek-v41-tensorfold-spark/results/G11-20261003/data/s000549.npz': Permission denied
rm: cannot remove '~/src/deepseek-v41-tensorfold-spark/results/G11-20261003/data/s000287.taps.npy': Permission denied
rm: cannot remove '~/src/deepseek-v41-tensorfold-spark/results/G11-20261003/data/s000493.taps.npy': Permission denied
rm: cannot remove '~/src/deepseek-v41-tensorfold-spark/results/G11-20261003/data/s000263.npz': Permission denied
rm: cannot remove '~/src/deepseek-v41-tensorfold-spark/results/G11-20261003/data/s000484.taps.npy': Permission denied
rm: cannot remove '~/src/deepseek-v41-tensorfold-spark/results/G11-20261003/data/s000178.npz': Permission denied
rm: cannot remove '~/src/deepseek-v41-tensorfold-spark/results/G11-20261003/data/s000085.npz': Permission denied
rm: cannot remove '~/src/deepseek-v41-tensorfold-spark/results/G11-20261003/data/s000242.taps.npy': Permission denied
rm: cannot remove '~/src/deepseek-v41-tensorfold-spark/results/G11-20261003/data/s000597.npz': Permission denied
rm: cannot remove '~/src/deepseek-v41-tensorfold-spark/results/G11-20261003/data/s000423.npz': Permission denied
rm: cannot remove '~/src/deepseek-v41-tensorfold-spark/results/G11-20261003/data/s000244.taps.npy': Permission denied
rm: cannot remove '~/src/deepseek-v41-tensorfold-spark/results/G11-20261003/data/s000090.npz': Permission denied
rm: cannot remove '~/src/deepseek-v41-tensorfold-spark/results/G11-20261003/data/s000097.npz': Permission denied
rm: cannot remove '~/src/deepseek-v41-tensorfold-spark/results/G11-20261003/data/s000078.taps.npy': Permission denied
rm: cannot remove '~/src/deepseek-v41-tensorfold-spark/results/G11-20261003/data/s000412.taps.npy': Permission denied
rm: cannot remove '~/src/deepseek-v41-tensorfold-spark/results/G11-20261003/data/s000089.npz': Permission denied
rm: cannot remove '~/src/deepseek-v41-tensorfold-spark/results/G11-20261003/data/s000422.taps.npy': Permission denied
rm: cannot remove '~/src/deepseek-v41-tensorfold-spark/results/G11-20261003/data/s000356.npz': Permission denied
rm: cannot remove '~/src/deepseek-v41-tensorfold-spark/results/G11-20261003/data/s000238.taps.npy': Permission denied
rm: cannot remove '~/src/deepseek-v41-tensorfold-spark/results/G11-20261003/data/s000421.taps.npy': Permission denied
rm: cannot remove '~/src/deepseek-v41-tensorfold-spark/results/G11-20261003/data/s000078.npz': Permission denied
rm: cannot remove '~/src/deepseek-v41-tensorfold-spark/results/G11-20261003/data/s000260.npz': Permission denied
rm: cannot remove '~/src/deepseek-v41-tensorfold-spark/results/G11-20261003/data/s000326.npz': Permission denied
rm: cannot remove '~/src/deepseek-v41-tensorfold-spark/results/G11-20261003/data/s000260.taps.npy': Permission denied
rm: cannot remove '~/src/deepseek-v41-tensorfold-spark/results/G11-20261003/data/s000602.taps.npy': Permission denied
rm: cannot remove '~/src/deepseek-v41-tensorfold-spark/results/G11-20261003/data/s000100.taps.npy': Permission denied
rm: cannot remove '~/src/deepseek-v41-tensorfold-spark/results/G11-20261003/data/s000513.npz': Permission denied
rm: cannot remove '~/src/deepseek-v41-tensorfold-spark/results/G11-20261003/data/s000117.taps.npy': Permission denied
rm: cannot remove '~/src/deepseek-v41-tensorfold-spark/results/G11-20261003/data/s000395.taps.npy': Permission denied
rm: cannot remove '~/src/deepseek-v41-tensorfold-spark/results/G11-20261003/data/s000031.npz': Permission denied
rm: cannot remove '~/src/deepseek-v41-tensorfold-spark/results/G11-20261003/data/s000419.taps.npy': Permission denied
rm: cannot remove '~/src/deepseek-v41-tensorfold-spark/results/G11-20261003/data/s000601.taps.npy': Permission denied
rm: cannot remove '~/src/deepseek-v41-tensorfold-spark/results/G11-20261003/data/s000044.taps.npy': Permission denied
rm: cannot remove '~/src/deepseek-v41-tensorfold-spark/results/G11-20261003/data/s000405.taps.npy': Permission denied
rm: cannot remove '~/src/deepseek-v41-tensorfold-spark/results/G11-20261003/data/s000242.npz': Permission denied
rm: cannot remove '~/src/deepseek-v41-tensorfold-spark/results/G11-20261003/data/s000322.npz': Permission denied
rm: cannot remove '~/src/deepseek-v41-tensorfold-spark/results/G11-20261003/data/s000294.npz': Permission denied
rm: cannot remove '~/src/deepseek-v41-tensorfold-spark/results/G11-20261003/data/s000396.taps.npy': Permission denied
rm: cannot remove '~/src/deepseek-v41-tensorfold-spark/results/G11-20261003/data/s000165.npz': Permission denied
rm: cannot remove '~/src/deepseek-v41-tensorfold-spark/results/G11-20261003/data/s000542.npz': Permission denied
rm: cannot remove '~/src/deepseek-v41-tensorfold-spark/results/G11-20261003/data/s000380.npz': Permission denied
rm: cannot remove '~/src/deepseek-v41-tensorfold-spark/results/G11-20261003/data/s000130.taps.npy': Permission denied
rm: cannot remove '~/src/deepseek-v41-tensorfold-spark/results/G11-20261003/data/s000116.npz': Permission denied
rm: cannot remove '~/src/deepseek-v41-tensorfold-spark/results/G11-20261003/data/s000585.npz': Permission denied
rm: cannot remove '~/src/deepseek-v41-tensorfold-spark/results/G11-20261003/data/s000230.npz': Permission denied
rm: cannot remove '~/src/deepseek-v41-tensorfold-spark/results/G11-20261003/data/s000307.taps.npy': Permission denied
rm: cannot remove '~/src/deepseek-v41-tensorfold-spark/results/G11-20261003/data/s000270.taps.npy': Permission denied
rm: cannot remove '~/src/deepseek-v41-tensorfold-spark/results/G11-20261003/data/s000523.npz': Permission denied
rm: cannot remove '~/src/deepseek-v41-tensorfold-spark/results/G11-20261003/data/s000280.npz': Permission denied
rm: cannot remove '~/src/deepseek-v41-tensorfold-spark/results/G11-20261003/data/s000259.npz': Permission denied
rm: cannot remove '~/src/deepseek-v41-tensorfold-spark/results/G11-20261003/data/s000124.npz': Permission denied
rm: cannot remove '~/src/deepseek-v41-tensorfold-spark/results/G11-20261003/data/s000452.npz': Permission denied
rm: cannot remove '~/src/deepseek-v41-tensorfold-spark/results/G11-20261003/data/s000367.taps.npy': Permission denied
rm: cannot remove '~/src/deepseek-v41-tensorfold-spark/results/G11-20261003/data/s000393.npz': Permission denied
rm: cannot remove '~/src/deepseek-v41-tensorfold-spark/results/G11-20261003/data/s000462.taps.npy': Permission denied
rm: cannot remove '~/src/deepseek-v41-tensorfold-spark/results/G11-20261003/data/s000302.npz': Permission denied
rm: cannot remove '~/src/deepseek-v41-tensorfold-spark/results/G11-20261003/data/s000306.npz': Permission denied
rm: cannot remove '~/src/deepseek-v41-tensorfold-spark/results/G11-20261003/data/s000499.taps.npy': Permission denied
rm: cannot remove '~/src/deepseek-v41-tensorfold-spark/results/G11-20261003/data/s000545.taps.npy': Permission denied
rm: cannot remove '~/src/deepseek-v41-tensorfold-spark/results/G11-20261003/data/s000533.taps.npy': Permission denied
rm: cannot remove '~/src/deepseek-v41-tensorfold-spark/results/G11-20261003/data/s000387.taps.npy': Permission denied
rm: cannot remove '~/src/deepseek-v41-tensorfold-spark/results/G11-20261003/data/s000286.taps.npy': Permission denied
rm: cannot remove '~/src/deepseek-v41-tensorfold-spark/results/G11-20261003/data/s000071.taps.npy': Permission denied
rm: cannot remove '~/src/deepseek-v41-tensorfold-spark/results/G11-20261003/data/s000102.taps.npy': Permission denied
rm: cannot remove '~/src/deepseek-v41-tensorfold-spark/results/G11-20261003/data/s000430.npz': Permission denied
rm: cannot remove '~/src/deepseek-v41-tensorfold-spark/results/G11-20261003/data/s000448.npz': Permission denied
rm: cannot remove '~/src/deepseek-v41-tensorfold-spark/results/G11-20261003/data/s000464.npz': Permission denied
rm: cannot remove '~/src/deepseek-v41-tensorfold-spark/results/G11-20261003/data/s000086.taps.npy': Permission denied
rm: cannot remove '~/src/deepseek-v41-tensorfold-spark/results/G11-20261003/data/s000401.taps.npy': Permission denied
rm: cannot remove '~/src/deepseek-v41-tensorfold-spark/results/G11-20261003/data/s000590.taps.npy': Permission denied
rm: cannot remove '~/src/deepseek-v41-tensorfold-spark/results/G11-20261003/data/s000544.npz': Permission denied
rm: cannot remove '~/src/deepseek-v41-tensorfold-spark/results/G11-20261003/data/s000607.npz': Permission denied
rm: cannot remove '~/src/deepseek-v41-tensorfold-spark/results/G11-20261003/data/s000239.taps.npy': Permission denied
rm: cannot remove '~/src/deepseek-v41-tensorfold-spark/results/G11-20261003/data/s000387.npz': Permission denied
rm: cannot remove '~/src/deepseek-v41-tensorfold-spark/results/G11-20261003/data/s000053.taps.npy': Permission denied
rm: cannot remove '~/src/deepseek-v41-tensorfold-spark/results/G11-20261003/data/s000415.taps.npy': Permission denied
rm: cannot remove '~/src/deepseek-v41-tensorfold-spark/results/G11-20261003/data/s000240.npz': Permission denied
rm: cannot remove '~/src/deepseek-v41-tensorfold-spark/results/G11-20261003/data/s000276.npz': Permission denied
rm: cannot remove '~/src/deepseek-v41-tensorfold-spark/results/G11-20261003/data/s000497.npz': Permission denied
rm: cannot remove '~/src/deepseek-v41-tensorfold-spark/results/G11-20261003/data/s000073.taps.npy': Permission denied
rm: cannot remove '~/src/deepseek-v41-tensorfold-spark/results/G11-20261003/data/s000608.taps.npy': Permission denied
rm: cannot remove '~/src/deepseek-v41-tensorfold-spark/results/G11-20261003/data/s000264.npz': Permission denied
rm: cannot remove '~/src/deepseek-v41-tensorfold-spark/results/G11-20261003/data/s000348.npz': Permission denied
rm: cannot remove '~/src/deepseek-v41-tensorfold-spark/results/G11-20261003/data/s000443.npz': Permission denied
rm: cannot remove '~/src/deepseek-v41-tensorfold-spark/results/G11-20261003/data/s000491.npz': Permission denied
rm: cannot remove '~/src/deepseek-v41-tensorfold-spark/results/G11-20261003/data/s000355.npz': Permission denied
rm: cannot remove '~/src/deepseek-v41-tensorfold-spark/results/G11-20261003/data/s000274.npz': Permission denied
rm: cannot remove '~/src/deepseek-v41-tensorfold-spark/results/G11-20261003/data/s000488.taps.npy': Permission denied
rm: cannot remove '~/src/deepseek-v41-tensorfold-spark/results/G11-20261003/data/s000548.npz': Permission denied
rm: cannot remove '~/src/deepseek-v41-tensorfold-spark/results/G11-20261003/data/s000301.npz': Permission denied
rm: cannot remove '~/src/deepseek-v41-tensorfold-spark/results/G11-20261003/data/s000340.taps.npy': Permission denied
rm: cannot remove '~/src/deepseek-v41-tensorfold-spark/results/G11-20261003/data/s000608.npz': Permission denied
rm: cannot remove '~/src/deepseek-v41-tensorfold-spark/results/G11-20261003/data/s000515.taps.npy': Permission denied
rm: cannot remove '~/src/deepseek-v41-tensorfold-spark/results/G11-20261003/data/s000236.npz': Permission denied
rm: cannot remove '~/src/deepseek-v41-tensorfold-spark/results/G11-20261003/data/s000051.npz': Permission denied
rm: cannot remove '~/src/deepseek-v41-tensorfold-spark/results/G11-20261003/data/s000067.taps.npy': Permission denied
rm: cannot remove '~/src/deepseek-v41-tensorfold-spark/results/G11-20261003/data/s000426.taps.npy': Permission denied
rm: cannot remove '~/src/deepseek-v41-tensorfold-spark/results/G11-20261003/data/s000107.npz': Permission denied
rm: cannot remove '~/src/deepseek-v41-tensorfold-spark/results/G11-20261003/data/s000423.taps.npy': Permission denied
rm: cannot remove '~/src/deepseek-v41-tensorfold-spark/results/G11-20261003/data/s000390.taps.npy': Permission denied
rm: cannot remove '~/src/deepseek-v41-tensorfold-spark/results/G11-20261003/data/s000369.npz': Permission denied
rm: cannot remove '~/src/deepseek-v41-tensorfold-spark/results/G11-20261003/data/s000506.taps.npy': Permission denied
rm: cannot remove '~/src/deepseek-v41-tensorfold-spark/results/G11-20261003/data/s000157.taps.npy': Permission denied
rm: cannot remove '~/src/deepseek-v41-tensorfold-spark/results/G11-20261003/data/s000265.taps.npy': Permission denied
rm: cannot remove '~/src/deepseek-v41-tensorfold-spark/results/G11-20261003/data/s000414.npz': Permission denied
rm: cannot remove '~/src/deepseek-v41-tensorfold-spark/results/G11-20261003/data/s000491.taps.npy': Permission denied
rm: cannot remove '~/src/deepseek-v41-tensorfold-spark/results/G11-20261003/data/s000329.npz': Permission denied
rm: cannot remove '~/src/deepseek-v41-tensorfold-spark/results/G11-20261003/data/s000392.npz': Permission denied
rm: cannot remove '~/src/deepseek-v41-tensorfold-spark/results/G11-20261003/data/s000107.taps.npy': Permission denied
rm: cannot remove '~/src/deepseek-v41-tensorfold-spark/results/G11-20261003/data/s000029.taps.npy': Permission denied
rm: cannot remove '~/src/deepseek-v41-tensorfold-spark/results/G11-20261003/data/s000269.taps.npy': Permission denied
rm: cannot remove '~/src/deepseek-v41-tensorfold-spark/results/G11-20261003/data/s000267.npz': Permission denied
rm: cannot remove '~/src/deepseek-v41-tensorfold-spark/results/G11-20261003/data/s000073.npz': Permission denied
rm: cannot remove '~/src/deepseek-v41-tensorfold-spark/results/G11-20261003/data/s000388.taps.npy': Permission denied
rm: cannot remove '~/src/deepseek-v41-tensorfold-spark/results/G11-20261003/data/s000433.taps.npy': Permission denied
rm: cannot remove '~/src/deepseek-v41-tensorfold-spark/results/G11-20261003/data/s000083.taps.npy': Permission denied
rm: cannot remove '~/src/deepseek-v41-tensorfold-spark/results/G11-20261003/data/s000353.npz': Permission denied
rm: cannot remove '~/src/deepseek-v41-tensorfold-spark/results/G11-20261003/data/s000252.npz': Permission denied
rm: cannot remove '~/src/deepseek-v41-tensorfold-spark/results/G11-20261003/data/s000553.taps.npy': Permission denied
rm: cannot remove '~/src/deepseek-v41-tensorfold-spark/results/G11-20261003/data/s000327.npz': Permission denied
rm: cannot remove '~/src/deepseek-v41-tensorfold-spark/results/G11-20261003/data/s000323.taps.npy': Permission denied
rm: cannot remove '~/src/deepseek-v41-tensorfold-spark/results/G11-20261003/data/s000270.npz': Permission denied
rm: cannot remove '~/src/deepseek-v41-tensorfold-spark/results/G11-20261003/data/s000475.taps.npy': Permission denied
rm: cannot remove '~/src/deepseek-v41-tensorfold-spark/results/G11-20261003/data/s000064.taps.npy': Permission denied
rm: cannot remove '~/src/deepseek-v41-tensorfold-spark/results/G11-20261003/data/s000082.npz': Permission denied
rm: cannot remove '~/src/deepseek-v41-tensorfold-spark/results/G11-20261003/data/s000478.npz': Permission denied
rm: cannot remove '~/src/deepseek-v41-tensorfold-spark/results/G11-20261003/data/s000229.taps.npy': Permission denied
rm: cannot remove '~/src/deepseek-v41-tensorfold-spark/results/G11-20261003/data/s000168.npz': Permission denied
rm: cannot remove '~/src/deepseek-v41-tensorfold-spark/results/G11-20261003/data/s000086.npz': Permission denied
rm: cannot remove '~/src/deepseek-v41-tensorfold-spark/results/G11-20261003/data/s000200.npz': Permission denied
rm: cannot remove '~/src/deepseek-v41-tensorfold-spark/results/G11-20261003/data/s000555.npz': Permission denied
rm: cannot remove '~/src/deepseek-v41-tensorfold-spark/results/G11-20261003/data/s000555.taps.npy': Permission denied
rm: cannot remove '~/src/deepseek-v41-tensorfold-spark/results/G11-20261003/data/s000144.taps.npy': Permission denied
rm: cannot remove '~/src/deepseek-v41-tensorfold-spark/results/G11-20261003/data/s000456.npz': Permission denied
rm: cannot remove '~/src/deepseek-v41-tensorfold-spark/results/G11-20261003/data/s000141.npz': Permission denied
rm: cannot remove '~/src/deepseek-v41-tensorfold-spark/results/G11-20261003/data/s000513.taps.npy': Permission denied
rm: cannot remove '~/src/deepseek-v41-tensorfold-spark/results/G11-20261003/data/s000546.taps.npy': Permission denied
rm: cannot remove '~/src/deepseek-v41-tensorfold-spark/results/G11-20261003/data/s000326.taps.npy': Permission denied
rm: cannot remove '~/src/deepseek-v41-tensorfold-spark/results/G11-20261003/data/s000427.npz': Permission denied
rm: cannot remove '~/src/deepseek-v41-tensorfold-spark/results/G11-20261003/data/s000543.taps.npy': Permission denied
rm: cannot remove '~/src/deepseek-v41-tensorfold-spark/results/G11-20261003/data/s000444.npz': Permission denied
rm: cannot remove '~/src/deepseek-v41-tensorfold-spark/results/G11-20261003/data/s000336.npz': Permission denied
rm: cannot remove '~/src/deepseek-v41-tensorfold-spark/results/G11-20261003/data/s000294.taps.npy': Permission denied
rm: cannot remove '~/src/deepseek-v41-tensorfold-spark/results/G11-20261003/data/s000174.taps.npy': Permission denied
rm: cannot remove '~/src/deepseek-v41-tensorfold-spark/results/G11-20261003/data/s000458.taps.npy': Permission denied
rm: cannot remove '~/src/deepseek-v41-tensorfold-spark/results/G11-20261003/data/s000209.npz': Permission denied
rm: cannot remove '~/src/deepseek-v41-tensorfold-spark/results/G11-20261003/data/s000136.npz': Permission denied
rm: cannot remove '~/src/deepseek-v41-tensorfold-spark/results/G11-20261003/data/s000375.taps.npy': Permission denied
rm: cannot remove '~/src/deepseek-v41-tensorfold-spark/results/G11-20261003/data/s000026.npz': Permission denied
rm: cannot remove '~/src/deepseek-v41-tensorfold-spark/results/G11-20261003/data/s000214.npz': Permission denied
rm: cannot remove '~/src/deepseek-v41-tensorfold-spark/results/G11-20261003/data/s000135.npz': Permission denied
rm: cannot remove '~/src/deepseek-v41-tensorfold-spark/results/G11-20261003/data/s000366.taps.npy': Permission denied
rm: cannot remove '~/src/deepseek-v41-tensorfold-spark/results/G11-20261003/data/s000587.npz': Permission denied
rm: cannot remove '~/src/deepseek-v41-tensorfold-spark/results/G11-20261003/data/s000228.npz': Permission denied
rm: cannot remove '~/src/deepseek-v41-tensorfold-spark/results/G11-20261003/data/s000065.taps.npy': Permission denied
rm: cannot remove '~/src/deepseek-v41-tensorfold-spark/results/G11-20261003/data/s000466.npz': Permission denied
rm: cannot remove '~/src/deepseek-v41-tensorfold-spark/results/G11-20261003/data/s000100.npz': Permission denied
rm: cannot remove '~/src/deepseek-v41-tensorfold-spark/results/G11-20261003/data/s000185.npz': Permission denied
rm: cannot remove '~/src/deepseek-v41-tensorfold-spark/results/G11-20261003/data/s000300.npz': Permission denied
rm: cannot remove '~/src/deepseek-v41-tensorfold-spark/results/G11-20261003/data/s000241.npz': Permission denied
rm: cannot remove '~/src/deepseek-v41-tensorfold-spark/results/G11-20261003/data/s000346.taps.npy': Permission denied
rm: cannot remove '~/src/deepseek-v41-tensorfold-spark/results/G11-20261003/data/s000061.npz': Permission denied
rm: cannot remove '~/src/deepseek-v41-tensorfold-spark/results/G11-20261003/data/s000432.npz': Permission denied
rm: cannot remove '~/src/deepseek-v41-tensorfold-spark/results/G11-20261003/data/s000207.npz': Permission denied
rm: cannot remove '~/src/deepseek-v41-tensorfold-spark/results/G11-20261003/data/s000505.taps.npy': Permission denied
rm: cannot remove '~/src/deepseek-v41-tensorfold-spark/results/G11-20261003/data/s000389.taps.npy': Permission denied
rm: cannot remove '~/src/deepseek-v41-tensorfold-spark/results/G11-20261003/data/s000151.taps.npy': Permission denied
rm: cannot remove '~/src/deepseek-v41-tensorfold-spark/results/G11-20261003/data/s000123.npz': Permission denied
rm: cannot remove '~/src/deepseek-v41-tensorfold-spark/results/G11-20261003/data/s000402.taps.npy': Permission denied
rm: cannot remove '~/src/deepseek-v41-tensorfold-spark/results/G11-20261003/data/s000164.npz': Permission denied
rm: cannot remove '~/src/deepseek-v41-tensorfold-spark/results/G11-20261003/data/s000537.taps.npy': Permission denied
rm: cannot remove '~/src/deepseek-v41-tensorfold-spark/results/G11-20261003/data/s000304.taps.npy': Permission denied
rm: cannot remove '~/src/deepseek-v41-tensorfold-spark/results/G11-20261003/data/s000057.taps.npy': Permission denied
rm: cannot remove '~/src/deepseek-v41-tensorfold-spark/results/G11-20261003/data/s000453.npz': Permission denied
rm: cannot remove '~/src/deepseek-v41-tensorfold-spark/results/G11-20261003/data/s000110.taps.npy': Permission denied
rm: cannot remove '~/src/deepseek-v41-tensorfold-spark/results/G11-20261003/data/s000354.taps.npy': Permission denied
rm: cannot remove '~/src/deepseek-v41-tensorfold-spark/results/G11-20261003/data/s000451.npz': Permission denied
rm: cannot remove '~/src/deepseek-v41-tensorfold-spark/results/G11-20261003/data/s000551.taps.npy': Permission denied
rm: cannot remove '~/src/deepseek-v41-tensorfold-spark/results/G11-20261003/data/s000473.npz': Permission denied
rm: cannot remove '~/src/deepseek-v41-tensorfold-spark/results/G11-20261003/data/s000188.taps.npy': Permission denied
rm: cannot remove '~/src/deepseek-v41-tensorfold-spark/results/G11-20261003/data/s000317.taps.npy': Permission denied
rm: cannot remove '~/src/deepseek-v41-tensorfold-spark/results/G11-20261003/data/s000449.taps.npy': Permission denied
rm: cannot remove '~/src/deepseek-v41-tensorfold-spark/results/G11-20261003/data/s000391.npz': Permission denied
rm: cannot remove '~/src/deepseek-v41-tensorfold-spark/results/G11-20261003/data/s000384.npz': Permission denied
rm: cannot remove '~/src/deepseek-v41-tensorfold-spark/results/G11-20261003/data/s000077.taps.npy': Permission denied
rm: cannot remove '~/src/deepseek-v41-tensorfold-spark/results/G11-20261003/data/s000075.npz': Permission denied
rm: cannot remove '~/src/deepseek-v41-tensorfold-spark/results/G11-20261003/data/s000109.taps.npy': Permission denied
rm: cannot remove '~/src/deepseek-v41-tensorfold-spark/results/G11-20261003/data/s000067.npz': Permission denied
rm: cannot remove '~/src/deepseek-v41-tensorfold-spark/results/G11-20261003/data/s000143.npz': Permission denied
rm: cannot remove '~/src/deepseek-v41-tensorfold-spark/results/G11-20261003/data/s000514.npz': Permission denied
rm: cannot remove '~/src/deepseek-v41-tensorfold-spark/results/G11-20261003/data/s000559.npz': Permission denied
rm: cannot remove '~/src/deepseek-v41-tensorfold-spark/results/G11-20261003/data/s000593.taps.npy': Permission denied
rm: cannot remove '~/src/deepseek-v41-tensorfold-spark/results/G11-20261003/data/s000266.npz': Permission denied
rm: cannot remove '~/src/deepseek-v41-tensorfold-spark/results/G11-20261003/data/s000195.taps.npy': Permission denied
rm: cannot remove '~/src/deepseek-v41-tensorfold-spark/results/G11-20261003/data/s000319.taps.npy': Permission denied
rm: cannot remove '~/src/deepseek-v41-tensorfold-spark/results/G11-20261003/data/s000173.npz': Permission denied
rm: cannot remove '~/src/deepseek-v41-tensorfold-spark/results/G11-20261003/data/s000283.taps.npy': Permission denied
rm: cannot remove '~/src/deepseek-v41-tensorfold-spark/results/G11-20261003/data/s000447.npz': Permission denied
rm: cannot remove '~/src/deepseek-v41-tensorfold-spark/results/G11-20261003/data/s000292.npz': Permission denied
rm: cannot remove '~/src/deepseek-v41-tensorfold-spark/results/G11-20261003/data/s000101.npz': Permission denied
rm: cannot remove '~/src/deepseek-v41-tensorfold-spark/results/G11-20261003/data/s000313.taps.npy': Permission denied
rm: cannot remove '~/src/deepseek-v41-tensorfold-spark/results/G11-20261003/data/s000489.npz': Permission denied
rm: cannot remove '~/src/deepseek-v41-tensorfold-spark/results/G11-20261003/data/s000347.taps.npy': Permission denied
rm: cannot remove '~/src/deepseek-v41-tensorfold-spark/results/G11-20261003/data/s000462.npz': Permission denied
rm: cannot remove '~/src/deepseek-v41-tensorfold-spark/results/G11-20261003/data/s000357.taps.npy': Permission denied
rm: cannot remove '~/src/deepseek-v41-tensorfold-spark/results/G11-20261003/data/s000494.taps.npy': Permission denied
rm: cannot remove '~/src/deepseek-v41-tensorfold-spark/results/G11-20261003/data/s000129.npz': Permission denied
rm: cannot remove '~/src/deepseek-v41-tensorfold-spark/results/G11-20261003/data/s000214.taps.npy': Permission denied
rm: cannot remove '~/src/deepseek-v41-tensorfold-spark/results/G11-20261003/data/s000196.npz': Permission denied
rm: cannot remove '~/src/deepseek-v41-tensorfold-spark/results/G11-20261003/data/s000091.npz': Permission denied
rm: cannot remove '~/src/deepseek-v41-tensorfold-spark/results/G11-20261003/data/s000463.npz': Permission denied
rm: cannot remove '~/src/deepseek-v41-tensorfold-spark/results/G11-20261003/data/s000398.npz': Permission denied
rm: cannot remove '~/src/deepseek-v41-tensorfold-spark/results/G11-20261003/data/s000154.npz': Permission denied
rm: cannot remove '~/src/deepseek-v41-tensorfold-spark/results/G11-20261003/data/s000256.npz': Permission denied
rm: cannot remove '~/src/deepseek-v41-tensorfold-spark/results/G11-20261003/data/s000087.npz': Permission denied
rm: cannot remove '~/src/deepseek-v41-tensorfold-spark/results/G11-20261003/data/s000198.npz': Permission denied
rm: cannot remove '~/src/deepseek-v41-tensorfold-spark/results/G11-20261003/data/s000328.npz': Permission denied
rm: cannot remove '~/src/deepseek-v41-tensorfold-spark/results/G11-20261003/data/s000250.npz': Permission denied
rm: cannot remove '~/src/deepseek-v41-tensorfold-spark/results/G11-20261003/data/s000452.taps.npy': Permission denied
rm: cannot remove '~/src/deepseek-v41-tensorfold-spark/results/G11-20261003/data/s000344.npz': Permission denied
rm: cannot remove '~/src/deepseek-v41-tensorfold-spark/results/G11-20261003/data/s000257.taps.npy': Permission denied
rm: cannot remove '~/src/deepseek-v41-tensorfold-spark/results/G11-20261003/data/s000123.taps.npy': Permission denied
rm: cannot remove '~/src/deepseek-v41-tensorfold-spark/results/G11-20261003/data/s000268.taps.npy': Permission denied
rm: cannot remove '~/src/deepseek-v41-tensorfold-spark/results/G11-20261003/data/s000484.npz': Permission denied
rm: cannot remove '~/src/deepseek-v41-tensorfold-spark/results/G11-20261003/data/s000535.taps.npy': Permission denied
rm: cannot remove '~/src/deepseek-v41-tensorfold-spark/results/G11-20261003/data/s000318.npz': Permission denied
rm: cannot remove '~/src/deepseek-v41-tensorfold-spark/results/G11-20261003/data/s000252.taps.npy': Permission denied
rm: cannot remove '~/src/deepseek-v41-tensorfold-spark/results/G11-20261003/data/s000237.npz': Permission denied
rm: cannot remove '~/src/deepseek-v41-tensorfold-spark/results/G11-20261003/data/s000479.taps.npy': Permission denied
rm: cannot remove '~/src/deepseek-v41-tensorfold-spark/results/G11-20261003/data/s000144.npz': Permission denied
rm: cannot remove '~/src/deepseek-v41-tensorfold-spark/results/G11-20261003/data/s000115.npz': Permission denied
rm: cannot remove '~/src/deepseek-v41-tensorfold-spark/results/G11-20261003/data/s000167.npz': Permission denied
rm: cannot remove '~/src/deepseek-v41-tensorfold-spark/results/G11-20261003/data/s000384.taps.npy': Permission denied
rm: cannot remove '~/src/deepseek-v41-tensorfold-spark/results/G11-20261003/data/s000414.taps.npy': Permission denied
rm: cannot remove '~/src/deepseek-v41-tensorfold-spark/results/G11-20261003/data/s000386.taps.npy': Permission denied
rm: cannot remove '~/src/deepseek-v41-tensorfold-spark/results/G11-20261003/data/s000386.npz': Permission denied
rm: cannot remove '~/src/deepseek-v41-tensorfold-spark/results/G11-20261003/data/s000476.taps.npy': Permission denied
rm: cannot remove '~/src/deepseek-v41-tensorfold-spark/results/G11-20261003/data/s000329.taps.npy': Permission denied
rm: cannot remove '~/src/deepseek-v41-tensorfold-spark/results/G11-20261003/data/s000212.taps.npy': Permission denied
rm: cannot remove '~/src/deepseek-v41-tensorfold-spark/results/G11-20261003/data/s000479.npz': Permission denied
rm: cannot remove '~/src/deepseek-v41-tensorfold-spark/results/G11-20261003/data/s000139.npz': Permission denied
rm: cannot remove '~/src/deepseek-v41-tensorfold-spark/results/G11-20261003/data/s000278.npz': Permission denied
rm: cannot remove '~/src/deepseek-v41-tensorfold-spark/results/G11-20261003/data/s000485.npz': Permission denied
rm: cannot remove '~/src/deepseek-v41-tensorfold-spark/results/G11-20261003/data/s000360.npz': Permission denied
rm: cannot remove '~/src/deepseek-v41-tensorfold-spark/results/G11-20261003/data/s000279.taps.npy': Permission denied
rm: cannot remove '~/src/deepseek-v41-tensorfold-spark/results/G11-20261003/data/s000422.npz': Permission denied
rm: cannot remove '~/src/deepseek-v41-tensorfold-spark/results/G11-20261003/data/s000350.taps.npy': Permission denied
rm: cannot remove '~/src/deepseek-v41-tensorfold-spark/results/G11-20261003/data/s000522.npz': Permission denied
rm: cannot remove '~/src/deepseek-v41-tensorfold-spark/results/G11-20261003/data/s000184.npz': Permission denied
rm: cannot remove '~/src/deepseek-v41-tensorfold-spark/results/G11-20261003/data/s000240.taps.npy': Permission denied
rm: cannot remove '~/src/deepseek-v41-tensorfold-spark/results/G11-20261003/data/s000399.taps.npy': Permission denied
rm: cannot remove '~/src/deepseek-v41-tensorfold-spark/results/G11-20261003/data/s000201.taps.npy': Permission denied
rm: cannot remove '~/src/deepseek-v41-tensorfold-spark/results/G11-20261003/data/s000411.taps.npy': Permission denied
rm: cannot remove '~/src/deepseek-v41-tensorfold-spark/results/G11-20261003/data/s000199.taps.npy': Permission denied
rm: cannot remove '~/src/deepseek-v41-tensorfold-spark/results/G11-20261003/data/s000487.npz': Permission denied
rm: cannot remove '~/src/deepseek-v41-tensorfold-spark/results/G11-20261003/data/s000200.taps.npy': Permission denied
rm: cannot remove '~/src/deepseek-v41-tensorfold-spark/results/G11-20261003/data/s000208.taps.npy': Permission denied
rm: cannot remove '~/src/deepseek-v41-tensorfold-spark/results/G11-20261003/data/s000189.taps.npy': Permission denied
rm: cannot remove '~/src/deepseek-v41-tensorfold-spark/results/G11-20261003/data/s000303.taps.npy': Permission denied
rm: cannot remove '~/src/deepseek-v41-tensorfold-spark/results/G11-20261003/data/s000137.taps.npy': Permission denied
rm: cannot remove '~/src/deepseek-v41-tensorfold-spark/results/G11-20261003/data/s000051.taps.npy': Permission denied
rm: cannot remove '~/src/deepseek-v41-tensorfold-spark/results/G11-20261003/data/s000371.npz': Permission denied
rm: cannot remove '~/src/deepseek-v41-tensorfold-spark/results/G11-20261003/data/s000133.taps.npy': Permission denied
rm: cannot remove '~/src/deepseek-v41-tensorfold-spark/results/G11-20261003/data/s000180.taps.npy': Permission denied
rm: cannot remove '~/src/deepseek-v41-tensorfold-spark/results/G11-20261003/data/s000519.taps.npy': Permission denied
rm: cannot remove '~/src/deepseek-v41-tensorfold-spark/results/G11-20261003/data/s000588.npz': Permission denied
rm: cannot remove '~/src/deepseek-v41-tensorfold-spark/results/G11-20261003/data/s000363.npz': Permission denied
rm: cannot remove '~/src/deepseek-v41-tensorfold-spark/results/G11-20261003/data/s000160.npz': Permission denied
rm: cannot remove '~/src/deepseek-v41-tensorfold-spark/results/G11-20261003/data/s000504.npz': Permission denied
rm: cannot remove '~/src/deepseek-v41-tensorfold-spark/results/G11-20261003/data/s000247.taps.npy': Permission denied
rm: cannot remove '~/src/deepseek-v41-tensorfold-spark/results/G11-20261003/data/s000296.npz': Permission denied
rm: cannot remove '~/src/deepseek-v41-tensorfold-spark/results/G11-20261003/data/s000229.npz': Permission denied
rm: cannot remove '~/src/deepseek-v41-tensorfold-spark/results/G11-20261003/data/s000331.npz': Permission denied
rm: cannot remove '~/src/deepseek-v41-tensorfold-spark/results/G11-20261003/data/s000080.npz': Permission denied
rm: cannot remove '~/src/deepseek-v41-tensorfold-spark/results/G11-20261003/data/s000113.taps.npy': Permission denied
rm: cannot remove '~/src/deepseek-v41-tensorfold-spark/results/G11-20261003/data/s000222.taps.npy': Permission denied
rm: cannot remove '~/src/deepseek-v41-tensorfold-spark/results/G11-20261003/data/s000266.taps.npy': Permission denied
rm: cannot remove '~/src/deepseek-v41-tensorfold-spark/results/G11-20261003/data/s000045.npz': Permission denied
rm: cannot remove '~/src/deepseek-v41-tensorfold-spark/results/G11-20261003/data/s000487.taps.npy': Permission denied
rm: cannot remove '~/src/deepseek-v41-tensorfold-spark/results/G11-20261003/data/s000030.taps.npy': Permission denied
rm: cannot remove '~/src/deepseek-v41-tensorfold-spark/results/G11-20261003/data/s000298.taps.npy': Permission denied
rm: cannot remove '~/src/deepseek-v41-tensorfold-spark/results/G11-20261003/data/s000094.taps.npy': Permission denied
rm: cannot remove '~/src/deepseek-v41-tensorfold-spark/results/G11-20261003/data/s000602.npz': Permission denied
rm: cannot remove '~/src/deepseek-v41-tensorfold-spark/results/G11-20261003/data/s000125.npz': Permission denied
rm: cannot remove '~/src/deepseek-v41-tensorfold-spark/results/G11-20261003/data/s000137.npz': Permission denied
rm: cannot remove '~/src/deepseek-v41-tensorfold-spark/results/G11-20261003/data/s000351.npz': Permission denied
rm: cannot remove '~/src/deepseek-v41-tensorfold-spark/results/G11-20261003/data/s000325.taps.npy': Permission denied
rm: cannot remove '~/src/deepseek-v41-tensorfold-spark/results/G11-20261003/data/s000341.taps.npy': Permission denied
rm: cannot remove '~/src/deepseek-v41-tensorfold-spark/results/G11-20261003/data/s000056.npz': Permission denied
rm: cannot remove '~/src/deepseek-v41-tensorfold-spark/results/G11-20261003/data/s000198.taps.npy': Permission denied
rm: cannot remove '~/src/deepseek-v41-tensorfold-spark/results/G11-20261003/data/s000539.npz': Permission denied
rm: cannot remove '~/src/deepseek-v41-tensorfold-spark/results/G11-20261003/data/s000603.npz': Permission denied
rm: cannot remove '~/src/deepseek-v41-tensorfold-spark/results/G11-20261003/data/s000208.npz': Permission denied
rm: cannot remove '~/src/deepseek-v41-tensorfold-spark/results/G11-20261003/data/s000196.taps.npy': Permission denied
rm: cannot remove '~/src/deepseek-v41-tensorfold-spark/results/G11-20261003/data/s000594.npz': Permission denied
rm: cannot remove '~/src/deepseek-v41-tensorfold-spark/results/G11-20261003/data/s000176.taps.npy': Permission denied
rm: cannot remove '~/src/deepseek-v41-tensorfold-spark/results/G11-20261003/data/s000489.taps.npy': Permission denied
rm: cannot remove '~/src/deepseek-v41-tensorfold-spark/results/G11-20261003/data/s000146.taps.npy': Permission denied
rm: cannot remove '~/src/deepseek-v41-tensorfold-spark/results/G11-20261003/data/s000118.npz': Permission denied
rm: cannot remove '~/src/deepseek-v41-tensorfold-spark/results/G11-20261003/data/s000532.npz': Permission denied
rm: cannot remove '~/src/deepseek-v41-tensorfold-spark/results/G11-20261003/data/s000322.taps.npy': Permission denied
rm: cannot remove '~/src/deepseek-v41-tensorfold-spark/results/G11-20261003/data/s000108.taps.npy': Permission denied
rm: cannot remove '~/src/deepseek-v41-tensorfold-spark/results/G11-20261003/data/s000604.taps.npy': Permission denied
rm: cannot remove '~/src/deepseek-v41-tensorfold-spark/results/G11-20261003/data/s000054.taps.npy': Permission denied
rm: cannot remove '~/src/deepseek-v41-tensorfold-spark/results/G11-20261003/data/s000434.taps.npy': Permission denied
rm: cannot remove '~/src/deepseek-v41-tensorfold-spark/results/G11-20261003/data/s000114.npz': Permission denied
rm: cannot remove '~/src/deepseek-v41-tensorfold-spark/results/G11-20261003/data/s000385.npz': Permission denied
rm: cannot remove '~/src/deepseek-v41-tensorfold-spark/results/G11-20261003/data/s000441.taps.npy': Permission denied
rm: cannot remove '~/src/deepseek-v41-tensorfold-spark/results/G11-20261003/data/s000342.taps.npy': Permission denied
rm: cannot remove '~/src/deepseek-v41-tensorfold-spark/results/G11-20261003/data/s000441.npz': Permission denied
rm: cannot remove '~/src/deepseek-v41-tensorfold-spark/results/G11-20261003/data/s000173.taps.npy': Permission denied
rm: cannot remove '~/src/deepseek-v41-tensorfold-spark/results/G11-20261003/data/s000228.taps.npy': Permission denied
rm: cannot remove '~/src/deepseek-v41-tensorfold-spark/results/G11-20261003/data/s000094.npz': Permission denied
rm: cannot remove '~/src/deepseek-v41-tensorfold-spark/results/G11-20261003/data/s000404.taps.npy': Permission denied
rm: cannot remove '~/src/deepseek-v41-tensorfold-spark/results/G11-20261003/data/s000465.npz': Permission denied
rm: cannot remove '~/src/deepseek-v41-tensorfold-spark/results/G11-20261003/data/s000450.npz': Permission denied
rm: cannot remove '~/src/deepseek-v41-tensorfold-spark/results/G11-20261003/data/s000088.npz': Permission denied
rm: cannot remove '~/src/deepseek-v41-tensorfold-spark/results/G11-20261003/data/s000500.taps.npy': Permission denied
rm: cannot remove '~/src/deepseek-v41-tensorfold-spark/results/G11-20261003/data/s000161.npz': Permission denied
rm: cannot remove '~/src/deepseek-v41-tensorfold-spark/results/G11-20261003/data/s000238.npz': Permission denied
rm: cannot remove '~/src/deepseek-v41-tensorfold-spark/results/G11-20261003/data/s000085.taps.npy': Permission denied
rm: cannot remove '~/src/deepseek-v41-tensorfold-spark/results/G11-20261003/data/s000271.taps.npy': Permission denied
rm: cannot remove '~/src/deepseek-v41-tensorfold-spark/results/G11-20261003/data/s000476.npz': Permission denied
rm: cannot remove '~/src/deepseek-v41-tensorfold-spark/results/G11-20261003/data/s000438.taps.npy': Permission denied
rm: cannot remove '~/src/deepseek-v41-tensorfold-spark/results/G11-20261003/data/s000206.taps.npy': Permission denied
rm: cannot remove '~/src/deepseek-v41-tensorfold-spark/results/G11-20261003/data/s000234.npz': Permission denied
rm: cannot remove '~/src/deepseek-v41-tensorfold-spark/results/G11-20261003/data/s000309.taps.npy': Permission denied
rm: cannot remove '~/src/deepseek-v41-tensorfold-spark/results/G11-20261003/data/s000098.taps.npy': Permission denied
rm: cannot remove '~/src/deepseek-v41-tensorfold-spark/results/G11-20261003/data/s000500.npz': Permission denied
rm: cannot remove '~/src/deepseek-v41-tensorfold-spark/results/G11-20261003/data/s000481.taps.npy': Permission denied
rm: cannot remove '~/src/deepseek-v41-tensorfold-spark/results/G11-20261003/data/s000072.taps.npy': Permission denied
rm: cannot remove '~/src/deepseek-v41-tensorfold-spark/results/G11-20261003/data/s000408.npz': Permission denied
rm: cannot remove '~/src/deepseek-v41-tensorfold-spark/results/G11-20261003/data/s000206.npz': Permission denied
rm: cannot remove '~/src/deepseek-v41-tensorfold-spark/results/G11-20261003/data/s000446.taps.npy': Permission denied
rm: cannot remove '~/src/deepseek-v41-tensorfold-spark/results/G11-20261003/data/s000231.taps.npy': Permission denied
rm: cannot remove '~/src/deepseek-v41-tensorfold-spark/results/G11-20261003/data/s000047.npz': Permission denied
rm: cannot remove '~/src/deepseek-v41-tensorfold-spark/results/G11-20261003/data/s000081.taps.npy': Permission denied
rm: cannot remove '~/src/deepseek-v41-tensorfold-spark/results/G11-20261003/data/s000440.npz': Permission denied
rm: cannot remove '~/src/deepseek-v41-tensorfold-spark/results/G11-20261003/data/s000059.npz': Permission denied
rm: cannot remove '~/src/deepseek-v41-tensorfold-spark/results/G11-20261003/data/s000308.taps.npy': Permission denied
rm: cannot remove '~/src/deepseek-v41-tensorfold-spark/results/G11-20261003/data/s000215.npz': Permission denied
rm: cannot remove '~/src/deepseek-v41-tensorfold-spark/results/G11-20261003/data/s000526.taps.npy': Permission denied
rm: cannot remove '~/src/deepseek-v41-tensorfold-spark/results/G11-20261003/data/s000261.taps.npy': Permission denied
rm: cannot remove '~/src/deepseek-v41-tensorfold-spark/results/G11-20261003/data/s000443.taps.npy': Permission denied
rm: cannot remove '~/src/deepseek-v41-tensorfold-spark/results/G11-20261003/data/s000436.npz': Permission denied
rm: cannot remove '~/src/deepseek-v41-tensorfold-spark/results/G11-20261003/data/s000457.npz': Permission denied
rm: cannot remove '~/src/deepseek-v41-tensorfold-spark/results/G11-20261003/data/s000340.npz': Permission denied
rm: cannot remove '~/src/deepseek-v41-tensorfold-spark/results/G11-20261003/data/s000274.taps.npy': Permission denied
rm: cannot remove '~/src/deepseek-v41-tensorfold-spark/results/G11-20261003/data/s000595.taps.npy': Permission denied
rm: cannot remove '~/src/deepseek-v41-tensorfold-spark/results/G11-20261003/data/s000394.npz': Permission denied
rm: cannot remove '~/src/deepseek-v41-tensorfold-spark/results/G11-20261003/data/s000425.taps.npy': Permission denied
rm: cannot remove '~/src/deepseek-v41-tensorfold-spark/results/G11-20261003/data/s000193.taps.npy': Permission denied
rm: cannot remove '~/src/deepseek-v41-tensorfold-spark/results/G11-20261003/data/s000405.npz': Permission denied
rm: cannot remove '~/src/deepseek-v41-tensorfold-spark/results/G11-20261003/data/s000335.taps.npy': Permission denied
rm: cannot remove '~/src/deepseek-v41-tensorfold-spark/results/G11-20261003/data/s000330.taps.npy': Permission denied
rm: cannot remove '~/src/deepseek-v41-tensorfold-spark/results/G11-20261003/data/s000520.taps.npy': Permission denied
rm: cannot remove '~/src/deepseek-v41-tensorfold-spark/results/G11-20261003/data/s000057.npz': Permission denied
rm: cannot remove '~/src/deepseek-v41-tensorfold-spark/results/G11-20261003/data/s000468.npz': Permission denied
rm: cannot remove '~/src/deepseek-v41-tensorfold-spark/results/G11-20261003/data/s000277.taps.npy': Permission denied
rm: cannot remove '~/src/deepseek-v41-tensorfold-spark/results/G11-20261003/data/s000368.npz': Permission denied
rm: cannot remove '~/src/deepseek-v41-tensorfold-spark/results/G11-20261003/data/s000037.npz': Permission denied
rm: cannot remove '~/src/deepseek-v41-tensorfold-spark/results/G11-20261003/data/s000605.taps.npy': Permission denied
rm: cannot remove '~/src/deepseek-v41-tensorfold-spark/results/G11-20261003/data/s000207.taps.npy': Permission denied
rm: cannot remove '~/src/deepseek-v41-tensorfold-spark/results/G11-20261003/data/s000276.taps.npy': Permission denied
rm: cannot remove '~/src/deepseek-v41-tensorfold-spark/results/G11-20261003/data/s000033.taps.npy': Permission denied
rm: cannot remove '~/src/deepseek-v41-tensorfold-spark/results/G11-20261003/data/s000377.taps.npy': Permission denied
rm: cannot remove '~/src/deepseek-v41-tensorfold-spark/results/G11-20261003/data/s000218.taps.npy': Permission denied
rm: cannot remove '~/src/deepseek-v41-tensorfold-spark/results/G11-20261003/data/s000167.taps.npy': Permission denied
rm: cannot remove '~/src/deepseek-v41-tensorfold-spark/results/G11-20261003/data/s000223.taps.npy': Permission denied
rm: cannot remove '~/src/deepseek-v41-tensorfold-spark/results/G11-20261003/data/s000246.npz': Permission denied
rm: cannot remove '~/src/deepseek-v41-tensorfold-spark/results/G11-20261003/data/s000432.taps.npy': Permission denied
rm: cannot remove '~/src/deepseek-v41-tensorfold-spark/results/G11-20261003/data/s000542.taps.npy': Permission denied
rm: cannot remove '~/src/deepseek-v41-tensorfold-spark/results/G11-20261003/data/s000237.taps.npy': Permission denied
rm: cannot remove '~/src/deepseek-v41-tensorfold-spark/results/G11-20261003/data/s000585.taps.npy': Permission denied
rm: cannot remove '~/src/deepseek-v41-tensorfold-spark/results/G11-20261003/data/s000332.npz': Permission denied
rm: cannot remove '~/src/deepseek-v41-tensorfold-spark/results/G11-20261003/data/s000249.npz': Permission denied
rm: cannot remove '~/src/deepseek-v41-tensorfold-spark/results/G11-20261003/data/s000339.taps.npy': Permission denied
rm: cannot remove '~/src/deepseek-v41-tensorfold-spark/results/G11-20261003/data/s000159.taps.npy': Permission denied
rm: cannot remove '~/src/deepseek-v41-tensorfold-spark/results/G11-20261003/data/s000512.taps.npy': Permission denied
rm: cannot remove '~/src/deepseek-v41-tensorfold-spark/results/G11-20261003/data/s000112.taps.npy': Permission denied
rm: cannot remove '~/src/deepseek-v41-tensorfold-spark/results/G11-20261003/data/s000589.npz': Permission denied
rm: cannot remove '~/src/deepseek-v41-tensorfold-spark/results/G11-20261003/data/s000310.npz': Permission denied
rm: cannot remove '~/src/deepseek-v41-tensorfold-spark/results/G11-20261003/data/s000138.taps.npy': Permission denied
rm: cannot remove '~/src/deepseek-v41-tensorfold-spark/results/G11-20261003/data/s000293.taps.npy': Permission denied
rm: cannot remove '~/src/deepseek-v41-tensorfold-spark/results/G11-20261003/data/s000040.taps.npy': Permission denied
rm: cannot remove '~/src/deepseek-v41-tensorfold-spark/results/G11-20261003/data/s000159.npz': Permission denied
rm: cannot remove '~/src/deepseek-v41-tensorfold-spark/results/G11-20261003/data/s000035.npz': Permission denied
rm: cannot remove '~/src/deepseek-v41-tensorfold-spark/results/G11-20261003/data/s000152.taps.npy': Permission denied
rm: cannot remove '~/src/deepseek-v41-tensorfold-spark/results/G11-20261003/data/s000475.npz': Permission denied
rm: cannot remove '~/src/deepseek-v41-tensorfold-spark/results/G11-20261003/data/s000364.npz': Permission denied
rm: cannot remove '~/src/deepseek-v41-tensorfold-spark/results/G11-20261003/data/s000106.taps.npy': Permission denied
rm: cannot remove '~/src/deepseek-v41-tensorfold-spark/results/G11-20261003/data/s000063.npz': Permission denied
rm: cannot remove '~/src/deepseek-v41-tensorfold-spark/results/G11-20261003/data/s000521.taps.npy': Permission denied
rm: cannot remove '~/src/deepseek-v41-tensorfold-spark/results/G11-20261003/data/s000459.npz': Permission denied
rm: cannot remove '~/src/deepseek-v41-tensorfold-spark/results/G11-20261003/data/s000177.npz': Permission denied
rm: cannot remove '~/src/deepseek-v41-tensorfold-spark/results/G11-20261003/data/s000232.taps.npy': Permission denied
rm: cannot remove '~/src/deepseek-v41-tensorfold-spark/results/G11-20261003/data/s000547.npz': Permission denied
rm: cannot remove '~/src/deepseek-v41-tensorfold-spark/results/G11-20261003/data/s000124.taps.npy': Permission denied
rm: cannot remove '~/src/deepseek-v41-tensorfold-spark/results/G11-20261003/data/s000530.taps.npy': Permission denied
rm: cannot remove '~/src/deepseek-v41-tensorfold-spark/results/G11-20261003/data/s000420.taps.npy': Permission denied
rm: cannot remove '~/src/deepseek-v41-tensorfold-spark/results/G11-20261003/data/s000391.taps.npy': Permission denied
rm: cannot remove '~/src/deepseek-v41-tensorfold-spark/results/G11-20261003/data/s000363.taps.npy': Permission denied
rm: cannot remove '~/src/deepseek-v41-tensorfold-spark/results/G11-20261003/data/s000364.taps.npy': Permission denied
rm: cannot remove '~/src/deepseek-v41-tensorfold-spark/results/G11-20261003/data/s000398.taps.npy': Permission denied
rm: cannot remove '~/src/deepseek-v41-tensorfold-spark/results/G11-20261003/data/s000396.npz': Permission denied
rm: cannot remove '~/src/deepseek-v41-tensorfold-spark/results/G11-20261003/data/s000437.taps.npy': Permission denied
rm: cannot remove '~/src/deepseek-v41-tensorfold-spark/results/G11-20261003/data/s000335.npz': Permission denied
rm: cannot remove '~/src/deepseek-v41-tensorfold-spark/results/G11-20261003/data/s000460.taps.npy': Permission denied
rm: cannot remove '~/src/deepseek-v41-tensorfold-spark/results/G11-20261003/data/s000246.taps.npy': Permission denied
rm: cannot remove '~/src/deepseek-v41-tensorfold-spark/results/G11-20261003/data/s000607.taps.npy': Permission denied
rm: cannot remove '~/src/deepseek-v41-tensorfold-spark/results/G11-20261003/data/s000300.taps.npy': Permission denied
rm: cannot remove '~/src/deepseek-v41-tensorfold-spark/results/G11-20261003/data/s000072.npz': Permission denied
rm: cannot remove '~/src/deepseek-v41-tensorfold-spark/results/G11-20261003/data/s000483.npz': Permission denied
rm: cannot remove '~/src/deepseek-v41-tensorfold-spark/results/G11-20261003/data/s000231.npz': Permission denied
rm: cannot remove '~/src/deepseek-v41-tensorfold-spark/results/G11-20261003/data/s000060.npz': Permission denied
rm: cannot remove '~/src/deepseek-v41-tensorfold-spark/results/G11-20261003/data/s000495.taps.npy': Permission denied
rm: cannot remove '~/src/deepseek-v41-tensorfold-spark/results/G11-20261003/data/s000599.npz': Permission denied
rm: cannot remove '~/src/deepseek-v41-tensorfold-spark/results/G11-20261003/data/s000345.taps.npy': Permission denied
rm: cannot remove '~/src/deepseek-v41-tensorfold-spark/results/G11-20261003/data/s000509.taps.npy': Permission denied
rm: cannot remove '~/src/deepseek-v41-tensorfold-spark/results/G11-20261003/data/s000272.taps.npy': Permission denied
rm: cannot remove '~/src/deepseek-v41-tensorfold-spark/results/G11-20261003/data/s000544.taps.npy': Permission denied
rm: cannot remove '~/src/deepseek-v41-tensorfold-spark/results/G11-20261003/data/s000055.npz': Permission denied
rm: cannot remove '~/src/deepseek-v41-tensorfold-spark/results/G11-20261003/data/s000528.npz': Permission denied
rm: cannot remove '~/src/deepseek-v41-tensorfold-spark/results/G11-20261003/data/s000103.npz': Permission denied
rm: cannot remove '~/src/deepseek-v41-tensorfold-spark/results/G11-20261003/data/s000223.npz': Permission denied
rm: cannot remove '~/src/deepseek-v41-tensorfold-spark/results/G11-20261003/data/s000404.npz': Permission denied
rm: cannot remove '~/src/deepseek-v41-tensorfold-spark/results/G11-20261003/data/s000358.npz': Permission denied
rm: cannot remove '~/src/deepseek-v41-tensorfold-spark/results/G11-20261003/data/s000507.npz': Permission denied
rm: cannot remove '~/src/deepseek-v41-tensorfold-spark/results/G11-20261003/data/s000397.npz': Permission denied
rm: cannot remove '~/src/deepseek-v41-tensorfold-spark/results/G11-20261003/data/s000445.npz': Permission denied
rm: cannot remove '~/src/deepseek-v41-tensorfold-spark/results/G11-20261003/data/s000188.npz': Permission denied
rm: cannot remove '~/src/deepseek-v41-tensorfold-spark/results/G11-20261003/data/s000033.npz': Permission denied
rm: cannot remove '~/src/deepseek-v41-tensorfold-spark/results/G11-20261003/data/s000222.npz': Permission denied
rm: cannot remove '~/src/deepseek-v41-tensorfold-spark/results/G11-20261003/data/s000522.taps.npy': Permission denied
rm: cannot remove '~/src/deepseek-v41-tensorfold-spark/results/G11-20261003/data/s000338.taps.npy': Permission denied
rm: cannot remove '~/src/deepseek-v41-tensorfold-spark/results/G11-20261003/data/s000035.taps.npy': Permission denied
rm: cannot remove '~/src/deepseek-v41-tensorfold-spark/results/G11-20261003/data/s000204.npz': Permission denied
rm: cannot remove '~/src/deepseek-v41-tensorfold-spark/results/G11-20261003/data/s000293.npz': Permission denied
rm: cannot remove '~/src/deepseek-v41-tensorfold-spark/results/G11-20261003/data/s000532.taps.npy': Permission denied
rm: cannot remove '~/src/deepseek-v41-tensorfold-spark/results/G11-20261003/data/s000435.npz': Permission denied
rm: cannot remove '~/src/deepseek-v41-tensorfold-spark/results/G11-20261003/data/s000431.taps.npy': Permission denied
rm: cannot remove '~/src/deepseek-v41-tensorfold-spark/results/G11-20261003/data/s000148.npz': Permission denied
rm: cannot remove '~/src/deepseek-v41-tensorfold-spark/results/G11-20261003/data/s000149.npz': Permission denied
rm: cannot remove '~/src/deepseek-v41-tensorfold-spark/results/G11-20261003/data/s000531.npz': Permission denied
rm: cannot remove '~/src/deepseek-v41-tensorfold-spark/results/G11-20261003/data/s000407.npz': Permission denied
rm: cannot remove '~/src/deepseek-v41-tensorfold-spark/results/G11-20261003/data/s000145.taps.npy': Permission denied
rm: cannot remove '~/src/deepseek-v41-tensorfold-spark/results/G11-20261003/data/s000365.taps.npy': Permission denied
rm: cannot remove '~/src/deepseek-v41-tensorfold-spark/results/G11-20261003/data/s000049.npz': Permission denied
rm: cannot remove '~/src/deepseek-v41-tensorfold-spark/results/G11-20261003/data/s000350.npz': Permission denied
rm: cannot remove '~/src/deepseek-v41-tensorfold-spark/results/G11-20261003/data/s000047.taps.npy': Permission denied
rm: cannot remove '~/src/deepseek-v41-tensorfold-spark/results/G11-20261003/data/s000131.taps.npy': Permission denied
rm: cannot remove '~/src/deepseek-v41-tensorfold-spark/results/G11-20261003/data/s000136.taps.npy': Permission denied
rm: cannot remove '~/src/deepseek-v41-tensorfold-spark/results/G11-20261003/data/s000139.taps.npy': Permission denied
rm: cannot remove '~/src/deepseek-v41-tensorfold-spark/results/G11-20261003/data/s000517.taps.npy': Permission denied
rm: cannot remove '~/src/deepseek-v41-tensorfold-spark/results/G11-20261003/data/s000355.taps.npy': Permission denied
rm: cannot remove '~/src/deepseek-v41-tensorfold-spark/results/G11-20261003/data/s000388.npz': Permission denied
rm: cannot remove '~/src/deepseek-v41-tensorfold-spark/results/G11-20261003/data/s000202.taps.npy': Permission denied
rm: cannot remove '~/src/deepseek-v41-tensorfold-spark/results/G11-20261003/data/s000361.npz': Permission denied
rm: cannot remove '~/src/deepseek-v41-tensorfold-spark/results/G11-20261003/data/s000220.taps.npy': Permission denied
rm: cannot remove '~/src/deepseek-v41-tensorfold-spark/results/G11-20261003/data/s000113.npz': Permission denied
rm: cannot remove '~/src/deepseek-v41-tensorfold-spark/results/G11-20261003/data/s000455.npz': Permission denied
rm: cannot remove '~/src/deepseek-v41-tensorfold-spark/results/G11-20261003/data/s000226.npz': Permission denied
rm: cannot remove '~/src/deepseek-v41-tensorfold-spark/results/G11-20261003/data/s000258.taps.npy': Permission denied
rm: cannot remove '~/src/deepseek-v41-tensorfold-spark/results/G11-20261003/data/s000410.npz': Permission denied
rm: cannot remove '~/src/deepseek-v41-tensorfold-spark/results/G11-20261003/data/s000439.taps.npy': Permission denied
rm: cannot remove '~/src/deepseek-v41-tensorfold-spark/results/G11-20261003/data/s000160.taps.npy': Permission denied
rm: cannot remove '~/src/deepseek-v41-tensorfold-spark/results/G11-20261003/data/s000433.npz': Permission denied
rm: cannot remove '~/src/deepseek-v41-tensorfold-spark/results/G11-20261003/data/s000256.taps.npy': Permission denied
rm: cannot remove '~/src/deepseek-v41-tensorfold-spark/results/G11-20261003/data/s000305.npz': Permission denied
rm: cannot remove '~/src/deepseek-v41-tensorfold-spark/results/G11-20261003/data/s000286.npz': Permission denied
rm: cannot remove '~/src/deepseek-v41-tensorfold-spark/results/G11-20261003/data/s000076.npz': Permission denied
rm: cannot remove '~/src/deepseek-v41-tensorfold-spark/results/G11-20261003/data/s000082.taps.npy': Permission denied
rm: cannot remove '~/src/deepseek-v41-tensorfold-spark/results/G11-20261003/data/s000197.npz': Permission denied
rm: cannot remove '~/src/deepseek-v41-tensorfold-spark/results/G11-20261003/data/s000454.taps.npy': Permission denied
rm: cannot remove '~/src/deepseek-v41-tensorfold-spark/results/G11-20261003/data/s000154.taps.npy': Permission denied
rm: cannot remove '~/src/deepseek-v41-tensorfold-spark/results/G11-20261003/data/s000101.taps.npy': Permission denied
rm: cannot remove '~/src/deepseek-v41-tensorfold-spark/results/G11-20261003/data/s000551.npz': Permission denied
rm: cannot remove '~/src/deepseek-v41-tensorfold-spark/results/G11-20261003/data/s000127.npz': Permission denied
rm: cannot remove '~/src/deepseek-v41-tensorfold-spark/results/G11-20261003/data/s000211.taps.npy': Permission denied
rm: cannot remove '~/src/deepseek-v41-tensorfold-spark/results/G11-20261003/data/s000417.npz': Permission denied
rm: cannot remove '~/src/deepseek-v41-tensorfold-spark/results/G11-20261003/data/s000472.taps.npy': Permission denied
rm: cannot remove '~/src/deepseek-v41-tensorfold-spark/results/G11-20261003/data/s000052.taps.npy': Permission denied
rm: cannot remove '~/src/deepseek-v41-tensorfold-spark/results/G11-20261003/data/s000596.npz': Permission denied
rm: cannot remove '~/src/deepseek-v41-tensorfold-spark/results/G11-20261003/data/s000044.npz': Permission denied
rm: cannot remove '~/src/deepseek-v41-tensorfold-spark/results/G11-20261003/data/s000509.npz': Permission denied
rm: cannot remove '~/src/deepseek-v41-tensorfold-spark/results/G11-20261003/data/s000508.taps.npy': Permission denied
rm: cannot remove '~/src/deepseek-v41-tensorfold-spark/results/G11-20261003/data/s000138.npz': Permission denied
rm: cannot remove '~/src/deepseek-v41-tensorfold-spark/results/G11-20261003/data/s000501.taps.npy': Permission denied
rm: cannot remove '~/src/deepseek-v41-tensorfold-spark/results/G11-20261003/data/s000589.taps.npy': Permission denied
rm: cannot remove '~/src/deepseek-v41-tensorfold-spark/results/G11-20261003/data/s000064.npz': Permission denied
rm: cannot remove '~/src/deepseek-v41-tensorfold-spark/results/G11-20261003/data/s000084.npz': Permission denied
rm: cannot remove '~/src/deepseek-v41-tensorfold-spark/results/G11-20261003/data/s000305.taps.npy': Permission denied
rm: cannot remove '~/src/deepseek-v41-tensorfold-spark/results/G11-20261003/data/s000243.npz': Permission denied
rm: cannot remove '~/src/deepseek-v41-tensorfold-spark/results/G11-20261003/data/s000149.taps.npy': Permission denied
rm: cannot remove '~/src/deepseek-v41-tensorfold-spark/results/G11-20261003/data/s000254.taps.npy': Permission denied
rm: cannot remove '~/src/deepseek-v41-tensorfold-spark/results/G11-20261003/data/s000255.npz': Permission denied
rm: cannot remove '~/src/deepseek-v41-tensorfold-spark/results/G11-20261003/data/s000547.taps.npy': Permission denied
rm: cannot remove '~/src/deepseek-v41-tensorfold-spark/results/G11-20261003/data/s000557.taps.npy': Permission denied
rm: cannot remove '~/src/deepseek-v41-tensorfold-spark/results/G11-20261003/data/s000497.taps.npy': Permission denied
rm: cannot remove '~/src/deepseek-v41-tensorfold-spark/results/G11-20261003/data/s000466.taps.npy': Permission denied
rm: cannot remove '~/src/deepseek-v41-tensorfold-spark/results/G11-20261003/data/s000042.npz': Permission denied
rm: cannot remove '~/src/deepseek-v41-tensorfold-spark/results/G11-20261003/data/s000395.npz': Permission denied
rm: cannot remove '~/src/deepseek-v41-tensorfold-spark/results/G11-20261003/data/s000151.npz': Permission denied
rm: cannot remove '~/src/deepseek-v41-tensorfold-spark/results/G11-20261003/data/s000031.taps.npy': Permission denied
rm: cannot remove '~/src/deepseek-v41-tensorfold-spark/results/G11-20261003/data/s000473.taps.npy': Permission denied
rm: cannot remove '~/src/deepseek-v41-tensorfold-spark/results/G11-20261003/data/s000352.taps.npy': Permission denied
rm: cannot remove '~/src/deepseek-v41-tensorfold-spark/results/G11-20261003/data/s000597.taps.npy': Permission denied
rm: cannot remove '~/src/deepseek-v41-tensorfold-spark/results/G11-20261003/data/s000496.taps.npy': Permission denied
rm: cannot remove '~/src/deepseek-v41-tensorfold-spark/results/G11-20261003/data/s000390.npz': Permission denied
rm: cannot remove '~/src/deepseek-v41-tensorfold-spark/results/G11-20261003/data/s000034.taps.npy': Permission denied
rm: cannot remove '~/src/deepseek-v41-tensorfold-spark/results/G11-20261003/data/s000230.taps.npy': Permission denied
rm: cannot remove '~/src/deepseek-v41-tensorfold-spark/results/G11-20261003/data/s000099.taps.npy': Permission denied
rm: cannot remove '~/src/deepseek-v41-tensorfold-spark/results/G11-20261003/data/s000460.npz': Permission denied
rm: cannot remove '~/src/deepseek-v41-tensorfold-spark/results/G11-20261003/data/s000345.npz': Permission denied
rm: cannot remove '~/src/deepseek-v41-tensorfold-spark/results/G11-20261003/data/s000181.taps.npy': Permission denied
rm: cannot remove '~/src/deepseek-v41-tensorfold-spark/results/G11-20261003/data/s000492.npz': Permission denied
rm: cannot remove '~/src/deepseek-v41-tensorfold-spark/results/G11-20261003/data/s000275.taps.npy': Permission denied
rm: cannot remove '~/src/deepseek-v41-tensorfold-spark/results/G11-20261003/data/s000455.taps.npy': Permission denied
rm: cannot remove '~/src/deepseek-v41-tensorfold-spark/results/G11-20261003/data/s000048.npz': Permission denied
rm: cannot remove '~/src/deepseek-v41-tensorfold-spark/results/G11-20261003/data/s000191.npz': Permission denied
rm: cannot remove '~/src/deepseek-v41-tensorfold-spark/results/G11-20261003/data/s000526.npz': Permission denied
rm: cannot remove '~/src/deepseek-v41-tensorfold-spark/results/G11-20261003/data/s000088.taps.npy': Permission denied
rm: cannot remove '~/src/deepseek-v41-tensorfold-spark/results/G11-20261003/data/s000412.npz': Permission denied
rm: cannot remove '~/src/deepseek-v41-tensorfold-spark/results/G11-20261003/data/s000081.npz': Permission denied
rm: cannot remove '~/src/deepseek-v41-tensorfold-spark/results/G11-20261003/data/s000074.taps.npy': Permission denied
rm: cannot remove '~/src/deepseek-v41-tensorfold-spark/results/G11-20261003/data/s000539.taps.npy': Permission denied
rm: cannot remove '~/src/deepseek-v41-tensorfold-spark/results/G11-20261003/data/s000131.npz': Permission denied
rm: cannot remove '~/src/deepseek-v41-tensorfold-spark/results/G11-20261003/data/s000166.npz': Permission denied
rm: cannot remove '~/src/deepseek-v41-tensorfold-spark/results/G11-20261003/data/s000434.npz': Permission denied
rm: cannot remove '~/src/deepseek-v41-tensorfold-spark/results/G11-20261003/data/s000438.npz': Permission denied
rm: cannot remove '~/src/deepseek-v41-tensorfold-spark/results/G11-20261003/data/s000480.taps.npy': Permission denied
rm: cannot remove '~/src/deepseek-v41-tensorfold-spark/results/G11-20261003/data/s000263.taps.npy': Permission denied
rm: cannot remove '~/src/deepseek-v41-tensorfold-spark/results/G11-20261003/data/s000213.taps.npy': Permission denied
rm: cannot remove '~/src/deepseek-v41-tensorfold-spark/results/G11-20261003/data/s000508.npz': Permission denied
rm: cannot remove '~/src/deepseek-v41-tensorfold-spark/results/G11-20261003/data/s000289.taps.npy': Permission denied
rm: cannot remove '~/src/deepseek-v41-tensorfold-spark/results/G11-20261003/data/s000065.npz': Permission denied
rm: cannot remove '~/src/deepseek-v41-tensorfold-spark/results/G11-20261003/data/s000122.taps.npy': Permission denied
rm: cannot remove '~/src/deepseek-v41-tensorfold-spark/results/G11-20261003/data/s000068.npz': Permission denied
rm: cannot remove '~/src/deepseek-v41-tensorfold-spark/results/G11-20261003/data/s000459.taps.npy': Permission denied
rm: cannot remove '~/src/deepseek-v41-tensorfold-spark/results/G11-20261003/data/s000098.npz': Permission denied
rm: cannot remove '~/src/deepseek-v41-tensorfold-spark/results/G11-20261003/data/s000467.taps.npy': Permission denied
rm: cannot remove '~/src/deepseek-v41-tensorfold-spark/results/G11-20261003/data/s000219.taps.npy': Permission denied
rm: cannot remove '~/src/deepseek-v41-tensorfold-spark/results/G11-20261003/data/s000150.taps.npy': Permission denied
rm: cannot remove '~/src/deepseek-v41-tensorfold-spark/results/G11-20261003/data/s000371.taps.npy': Permission denied
rm: cannot remove '~/src/deepseek-v41-tensorfold-spark/results/G11-20261003/data/s000313.npz': Permission denied
rm: cannot remove '~/src/deepseek-v41-tensorfold-spark/results/G11-20261003/data/s000114.taps.npy': Permission denied
rm: cannot remove '~/src/deepseek-v41-tensorfold-spark/results/G11-20261003/data/s000392.taps.npy': Permission denied
rm: cannot remove '~/src/deepseek-v41-tensorfold-spark/results/G11-20261003/data/s000170.npz': Permission denied
rm: cannot remove '~/src/deepseek-v41-tensorfold-spark/results/G11-20261003/data/s000108.npz': Permission denied
rm: cannot remove '~/src/deepseek-v41-tensorfold-spark/results/G11-20261003/data/s000190.npz': Permission denied
rm: cannot remove '~/src/deepseek-v41-tensorfold-spark/results/G11-20261003/data/s000034.npz': Permission denied
rm: cannot remove '~/src/deepseek-v41-tensorfold-spark/results/G11-20261003/data/s000121.taps.npy': Permission denied
rm: cannot remove '~/src/deepseek-v41-tensorfold-spark/results/G11-20261003/data/s000249.taps.npy': Permission denied
rm: cannot remove '~/src/deepseek-v41-tensorfold-spark/results/G11-20261003/data/s000197.taps.npy': Permission denied
rm: cannot remove '~/src/deepseek-v41-tensorfold-spark/results/G11-20261003/data/s000147.npz': Permission denied
rm: cannot remove '~/src/deepseek-v41-tensorfold-spark/results/G11-20261003/data/s000337.taps.npy': Permission denied
rm: cannot remove '~/src/deepseek-v41-tensorfold-spark/results/G11-20261003/data/s000515.npz': Permission denied
rm: cannot remove '~/src/deepseek-v41-tensorfold-spark/results/G11-20261003/data/s000600.npz': Permission denied
rm: cannot remove '~/src/deepseek-v41-tensorfold-spark/results/G11-20261003/data/s000133.npz': Permission denied
rm: cannot remove '~/src/deepseek-v41-tensorfold-spark/results/G11-20261003/data/s000347.npz': Permission denied
rm: cannot remove '~/src/deepseek-v41-tensorfold-spark/results/G11-20261003/data/s000488.npz': Permission denied
rm: cannot remove '~/src/deepseek-v41-tensorfold-spark/results/G11-20261003/data/s000251.npz': Permission denied
rm: cannot remove '~/src/deepseek-v41-tensorfold-spark/results/G11-20261003/data/s000445.taps.npy': Permission denied
rm: cannot remove '~/src/deepseek-v41-tensorfold-spark/results/G11-20261003/data/s000288.taps.npy': Permission denied
rm: cannot remove '~/src/deepseek-v41-tensorfold-spark/results/G11-20261003/data/s000534.taps.npy': Permission denied
rm: cannot remove '~/src/deepseek-v41-tensorfold-spark/results/G11-20261003/data/s000273.npz': Permission denied
rm: cannot remove '~/src/deepseek-v41-tensorfold-spark/results/G11-20261003/data/s000373.npz': Permission denied
rm: cannot remove '~/src/deepseek-v41-tensorfold-spark/results/G11-20261003/data/s000381.taps.npy': Permission denied
rm: cannot remove '~/src/deepseek-v41-tensorfold-spark/results/G11-20261003/data/s000089.taps.npy': Permission denied
rm: cannot remove '~/src/deepseek-v41-tensorfold-spark/results/G11-20261003/data/s000307.npz': Permission denied
rm: cannot remove '~/src/deepseek-v41-tensorfold-spark/results/G11-20261003/data/s000262.npz': Permission denied
rm: cannot remove '~/src/deepseek-v41-tensorfold-spark/results/G11-20261003/data/s000050.npz': Permission denied
rm: cannot remove '~/src/deepseek-v41-tensorfold-spark/results/G11-20261003/data/s000382.taps.npy': Permission denied
rm: cannot remove '~/src/deepseek-v41-tensorfold-spark/results/G11-20261003/data/s000606.taps.npy': Permission denied
rm: cannot remove '~/src/deepseek-v41-tensorfold-spark/results/G11-20261003/data/s000234.taps.npy': Permission denied
rm: cannot remove '~/src/deepseek-v41-tensorfold-spark/results/G11-20261003/data/s000461.taps.npy': Permission denied
rm: cannot remove '~/src/deepseek-v41-tensorfold-spark/results/G11-20261003/data/s000157.npz': Permission denied
rm: cannot remove '~/src/deepseek-v41-tensorfold-spark/results/G11-20261003/data/s000032.npz': Permission denied
rm: cannot remove '~/src/deepseek-v41-tensorfold-spark/results/G11-20261003/data/s000185.taps.npy': Permission denied
rm: cannot remove '~/src/deepseek-v41-tensorfold-spark/results/G11-20261003/data/s000038.npz': Permission denied
rm: cannot remove '~/src/deepseek-v41-tensorfold-spark/results/G11-20261003/data/s000323.npz': Permission denied
rm: cannot remove '~/src/deepseek-v41-tensorfold-spark/results/G11-20261003/data/s000521.npz': Permission denied
rm: cannot remove '~/src/deepseek-v41-tensorfold-spark/results/G11-20261003/data/s000538.npz': Permission denied
rm: cannot remove '~/src/deepseek-v41-tensorfold-spark/results/G11-20261003/data/s000426.npz': Permission denied
rm: cannot remove '~/src/deepseek-v41-tensorfold-spark/results/G11-20261003/data/s000458.npz': Permission denied
rm: cannot remove '~/src/deepseek-v41-tensorfold-spark/results/G11-20261003/data/s000510.npz': Permission denied
rm: cannot remove '~/src/deepseek-v41-tensorfold-spark/results/G11-20261003/data/s000287.npz': Permission denied
rm: cannot remove '~/src/deepseek-v41-tensorfold-spark/results/G11-20261003/data/s000481.npz': Permission denied
rm: cannot remove '~/src/deepseek-v41-tensorfold-spark/results/G11-20261003/data/s000606.npz': Permission denied
rm: cannot remove '~/src/deepseek-v41-tensorfold-spark/results/G11-20261003/data/s000111.taps.npy': Permission denied
rm: cannot remove '~/src/deepseek-v41-tensorfold-spark/results/G11-20261003/data/s000418.taps.npy': Permission denied
rm: cannot remove '~/src/deepseek-v41-tensorfold-spark/results/G11-20261003/data/s000105.npz': Permission denied
rm: cannot remove '~/src/deepseek-v41-tensorfold-spark/results/G11-20261003/data/s000269.npz': Permission denied
rm: cannot remove '~/src/deepseek-v41-tensorfold-spark/results/G11-20261003/data/s000170.taps.npy': Permission denied
rm: cannot remove '~/src/deepseek-v41-tensorfold-spark/results/G11-20261003/data/s000444.taps.npy': Permission denied
rm: cannot remove '~/src/deepseek-v41-tensorfold-spark/results/G11-20261003/data/s000548.taps.npy': Permission denied
rm: cannot remove '~/src/deepseek-v41-tensorfold-spark/results/G11-20261003/data/s000284.npz': Permission denied
rm: cannot remove '~/src/deepseek-v41-tensorfold-spark/results/G11-20261003/data/s000267.taps.npy': Permission denied
rm: cannot remove '~/src/deepseek-v41-tensorfold-spark/results/G11-20261003/data/s000070.npz': Permission denied
rm: cannot remove '~/src/deepseek-v41-tensorfold-spark/results/G11-20261003/data/s000356.taps.npy': Permission denied
rm: cannot remove '~/src/deepseek-v41-tensorfold-spark/results/G11-20261003/data/s000296.taps.npy': Permission denied
rm: cannot remove '~/src/deepseek-v41-tensorfold-spark/results/G11-20261003/data/s000349.npz': Permission denied
rm: cannot remove '~/src/deepseek-v41-tensorfold-spark/results/G11-20261003/data/s000409.npz': Permission denied
rm: cannot remove '~/src/deepseek-v41-tensorfold-spark/results/G11-20261003/data/s000285.npz': Permission denied
rm: cannot remove '~/src/deepseek-v41-tensorfold-spark/results/G11-20261003/data/s000406.taps.npy': Permission denied
rm: cannot remove '~/src/deepseek-v41-tensorfold-spark/results/G11-20261003/data/s000261.npz': Permission denied
rm: cannot remove '~/src/deepseek-v41-tensorfold-spark/results/G11-20261003/data/s000598.taps.npy': Permission denied
rm: cannot remove '~/src/deepseek-v41-tensorfold-spark/results/G11-20261003/data/s000061.taps.npy': Permission denied
rm: cannot remove '~/src/deepseek-v41-tensorfold-spark/results/G11-20261003/data/s000383.npz': Permission denied
rm: cannot remove '~/src/deepseek-v41-tensorfold-spark/results/G11-20261003/data/s000265.npz': Permission denied
rm: cannot remove '~/src/deepseek-v41-tensorfold-spark/results/G11-20261003/data/s000291.taps.npy': Permission denied
rm: cannot remove '~/src/deepseek-v41-tensorfold-spark/results/G11-20261003/data/s000177.taps.npy': Permission denied
rm: cannot remove '~/src/deepseek-v41-tensorfold-spark/results/G11-20261003/data/s000054.npz': Permission denied
rm: cannot remove '~/src/deepseek-v41-tensorfold-spark/results/G11-20261003/data/s000430.taps.npy': Permission denied
rm: cannot remove '~/src/deepseek-v41-tensorfold-spark/results/G11-20261003/data/s000102.npz': Permission denied
rm: cannot remove '~/src/deepseek-v41-tensorfold-spark/results/G11-20261003/data/s000524.taps.npy': Permission denied
rm: cannot remove '~/src/deepseek-v41-tensorfold-spark/results/G11-20261003/data/s000058.npz': Permission denied
rm: cannot remove '~/src/deepseek-v41-tensorfold-spark/results/G11-20261003/data/s000248.npz': Permission denied
rm: cannot remove '~/src/deepseek-v41-tensorfold-spark/results/G11-20261003/data/s000119.taps.npy': Permission denied
rm: cannot remove '~/src/deepseek-v41-tensorfold-spark/results/G11-20261003/data/s000411.npz': Permission denied
rm: cannot remove '~/src/deepseek-v41-tensorfold-spark/results/G11-20261003/data/s000330.npz': Permission denied
rm: cannot remove '~/src/deepseek-v41-tensorfold-spark/results/G11-20261003/data/s000204.taps.npy': Permission denied
rm: cannot remove '~/src/deepseek-v41-tensorfold-spark/results/G11-20261003/data/s000525.taps.npy': Permission denied
rm: cannot remove '~/src/deepseek-v41-tensorfold-spark/results/G11-20261003/data/s000312.taps.npy': Permission denied
rm: cannot remove '~/src/deepseek-v41-tensorfold-spark/results/G11-20261003/data/s000546.npz': Permission denied
rm: cannot remove '~/src/deepseek-v41-tensorfold-spark/results/G11-20261003/data/s000416.taps.npy': Permission denied
rm: cannot remove '~/src/deepseek-v41-tensorfold-spark/results/G11-20261003/data/s000187.npz': Permission denied
rm: cannot remove '~/src/deepseek-v41-tensorfold-spark/results/G11-20261003/data/s000359.npz': Permission denied
rm: cannot remove '~/src/deepseek-v41-tensorfold-spark/results/G11-20261003/data/s000183.taps.npy': Permission denied
rm: cannot remove '~/src/deepseek-v41-tensorfold-spark/results/G11-20261003/data/s000446.npz': Permission denied
rm: cannot remove '~/src/deepseek-v41-tensorfold-spark/results/G11-20261003/data/s000385.taps.npy': Permission denied
rm: cannot remove '~/src/deepseek-v41-tensorfold-spark/results/G11-20261003/data/s000436.taps.npy': Permission denied
rm: cannot remove '~/src/deepseek-v41-tensorfold-spark/results/G11-20261003/data/s000092.npz': Permission denied
rm: cannot remove '~/src/deepseek-v41-tensorfold-spark/results/G11-20261003/data/s000176.npz': Permission denied
rm: cannot remove '~/src/deepseek-v41-tensorfold-spark/results/G11-20261003/data/s000091.taps.npy': Permission denied
rm: cannot remove '~/src/deepseek-v41-tensorfold-spark/results/G11-20261003/data/s000212.npz': Permission denied
rm: cannot remove '~/src/deepseek-v41-tensorfold-spark/results/G11-20261003/data/s000333.taps.npy': Permission denied
rm: cannot remove '~/src/deepseek-v41-tensorfold-spark/results/G11-20261003/data/s000594.taps.npy': Permission denied
rm: cannot remove '~/src/deepseek-v41-tensorfold-spark/results/G11-20261003/data/s000120.npz': Permission denied
rm: cannot remove '~/src/deepseek-v41-tensorfold-spark/results/G11-20261003/data/s000109.npz': Permission denied
rm: cannot remove '~/src/deepseek-v41-tensorfold-spark/results/G11-20261003/data/s000186.taps.npy': Permission denied
rm: cannot remove '~/src/deepseek-v41-tensorfold-spark/results/G11-20261003/data/s000301.taps.npy': Permission denied
rm: cannot remove '~/src/deepseek-v41-tensorfold-spark/results/G11-20261003/data/s000419.npz': Permission denied
rm: cannot remove '~/src/deepseek-v41-tensorfold-spark/results/G11-20261003/data/s000587.taps.npy': Permission denied
rm: cannot remove '~/src/deepseek-v41-tensorfold-spark/results/G11-20261003/data/s000153.taps.npy': Permission denied
rm: cannot remove '~/src/deepseek-v41-tensorfold-spark/results/G11-20261003/data/s000492.taps.npy': Permission denied
rm: cannot remove '~/src/deepseek-v41-tensorfold-spark/results/G11-20261003/data/s000110.npz': Permission denied
rm: cannot remove '~/src/deepseek-v41-tensorfold-spark/results/G11-20261003/data/s000195.npz': Permission denied
rm: cannot remove '~/src/deepseek-v41-tensorfold-spark/results/G11-20261003/data/s000408.taps.npy': Permission denied
rm: cannot remove '~/src/deepseek-v41-tensorfold-spark/results/G11-20261003/data/s000593.npz': Permission denied
rm: cannot remove '~/src/deepseek-v41-tensorfold-spark/results/G11-20261003/data/s000106.npz': Permission denied
rm: cannot remove '~/src/deepseek-v41-tensorfold-spark/results/G11-20261003/data/s000598.npz': Permission denied
rm: cannot remove '~/src/deepseek-v41-tensorfold-spark/results/G11-20261003/data/s000217.npz': Permission denied
rm: cannot remove '~/src/deepseek-v41-tensorfold-spark/results/G11-20261003/data/s000447.taps.npy': Permission denied
rm: cannot remove '~/src/deepseek-v41-tensorfold-spark/results/G11-20261003/data/s000174.npz': Permission denied
rm: cannot remove '~/src/deepseek-v41-tensorfold-spark/results/G11-20261003/data/s000121.npz': Permission denied
rm: cannot remove '~/src/deepseek-v41-tensorfold-spark/results/G11-20261003/data/s000143.taps.npy': Permission denied
rm: cannot remove '~/src/deepseek-v41-tensorfold-spark/results/G11-20261003/data/s000559.taps.npy': Permission denied
rm: cannot remove '~/src/deepseek-v41-tensorfold-spark/results/G11-20261003/data/s000076.taps.npy': Permission denied
rm: cannot remove '~/src/deepseek-v41-tensorfold-spark/results/G11-20261003/data/s000297.taps.npy': Permission denied
rm: cannot remove '~/src/deepseek-v41-tensorfold-spark/results/G11-20261003/data/s000049.taps.npy': Permission denied
rm: cannot remove '~/src/deepseek-v41-tensorfold-spark/results/G11-20261003/data/s000233.taps.npy': Permission denied
rm: cannot remove '~/src/deepseek-v41-tensorfold-spark/results/G11-20261003/data/s000120.taps.npy': Permission denied
rm: cannot remove '~/src/deepseek-v41-tensorfold-spark/results/G11-20261003/data/s000477.npz': Permission denied
rm: cannot remove '~/src/deepseek-v41-tensorfold-spark/results/G11-20261003/data/s000470.npz': Permission denied
rm: cannot remove '~/src/deepseek-v41-tensorfold-spark/results/G11-20261003/data/s000495.npz': Permission denied
rm: cannot remove '~/src/deepseek-v41-tensorfold-spark/results/G11-20261003/data/s000346.npz': Permission denied
rm: cannot remove '~/src/deepseek-v41-tensorfold-spark/results/G11-20261003/data/s000505.npz': Permission denied
rm: cannot remove '~/src/deepseek-v41-tensorfold-spark/results/G11-20261003/data/s000282.npz': Permission denied
rm: cannot remove '~/src/deepseek-v41-tensorfold-spark/results/G11-20261003/data/s000279.npz': Permission denied
rm: cannot remove '~/src/deepseek-v41-tensorfold-spark/results/G11-20261003/data/s000325.npz': Permission denied
rm: cannot remove '~/src/deepseek-v41-tensorfold-spark/results/G11-20261003/data/s000193.npz': Permission denied
rm: cannot remove '~/src/deepseek-v41-tensorfold-spark/results/G11-20261003/data/s000140.npz': Permission denied
rm: cannot remove '~/src/deepseek-v41-tensorfold-spark/results/G11-20261003/data/s000541.taps.npy': Permission denied
rm: cannot remove '~/src/deepseek-v41-tensorfold-spark/results/G11-20261003/data/s000416.npz': Permission denied
rm: cannot remove '~/src/deepseek-v41-tensorfold-spark/results/G11-20261003/data/s000257.npz': Permission denied
rm: cannot remove '~/src/deepseek-v41-tensorfold-spark/results/G11-20261003/data/s000122.npz': Permission denied
rm: cannot remove '~/src/deepseek-v41-tensorfold-spark/results/G11-20261003/data/s000253.npz': Permission denied
rm: cannot remove '~/src/deepseek-v41-tensorfold-spark/results/G11-20261003/data/s000189.npz': Permission denied
rm: cannot remove '~/src/deepseek-v41-tensorfold-spark/results/G11-20261003/data/s000142.npz': Permission denied
rm: cannot remove '~/src/deepseek-v41-tensorfold-spark/results/G11-20261003/data/s000141.taps.npy': Permission denied
rm: cannot remove '~/src/deepseek-v41-tensorfold-spark/results/G11-20261003/data/s000504.taps.npy': Permission denied
rm: cannot remove '~/src/deepseek-v41-tensorfold-spark/results/G11-20261003/data/s000037.taps.npy': Permission denied
rm: cannot remove '~/src/deepseek-v41-tensorfold-spark/results/G11-20261003/data/s000474.taps.npy': Permission denied
rm: cannot remove '~/src/deepseek-v41-tensorfold-spark/results/G11-20261003/data/s000030.npz': Permission denied
rm: cannot remove '~/src/deepseek-v41-tensorfold-spark/results/G11-20261003/data/s000043.npz': Permission denied
rm: cannot remove '~/src/deepseek-v41-tensorfold-spark/results/G11-20261003/data/s000428.taps.npy': Permission denied
rm: cannot remove '~/src/deepseek-v41-tensorfold-spark/results/G11-20261003/data/s000155.npz': Permission denied
rm: cannot remove '~/src/deepseek-v41-tensorfold-spark/results/G11-20261003/data/s000369.taps.npy': Permission denied
rm: cannot remove '~/src/deepseek-v41-tensorfold-spark/results/G11-20261003/data/s000357.npz': Permission denied
rm: cannot remove '~/src/deepseek-v41-tensorfold-spark/results/G11-20261003/data/s000087.taps.npy': Permission denied
rm: cannot remove '~/src/deepseek-v41-tensorfold-spark/results/G11-20261003/data/s000397.taps.npy': Permission denied
rm: cannot remove '~/src/deepseek-v41-tensorfold-spark/results/G11-20261003/data/s000169.npz': Permission denied
rm: cannot remove '~/src/deepseek-v41-tensorfold-spark/results/G11-20261003/data/s000259.taps.npy': Permission denied
rm: cannot remove '~/src/deepseek-v41-tensorfold-spark/results/G11-20261003/data/s000375.npz': Permission denied
rm: cannot remove '~/src/deepseek-v41-tensorfold-spark/results/G11-20261003/data/s000605.npz': Permission denied
rm: cannot remove '~/src/deepseek-v41-tensorfold-spark/results/G11-20261003/data/s000288.npz': Permission denied
rm: cannot remove '~/src/deepseek-v41-tensorfold-spark/results/G11-20261003/data/s000496.npz': Permission denied
rm: cannot remove '~/src/deepseek-v41-tensorfold-spark/results/G11-20261003/data/s000166.taps.npy': Permission denied
rm: cannot remove '~/src/deepseek-v41-tensorfold-spark/results/G11-20261003/data/s000232.npz': Permission denied
rm: cannot remove '~/src/deepseek-v41-tensorfold-spark/results/G11-20261003/data/s000132.taps.npy': Permission denied
rm: cannot remove '~/src/deepseek-v41-tensorfold-spark/results/G11-20261003/data/s000540.npz': Permission denied
rm: cannot remove '~/src/deepseek-v41-tensorfold-spark/results/G11-20261003/data/s000199.npz': Permission denied
rm: cannot remove '~/src/deepseek-v41-tensorfold-spark/results/G11-20261003/data/s000070.taps.npy': Permission denied
rm: cannot remove '~/src/deepseek-v41-tensorfold-spark/results/G11-20261003/data/s000225.taps.npy': Permission denied
rm: cannot remove '~/src/deepseek-v41-tensorfold-spark/results/G11-20261003/data/s000540.taps.npy': Permission denied
rm: cannot remove '~/src/deepseek-v41-tensorfold-spark/results/G11-20261003/data/s000221.npz': Permission denied
rm: cannot remove '~/src/deepseek-v41-tensorfold-spark/results/G11-20261003/data/s000315.npz': Permission denied
rm: cannot remove '~/src/deepseek-v41-tensorfold-spark/results/G11-20261003/data/s000172.npz': Permission denied
rm: cannot remove '~/src/deepseek-v41-tensorfold-spark/results/G11-20261003/data/s000373.taps.npy': Permission denied
rm: cannot remove '~/src/deepseek-v41-tensorfold-spark/results/G11-20261003/data/s000117.npz': Permission denied
rm: cannot remove '~/src/deepseek-v41-tensorfold-spark/results/G11-20261003/data/s000275.npz': Permission denied
rm: cannot remove '~/src/deepseek-v41-tensorfold-spark/results/G11-20261003/data/s000126.taps.npy': Permission denied
rm: cannot remove '~/src/deepseek-v41-tensorfold-spark/results/G11-20261003/data/s000599.taps.npy': Permission denied
rm: cannot remove '~/src/deepseek-v41-tensorfold-spark/results/G11-20261003/data/s000179.npz': Permission denied
rm: cannot remove '~/src/deepseek-v41-tensorfold-spark/results/G11-20261003/data/s000359.taps.npy': Permission denied
rm: cannot remove '~/src/deepseek-v41-tensorfold-spark/results/G11-20261003/data/s000367.npz': Permission denied
rm: cannot remove '~/src/deepseek-v41-tensorfold-spark/results/G11-20261003/data/s000163.taps.npy': Permission denied
rm: cannot remove '~/src/deepseek-v41-tensorfold-spark/results/G11-20261003/data/s000192.npz': Permission denied
rm: cannot remove '~/src/deepseek-v41-tensorfold-spark/results/G11-20261003/data/s000469.npz': Permission denied
rm: cannot remove '~/src/deepseek-v41-tensorfold-spark/results/G11-20261003/data/s000079.taps.npy': Permission denied
rm: cannot remove '~/src/deepseek-v41-tensorfold-spark/results/G11-20261003/data/s000420.npz': Permission denied
rm: cannot remove '~/src/deepseek-v41-tensorfold-spark/results/G11-20261003/data/s000461.npz': Permission denied
rm: cannot remove '~/src/deepseek-v41-tensorfold-spark/results/G11-20261003/data/s000245.taps.npy': Permission denied
rm: cannot remove '~/src/deepseek-v41-tensorfold-spark/results/G11-20261003/data/s000116.taps.npy': Permission denied
rm: cannot remove '~/src/deepseek-v41-tensorfold-spark/results/G11-20261003/data/s000182.taps.npy': Permission denied
rm: cannot remove '~/src/deepseek-v41-tensorfold-spark/results/G11-20261003/data/s000507.taps.npy': Permission denied
rm: cannot remove '~/src/deepseek-v41-tensorfold-spark/results/G11-20261003/data/s000183.npz': Permission denied
rm: cannot remove '~/src/deepseek-v41-tensorfold-spark/results/G11-20261003/data/s000442.taps.npy': Permission denied
rm: cannot remove '~/src/deepseek-v41-tensorfold-spark/results/G11-20261003/data/s000320.taps.npy': Permission denied
rm: cannot remove '~/src/deepseek-v41-tensorfold-spark/results/G11-20261003/data/s000519.npz': Permission denied
rm: cannot remove '~/src/deepseek-v41-tensorfold-spark/results/G11-20261003/data/s000536.taps.npy': Permission denied
rm: cannot remove '~/src/deepseek-v41-tensorfold-spark/results/G11-20261003/data/s000336.taps.npy': Permission denied
rm: cannot remove '~/src/deepseek-v41-tensorfold-spark/results/G11-20261003/data/s000596.taps.npy': Permission denied
rm: cannot remove '~/src/deepseek-v41-tensorfold-spark/results/G11-20261003/data/s000227.taps.npy': Permission denied
rm: cannot remove '~/src/deepseek-v41-tensorfold-spark/results/G11-20261003/data/s000453.taps.npy': Permission denied
rm: cannot remove '~/src/deepseek-v41-tensorfold-spark/results/G11-20261003/data/s000093.npz': Permission denied
rm: cannot remove '~/src/deepseek-v41-tensorfold-spark/results/G11-20261003/data/s000348.taps.npy': Permission denied
rm: cannot remove '~/src/deepseek-v41-tensorfold-spark/results/G11-20261003/data/s000440.taps.npy': Permission denied
rm: cannot remove '~/src/deepseek-v41-tensorfold-spark/results/G11-20261003/data/s000180.npz': Permission denied
rm: cannot remove '~/src/deepseek-v41-tensorfold-spark/results/G11-20261003/data/s000463.taps.npy': Permission denied
rm: cannot remove '~/src/deepseek-v41-tensorfold-spark/results/G11-20261003/data/s000349.taps.npy': Permission denied
rm: cannot remove '~/src/deepseek-v41-tensorfold-spark/results/G11-20261003/data/s000342.npz': Permission denied
rm: cannot remove '~/src/deepseek-v41-tensorfold-spark/results/G11-20261003/data/s000401.npz': Permission denied
rm: cannot remove '~/src/deepseek-v41-tensorfold-spark/results/G11-20261003/data/s000543.npz': Permission denied
rm: cannot remove '~/src/deepseek-v41-tensorfold-spark/results/G11-20261003/data/s000498.npz': Permission denied
rm: cannot remove '~/src/deepseek-v41-tensorfold-spark/results/G11-20261003/data/s000219.npz': Permission denied
rm: cannot remove '~/src/deepseek-v41-tensorfold-spark/results/G11-20261003/data/s000394.taps.npy': Permission denied
rm: cannot remove '~/src/deepseek-v41-tensorfold-spark/results/G11-20261003/data/s000503.npz': Permission denied
rm: cannot remove '~/src/deepseek-v41-tensorfold-spark/results/G11-20261003/data/s000025.taps.npy': Permission denied
rm: cannot remove '~/src/deepseek-v41-tensorfold-spark/results/G11-20261003/data/s000248.taps.npy': Permission denied
rm: cannot remove '~/src/deepseek-v41-tensorfold-spark/results/G11-20261003/data/s000308.npz': Permission denied
rm: cannot remove '~/src/deepseek-v41-tensorfold-spark/results/G11-20261003/data/s000537.npz': Permission denied
rm: cannot remove '~/src/deepseek-v41-tensorfold-spark/results/G11-20261003/data/s000153.npz': Permission denied
rm: cannot remove '~/src/deepseek-v41-tensorfold-spark/results/G11-20261003/data/s000132.npz': Permission denied
rm: cannot remove '~/src/deepseek-v41-tensorfold-spark/results/G11-20261003/data/s000028.npz': Permission denied
rm: cannot remove '~/src/deepseek-v41-tensorfold-spark/results/G11-20261003/data/s000429.npz': Permission denied
rm: cannot remove '~/src/deepseek-v41-tensorfold-spark/results/G11-20261003/data/s000227.npz': Permission denied
rm: cannot remove '~/src/deepseek-v41-tensorfold-spark/results/G11-20261003/data/s000290.npz': Permission denied
rm: cannot remove '~/src/deepseek-v41-tensorfold-spark/results/G11-20261003/data/s000409.taps.npy': Permission denied
rm: cannot remove '~/src/deepseek-v41-tensorfold-spark/results/G11-20261003/data/s000516.taps.npy': Permission denied
rm: cannot remove '~/src/deepseek-v41-tensorfold-spark/results/G11-20261003/data/s000448.taps.npy': Permission denied
rm: cannot remove '~/src/deepseek-v41-tensorfold-spark/results/G11-20261003/data/s000169.taps.npy': Permission denied
rm: cannot remove '~/src/deepseek-v41-tensorfold-spark/results/G11-20261003/data/s000040.npz': Permission denied
rm: cannot remove '~/src/deepseek-v41-tensorfold-spark/results/G11-20261003/data/s000271.npz': Permission denied
rm: cannot remove '~/src/deepseek-v41-tensorfold-spark/results/G11-20261003/data/s000427.taps.npy': Permission denied
rm: cannot remove '~/src/deepseek-v41-tensorfold-spark/results/G11-20261003/data/s000557.npz': Permission denied
rm: cannot remove '~/src/deepseek-v41-tensorfold-spark/results/G11-20261003/data/s000247.npz': Permission denied
rm: cannot remove '~/src/deepseek-v41-tensorfold-spark/results/G11-20261003/data/s000190.taps.npy': Permission denied
rm: cannot remove '~/src/deepseek-v41-tensorfold-spark/results/G11-20261003/data/s000368.taps.npy': Permission denied
rm: cannot remove '~/src/deepseek-v41-tensorfold-spark/results/G11-20261003/data/s000224.taps.npy': Permission denied
rm: cannot remove '~/src/deepseek-v41-tensorfold-spark/results/G11-20261003/data/s000483.taps.npy': Permission denied
rm: cannot remove '~/src/deepseek-v41-tensorfold-spark/results/G11-20261003/data/s000142.taps.npy': Permission denied
rm: cannot remove '~/src/deepseek-v41-tensorfold-spark/results/G11-20261003/data/s000105.taps.npy': Permission denied
rm: cannot remove '~/src/deepseek-v41-tensorfold-spark/results/G11-20261003/data/s000295.taps.npy': Permission denied
rm: cannot remove '~/src/deepseek-v41-tensorfold-spark/results/G11-20261003/data/s000280.taps.npy': Permission denied
rm: cannot remove '~/src/deepseek-v41-tensorfold-spark/results/G11-20261003/data/s000202.npz': Permission denied
rm: cannot remove '~/src/deepseek-v41-tensorfold-spark/results/G11-20261003/data/s000045.taps.npy': Permission denied
rm: cannot remove '~/src/deepseek-v41-tensorfold-spark/results/G11-20261003/data/s000090.taps.npy': Permission denied
rm: cannot remove '~/src/deepseek-v41-tensorfold-spark/results/G11-20261003/data/s000152.npz': Permission denied
rm: cannot remove '~/src/deepseek-v41-tensorfold-spark/results/G11-20261003/data/s000338.npz': Permission denied
rm: cannot remove '~/src/deepseek-v41-tensorfold-spark/results/G11-20261003/data/s000161.taps.npy': Permission denied
rm: cannot remove '~/src/deepseek-v41-tensorfold-spark/results/G11-20261003/data/s000155.taps.npy': Permission denied
rm: cannot remove '~/src/deepseek-v41-tensorfold-spark/results/G11-20261003/data/s000379.taps.npy': Permission denied
rm: cannot remove '~/src/deepseek-v41-tensorfold-spark/results/G11-20261003/data/s000069.npz': Permission denied
rm: cannot remove '~/src/deepseek-v41-tensorfold-spark/results/G11-20261003/data/s000389.npz': Permission denied
rm: cannot remove '~/src/deepseek-v41-tensorfold-spark/results/G11-20261003/data/s000418.npz': Permission denied
rm: cannot remove '~/src/deepseek-v41-tensorfold-spark/results/G11-20261003/data/s000591.npz': Permission denied
rm: cannot remove '~/src/deepseek-v41-tensorfold-spark/results/G11-20261003/data/s000058.taps.npy': Permission denied
rm: cannot remove '~/src/deepseek-v41-tensorfold-spark/results/G11-20261003/data/s000482.npz': Permission denied
rm: cannot remove '~/src/deepseek-v41-tensorfold-spark/results/G11-20261003/data/s000592.npz': Permission denied
rm: cannot remove '~/src/deepseek-v41-tensorfold-spark/results/G11-20261003/data/s000046.taps.npy': Permission denied
rm: cannot remove '~/src/deepseek-v41-tensorfold-spark/results/G11-20261003/data/s000518.npz': Permission denied
rm: cannot remove '~/src/deepseek-v41-tensorfold-spark/results/G11-20261003/data/s000333.npz': Permission denied
[dsv41 02:39:42] memory ok: MemFree head 117.8, worker 999 GiB
[dsv41 02:39:57] g11-data rc=0: [dsparkdata] /out/draftlog: 525 sessions so far [dsparkdata] /results/G10-20261002/draftlog: 695 sessions so far [dsparkdata] 695 sessions, 253612 labelled positions -> /out/data 
[dsv41 02:40:08] memory ok: MemFree head 117.6, worker 999 GiB
[dsv41 02:57:26] g11-trainA rc=0: [dsparktrain] step 2700 (1.02 epochs, 872 s): kl 2.9366, top1 [0.646, 0.458, 0.396, 0.385, 0.365] [dsparktrain] step 2750 (1.04 epochs, 889 s): kl 2.8286, top1 [0.677, 0.552, 0.406, 0.26, 0.271] [dsparktrain] after: {"rows": 25320, "teacher_forced_top1": [0.5767, 0.4429, 0.3589, 0.3013, 0.2673], "conditional": [0.5433, 0.4478, 0.3913, 0.3571, 0.3287], "tokens_per_round_all5": 1.9271, "agree_logged
[dsv41 02:57:26] train: stage A eval_base: top1 [0.5708, 0.4269, 0.3395, 0.2801, 0.2459], chain conditional [0.5214, 0.4227, 0.3751, 0.344, 0.3194], tokens/round 1.862, agree logged 0.3898 (first 0.8829)
[dsv41 02:57:26] train: stage A eval_after: top1 [0.5767, 0.4429, 0.3589, 0.3013, 0.2673], chain conditional [0.5433, 0.4478, 0.3913, 0.3571, 0.3287], tokens/round 1.9271, agree logged 0.0529 (first 0.7068)
[dsv41 02:57:26] train: stage A train: {'steps': 2786, 'epochs': 1.057, 'kl_last': 2.8759892916679384, 'seconds': 900.1}
scp: open local "~/src/deepseek-v41-tensorfold-spark/results/G11-20261003/deltaA.safetensors": Permission denied
scp: failed to upload file ~/src/deepseek-v41-tensorfold-spark/results/G11-20261003/deltaA.safetensors to ~/dsv41-out/g11-A/
[dsv41 02:57:27] evalA: copying the delta to the worker failed
[dsv41 02:57:27] trainB: 70 min of training (deadline 07:30)
[dsv41 02:57:37] memory ok: MemFree head 117.7, worker 999 GiB
[dsv41 02:59:25] g11-trainB rc=137: [dsparktrain] stage B: weights in 18 s, 10.47 M trainable, sessions 625 / 70 [dsparktrain] base: {"rows": 25320, "teacher_forced_top1": [0.5708, 0.4269, 0.3395, 0.2801, 0.2459], "conditional": [0.5214, 0.4227, 0.3751, 0.344, 0.3194], "tokens_per_round_all5": 1.862, "agree_logged_drafts": 0.3901, "agree_logged_first": 0.8829, "logged_passes": 14795} 
[dsv41 02:59:38] memory ok: MemFree head 117.5, worker 116.0 GiB
[dsv41 02:59:38] g11-off: env GLM53_TF_COMM_BACKEND=roce GLM53_TF_ROCE_MAX_KB=1024 TF_DSV41_PREFILL=replay TF_DSV41_PREFILL_CHUNK=2048 TF_DSV41_PREFILL_ROWS=2048 TF_DSV41_PREFILL_KERNELS=fast TF_DSV41_FAST_EXPERTS=gm TF_DSV41_ENGRAM_NATIVE=1 TF_DSV41_NATIVE_DIR=/cache/dsv41-native TF_DSV41_INDEX_STREAM_MIN=16384 TF_DSV41_PLAIN_TRITON=1 TF_DSV41_ROUTER=gemv TF_DSV41_PREFETCH_AHEAD=1 TF_DSV41_PREFILL_GATHER=bf16 TF_DSV41_ROPE_INPLACE=1 TF_DSV41_MHC_BM=64 TF_DSV41_MHC_WARPS=8 TF_DSV41_PREFILL_ATTN=fused TF_DSV41_PREFILL_ATTN_BMQ=32 TF_DSV41_PREFILL_ATTN_WARPS=8 TF_DSV41_PREFILL_ROUTER=gemv TF_DSV41_ENGRAM_GATE=1 TF_DSV41_GRAPH_MODE=rows TF_DSV41_PLAN_LINK=tcp TF_DSV41_SPEC_DRAFT=1 TF_DSV41_DENSE=0 TF_DSV41_DEPTH_JOINT=0 TF_DSV41_MHC_DEC=1 TF_DSV41_MHC_FIN2=1 TF_DSV41_RMS_PAIR=1 TF_DSV41_PARTIAL_BF16=1 TF_DSV41_RG_NARROW=2 TF_DSV41_RG_TAIL=1 TF_DSV41_INDEX_DTOPK=1 TF_DSV41_ENGRAM_FUSE_DEC=1 TF_DSV41_MHC_FN=bf16 TF_DSV41_EXPERT_TOPP=0.85 TF_DSV41_EXPERT_MIN_K=3 TF_DSV41_EXPERT_RENORM=kept TF_DSV41_L2PF=1 TF_DSV41_L2PF_MB=12 TF_DSV41_PDL=0 TF_DSV41_INDEX_KV=fp8 TF_DSV41_EXPERT_LOADS=1 TF_DSV41_EXPERT_PREFILL=0 TF_DSV41_CALIB=real TF_DSV41_CALIB_DIR=/cache/dsv41-calib TF_DSV41_FLOOR_GIB=5 TF_DSV41_FLOOR_HARD_GIB=4 TF_DSV41_SESSIONS=1 TF_DSV41_SESSION_RAM_MIB=256 TF_DSV41_GRAMMAR=1 TF_DSV41_TOOL_GRAMMAR=0 TF_DSV41_THINKING=1 TF_DSV41_DEFAULT_EFFORT=high TF_DSV41_SCHEMA_PROMPT=1 TF_DSV41_DISCONNECT=1  TF_DSV41_PHASES=1   TF_DSV41_CALIB=real TF_DSV41_CALIB_DIR=/tmp/g11-calib; m2bench --only code,prose,structured --reps 2 --streams 1,2,4 --c-sampling mixed
