1790883989.254 115.65 116.48
1790883989.759 115.65 116.48
1790883990.265 115.65 116.48
1790883990.771 115.65 116.48
1790883991.276 115.65 116.48
1790883991.781 115.66 116.49
1790883992.286 115.66 116.49
1790883992.792 115.66 116.49
1790883993.296 115.66 116.49
1790883993.802 115.66 116.49
1790883994.308 115.67 116.50
1790883994.813 115.67 116.50
1790883995.319 115.67 116.50
1790883995.823 115.67 116.49
1790883996.328 115.66 116.49
1790883996.833 115.67 116.50
1790883997.339 115.69 116.52
1790883997.844 115.70 116.52
1790883998.350 115.70 116.52
1790883998.856 115.70 116.52
1790883999.360 115.70 116.53
1790883999.866 115.69 116.52
1790884000.371 115.69 116.52
1790884000.876 115.69 116.52
1790884001.382 115.69 116.52
1790884001.909 117.08 116.57
1790884002.428 117.09 116.58
1790884002.933 117.10 116.59
1790884003.438 117.10 116.58
1790884003.944 117.10 116.58
1790884004.450 117.10 116.58
1790884004.956 117.10 116.59
1790884005.461 117.10 116.59
1790884005.966 117.10 116.59
1790884006.472 117.10 116.59
1790884006.977 117.11 116.59
1790884007.483 117.11 116.63
1790884007.989 117.11 116.63
1790884008.494 117.12 116.64
1790884009.000 117.12 116.64
1790884009.505 117.12 116.64
1790884010.011 117.12 116.64
1790884010.515 117.13 116.64
1790884011.021 117.13 116.64
1790884011.526 117.13 116.64
1790884012.031 117.13 116.65
1790884012.536 117.05 116.66
1790884013.042 117.02 116.67
1790884013.547 117.02 116.67
1790884014.052 116.88 116.65
1790884014.557 116.58 116.47
1790884015.062 116.56 116.48
1790884015.568 116.56 116.48
1790884016.073 116.46 116.44
1790884016.579 115.99 116.03
1790884017.083 115.73 115.79
1790884017.588 115.50 115.58
1790884018.092 115.25 115.36
1790884018.597 114.48 114.60
1790884019.103 113.10 113.25
1790884019.608 112.68 112.86
1790884020.113 112.99 113.19
1790884020.618 112.79 113.00
1790884021.122 112.55 112.77
1790884021.628 112.35 112.59
1790884022.133 110.70 110.95
1790884022.638 110.88 111.17
1790884023.143 110.80 111.14
1790884023.648 110.51 111.14
1790884024.153 110.22 111.14
1790884024.658 110.11 111.14
1790884025.163 110.08 111.13
1790884025.669 111.82 112.92
1790884026.173 115.66 116.75
1790884026.678 115.62 116.72
1790884027.184 115.37 116.46
1790884027.688 115.03 116.13
1790884028.193 114.82 115.96
1790884028.698 114.63 115.79
1790884029.203 114.43 115.62
1790884029.709 113.11 114.33
1790884030.214 112.75 114.00
1790884030.719 112.72 113.99
1790884031.224 112.57 113.86
1790884031.729 112.41 113.72
1790884032.234 111.24 112.55
1790884032.740 111.26 112.58
1790884033.244 115.20 116.52
1790884033.750 115.18 116.50
1790884034.255 114.97 116.29
1790884034.760 114.66 115.97
1790884035.265 114.43 115.74
1790884035.769 114.24 115.53
1790884036.274 114.01 115.28
1790884036.780 112.23 113.48
1790884037.285 111.88 113.14
1790884037.790 111.58 112.84
1790884038.295 112.32 113.58
1790884038.800 112.11 113.39
1790884039.305 111.86 113.16
1790884039.809 111.63 112.94
1790884040.315 108.74 110.06
1790884040.819 108.79 110.11
1790884041.325 108.79 110.10
1790884041.830 108.74 110.06
1790884042.335 115.28 116.59
1790884042.840 115.27 116.59
1790884043.345 115.02 116.34
1790884043.851 114.72 116.04
1790884044.355 114.58 115.88
1790884044.860 114.39 115.67
1790884045.365 113.17 114.43
1790884045.870 112.85 114.11
1790884046.374 112.52 113.79
1790884046.879 112.35 113.64
1790884047.384 112.16 113.47
1790884047.889 109.78 111.10
1790884048.395 109.83 111.15
1790884048.900 114.68 116.00
1790884049.406 114.68 116.00
1790884049.919 116.62 116.12
1790884050.437 116.62 116.12
1790884050.942 116.63 116.12
1790884051.447 116.63 116.13
1790884051.952 116.64 116.13
1790884052.457 116.64 116.13
1790884052.962 116.64 116.13
1790884053.468 116.64 116.13
1790884053.973 116.64 116.13
1790884054.479 116.64 116.13
1790884054.984 116.64 116.13
1790884055.489 116.64 116.13
1790884055.994 116.64 116.13
1790884056.500 116.64 116.13
1790884057.005 116.64 116.13
1790884057.511 116.64 116.13
1790884058.017 116.61 116.13
1790884058.522 116.61 116.13
1790884059.028 116.62 116.14
1790884059.533 116.62 116.14
1790884060.038 116.62 116.15
1790884060.544 116.62 116.15
1790884061.048 116.63 116.15
1790884061.554 116.55 116.16
1790884062.059 116.50 116.16
1790884062.564 116.39 116.14
1790884063.070 116.08 115.97
1790884063.576 116.04 115.96
1790884064.081 116.00 115.93
1790884064.586 115.90 115.85
1790884065.092 115.87 115.85
1790884065.597 115.90 115.89
1790884066.103 115.89 115.89
1790884066.608 115.89 115.89
1790884067.114 115.89 115.89
1790884067.619 115.89 115.89
1790884068.124 115.88 115.89
1790884068.630 115.88 115.89
1790884069.135 115.88 115.89
1790884069.641 115.88 115.89
1790884070.146 115.89 115.90
1790884070.651 115.89 115.90
1790884071.157 115.89 115.90
1790884071.663 115.89 115.90
1790884072.168 115.89 115.90
1790884072.674 115.89 115.90
1790884073.179 115.90 115.91
1790884073.685 115.90 115.91
1790884074.190 115.90 115.91
1790884074.696 115.90 115.91
1790884075.202 115.90 115.91
1790884075.706 115.90 115.91
1790884076.212 115.91 115.92
1790884076.717 115.91 115.93
1790884077.223 115.91 115.93
1790884077.728 115.91 115.93
1790884078.234 115.92 115.93
1790884078.739 115.92 115.93
1790884079.245 115.92 115.93
1790884079.750 115.92 115.93
1790884080.256 115.92 115.93
1790884080.761 115.93 115.94
1790884081.267 115.93 115.94
1790884081.772 115.93 115.94
1790884082.278 115.93 115.94
1790884082.783 115.94 115.95
1790884083.288 115.94 115.95
1790884083.794 115.94 115.95
1790884084.299 115.94 115.95
1790884084.805 115.94 115.95
1790884085.310 115.94 115.96
1790884085.816 115.95 115.96
1790884086.321 115.95 115.96
1790884086.827 115.97 115.98
1790884087.332 115.97 115.98
1790884087.838 115.97 115.98
1790884088.344 115.99 116.00
1790884088.850 115.98 116.00
1790884089.355 115.98 116.00
1790884089.861 115.98 116.00
1790884090.367 115.98 116.00
1790884090.872 115.98 116.00
1790884091.378 115.98 116.00
1790884091.883 115.99 116.01
1790884092.389 115.99 116.01
1790884092.894 116.00 116.01
1790884093.400 116.00 116.01
1790884093.906 116.00 116.01
1790884094.411 116.00 116.01
1790884094.916 116.00 116.01
1790884095.422 116.03 116.05
1790884095.927 116.03 116.05
1790884096.433 116.04 116.06
1790884096.938 116.04 116.06
1790884097.444 116.06 116.07
1790884097.949 116.06 116.08
1790884098.454 116.05 116.06
1790884098.960 116.05 116.06
1790884099.465 116.05 116.06
1790884099.971 116.05 116.06
1790884100.476 116.05 116.06
1790884100.982 116.05 116.06
1790884101.487 116.05 116.06
1790884101.991 116.05 116.06
1790884102.496 116.04 116.06
1790884103.002 116.03 116.05
1790884103.507 116.03 116.05
1790884104.011 116.04 116.06
1790884104.516 116.04 116.06
1790884105.022 116.04 116.06
1790884105.527 116.04 116.06
1790884106.032 116.04 116.06
1790884106.537 116.04 116.06
1790884107.042 116.04 116.06
1790884107.547 116.04 116.06
1790884108.052 116.03 116.05
1790884108.558 116.07 116.09
1790884109.064 116.08 116.10
1790884109.569 116.08 116.10
1790884110.075 116.08 116.10
1790884110.580 116.08 116.10
1790884111.086 116.08 116.10
1790884111.591 116.08 116.10
1790884112.096 116.08 116.10
1790884112.602 116.08 116.10
1790884113.108 116.09 116.11
1790884113.613 116.10 116.11
1790884114.119 116.10 116.11
1790884114.624 116.10 116.11
1790884115.130 116.10 116.12
1790884115.636 116.10 116.12
1790884116.140 116.10 116.12
1790884116.646 116.10 116.12
1790884117.151 116.11 116.13
1790884117.657 116.11 116.13
1790884118.161 116.10 116.12
1790884118.667 116.12 116.14
1790884119.172 116.13 116.15
1790884119.678 116.13 116.15
1790884120.184 116.13 116.15
1790884120.689 116.13 116.15
1790884121.195 116.13 116.15
1790884121.701 116.13 116.15
1790884122.206 116.13 116.15
1790884122.710 116.13 116.14
1790884123.215 116.13 116.14
1790884123.720 116.20 116.22
1790884124.225 116.20 116.22
1790884124.731 116.20 116.22
1790884125.236 116.20 116.22
1790884125.742 116.21 116.23
1790884126.247 116.21 116.23
1790884126.752 116.21 116.23
1790884127.258 116.21 116.23
1790884127.764 116.20 116.22
1790884128.269 116.19 116.21
1790884128.775 116.21 116.23
1790884129.280 116.21 116.23
1790884129.785 116.22 116.24
1790884130.291 116.22 116.24
1790884130.796 116.22 116.24
1790884131.301 116.22 116.24
1790884131.807 116.22 116.24
1790884132.312 116.22 116.24
1790884132.817 116.23 116.25
1790884133.323 116.23 116.25
1790884133.828 116.25 116.27
1790884134.334 116.31 116.32
1790884134.839 116.31 116.32
1790884135.344 116.31 116.32
1790884135.850 116.31 116.32
1790884136.355 116.31 116.33
1790884136.861 116.31 116.33
1790884137.367 116.31 116.33
1790884137.871 116.30 116.32
1790884138.377 116.28 116.30
1790884138.883 116.30 116.32
1790884139.388 116.31 116.33
1790884139.894 116.31 116.33
1790884140.399 116.31 116.33
1790884140.904 116.32 116.34
1790884141.410 116.32 116.34
1790884141.915 116.32 116.34
1790884142.421 116.32 116.34
1790884142.926 116.32 116.34
1790884143.432 116.34 116.36
1790884143.937 116.34 116.36
1790884144.442 116.34 116.36
1790884144.948 116.41 116.42
1790884145.453 116.41 116.42
1790884145.959 116.41 116.42
1790884146.464 116.41 116.42
1790884146.970 116.41 116.43
1790884147.475 116.41 116.43
1790884147.981 116.41 116.43
1790884148.485 116.43 116.45
1790884148.990 116.43 116.45
1790884149.496 116.43 116.45
1790884150.001 116.47 116.49
1790884150.507 116.47 116.49
1790884151.012 116.47 116.49
1790884151.517 116.47 116.49
1790884152.023 116.47 116.49
1790884152.528 116.47 116.49
1790884153.034 116.46 116.48
1790884153.539 116.48 116.50
1790884154.045 116.48 116.50
1790884154.550 116.48 116.50
1790884155.056 116.48 116.50
1790884155.561 116.48 116.49
1790884156.066 116.48 116.49
1790884156.571 116.48 116.49
1790884157.076 116.54 116.55
1790884157.582 116.54 116.56
1790884158.087 116.52 116.54
1790884158.592 116.53 116.55
1790884159.098 116.53 116.55
1790884159.603 116.53 116.55
1790884160.108 116.53 116.55
1790884160.614 116.54 116.56
1790884161.119 116.55 116.57
1790884161.624 116.55 116.57
1790884162.130 116.55 116.57
1790884162.635 116.55 116.57
1790884163.141 116.54 116.56
1790884163.646 116.54 116.56
1790884164.152 116.54 116.56
1790884164.657 116.54 116.56
1790884165.162 116.54 116.56
1790884165.668 116.54 116.56
1790884166.173 116.54 116.56
1790884166.679 116.54 116.56
1790884167.185 116.54 116.56
1790884167.690 116.55 116.56
1790884168.196 116.60 116.62
1790884168.701 116.64 116.66
1790884169.207 116.64 116.66
1790884169.713 116.64 116.66
1790884170.218 116.64 116.66
1790884170.724 116.64 116.66
1790884171.230 116.64 116.66
1790884171.735 116.64 116.66
1790884172.240 116.64 116.66
1790884172.745 116.65 116.67
1790884173.250 116.63 116.64
1790884173.755 116.62 116.65
1790884174.260 116.62 116.65
1790884174.766 116.62 116.66
1790884175.270 116.62 116.66
1790884175.776 116.62 116.66
1790884176.281 116.62 116.66
1790884176.787 116.62 116.66
1790884177.292 116.62 116.66
1790884177.797 116.62 116.66
1790884178.303 116.62 116.66
1790884178.808 116.62 116.65
1790884179.313 116.62 116.66
1790884179.819 116.62 116.66
1790884180.323 116.63 116.66
1790884180.829 116.60 116.65
1790884181.333 116.60 116.65
1790884181.838 116.60 116.65
1790884182.344 116.58 116.65
1790884182.848 116.68 116.75
1790884183.353 116.68 116.75
1790884183.858 116.41 116.48
1790884184.363 116.34 116.46
1790884184.868 116.36 116.47
1790884185.374 116.36 116.47
1790884185.880 116.36 116.47
1790884186.385 116.36 116.47
1790884186.891 116.36 116.47
1790884187.395 116.36 116.47
1790884187.900 116.35 116.46
1790884188.404 116.37 116.48
1790884188.910 116.40 116.51
1790884189.416 116.40 116.51
1790884189.920 116.46 116.58
1790884190.424 116.51 116.63
1790884190.931 116.51 116.63
1790884191.436 116.51 116.63
1790884191.941 116.51 116.63
1790884192.447 116.51 116.63
1790884192.953 116.51 116.63
1790884193.458 116.53 116.65
1790884193.962 116.53 116.65
1790884194.467 116.53 116.65
1790884194.973 116.54 116.66
1790884195.478 116.54 116.66
1790884195.983 116.54 116.66
1790884196.489 116.54 116.66
1790884196.994 116.54 116.66
1790884197.500 116.54 116.66
1790884198.005 116.54 116.66
1790884198.511 116.54 116.66
1790884199.017 116.52 116.64
1790884199.521 116.52 116.64
1790884200.027 116.52 116.64
1790884200.533 116.52 116.64
1790884201.039 116.52 116.64
1790884201.544 116.53 116.65
1790884202.050 116.53 116.65
1790884202.556 116.53 116.65
1790884203.061 116.51 116.63
1790884203.567 116.51 116.63
1790884204.072 116.51 116.63
1790884204.578 116.52 116.64
1790884205.083 116.52 116.64
1790884205.589 116.53 116.65
1790884206.095 116.53 116.65
1790884206.600 116.49 116.65
1790884207.105 116.35 116.60
1790884207.611 116.35 116.60
1790884208.116 116.33 116.58
1790884208.621 116.34 116.60
1790884209.126 116.36 116.62
1790884209.632 116.36 116.62
1790884210.138 116.36 116.62
1790884210.643 116.36 116.62
1790884211.149 116.36 116.62
1790884211.654 116.36 116.62
1790884212.160 116.36 116.62
1790884212.665 116.36 116.62
1790884213.171 116.35 116.61
1790884213.677 116.37 116.63
1790884214.181 116.37 116.63
1790884214.686 116.35 116.60
1790884215.191 116.34 116.60
1790884215.697 116.31 116.57
1790884216.202 116.21 116.50
1790884216.707 115.58 115.90
1790884217.212 115.33 115.71
1790884217.717 114.92 115.34
1790884218.222 114.76 115.20
1790884218.727 114.66 115.11
1790884219.233 114.37 114.86
1790884219.738 114.16 114.68
1790884220.243 113.33 113.87
1790884220.748 112.33 112.87
1790884221.253 111.28 111.82
1790884221.758 110.31 110.85
1790884222.264 109.59 110.12
1790884222.769 109.29 109.83
1790884223.273 109.89 110.49
1790884223.779 110.53 111.16
1790884224.284 110.09 110.72
1790884224.789 109.57 110.20
1790884225.294 108.68 109.31
1790884225.799 108.04 108.67
1790884226.305 107.76 108.41
1790884226.810 109.60 110.28
1790884227.316 109.41 110.10
1790884227.821 109.27 109.96
1790884228.326 109.09 109.78
1790884228.831 109.06 109.74
1790884229.336 109.43 110.13
1790884229.841 109.78 110.48
1790884230.346 110.20 110.91
1790884230.851 110.28 110.95
1790884231.356 110.23 110.89
1790884231.861 110.22 110.90
1790884232.367 110.22 110.91
1790884232.872 110.22 110.93
1790884233.377 110.07 110.80
1790884233.882 109.83 110.57
1790884234.387 109.61 110.35
1790884234.892 109.37 110.12
1790884235.397 109.30 109.98
1790884235.902 109.21 109.91
1790884236.407 109.22 109.83
1790884236.911 109.43 109.97
1790884237.417 109.45 110.00
1790884237.922 109.44 110.00
1790884238.427 109.44 110.01
1790884238.932 109.42 109.99
1790884239.437 109.42 109.99
1790884239.943 109.35 109.93
1790884240.448 109.19 109.77
1790884240.952 108.90 109.47
1790884241.457 108.69 109.27
1790884241.962 108.51 109.10
1790884242.467 108.75 109.34
1790884242.972 108.44 109.03
1790884243.477 108.16 108.75
1790884243.982 107.88 108.47
1790884244.487 108.47 109.07
1790884244.992 108.47 109.06
1790884245.497 108.48 109.07
1790884246.002 108.47 109.06
1790884246.507 108.97 109.57
1790884247.012 108.97 109.57
1790884247.518 109.04 109.65
1790884248.023 109.06 109.66
1790884248.528 109.08 109.69
1790884249.033 109.09 109.70
1790884249.538 109.09 109.70
1790884250.044 109.05 109.67
1790884250.549 109.02 109.64
1790884251.054 109.85 110.41
1790884251.559 109.52 110.43
1790884252.064 109.15 110.43
1790884252.569 109.15 110.43
1790884253.075 109.13 110.42
1790884253.580 109.12 110.43
1790884254.085 109.12 110.43
1790884254.590 109.11 110.42
1790884255.095 109.11 110.42
1790884255.601 108.88 110.33
1790884256.105 108.88 110.35
1790884256.611 108.88 110.35
1790884257.116 108.76 110.24
1790884257.621 108.63 110.12
1790884258.126 108.36 109.85
1790884258.630 107.97 109.46
1790884259.135 107.71 109.20
1790884259.640 107.38 108.87
1790884260.145 107.04 108.53
1790884260.651 106.85 108.34
1790884261.155 107.25 108.76
1790884261.660 107.23 108.73
1790884262.165 106.91 108.41
1790884262.670 107.38 108.89
1790884263.176 107.17 108.68
1790884263.682 107.04 108.55
1790884264.187 107.00 108.52
1790884264.692 107.00 108.51
1790884265.198 107.00 108.51
1790884265.704 107.00 108.51
1790884266.209 107.01 108.52
1790884266.714 107.01 108.52
1790884267.220 107.02 108.53
1790884267.724 107.01 108.52
1790884268.230 107.02 108.53
1790884268.735 107.02 108.53
1790884269.240 107.05 108.56
1790884269.746 107.67 109.19
1790884270.251 107.67 109.19
1790884270.756 107.67 109.19
1790884271.261 107.67 109.19
1790884271.766 107.67 109.19
1790884272.272 107.67 109.19
1790884272.776 107.66 109.17
1790884273.281 107.66 109.18
1790884273.786 107.69 109.22
1790884274.291 107.69 109.22
1790884274.796 107.69 109.22
1790884275.301 107.69 109.22
1790884275.806 107.69 109.22
1790884276.311 107.63 109.16
1790884276.817 107.59 109.12
1790884277.321 107.57 109.11
1790884277.827 107.79 109.25
1790884278.332 107.78 109.25
1790884278.836 107.67 109.12
1790884279.341 107.71 109.17
1790884279.846 107.72 109.17
1790884280.350 107.73 109.18
1790884280.856 107.75 109.21
1790884281.361 107.76 109.23
1790884281.867 107.75 109.22
1790884282.372 107.75 109.22
1790884282.877 107.73 109.20
1790884283.382 107.70 109.17
1790884283.887 107.73 109.20
1790884284.392 107.73 109.21
1790884284.897 107.66 109.15
1790884285.402 107.49 108.99
1790884285.907 107.49 109.00
1790884286.412 107.38 108.88
1790884286.917 107.22 108.73
1790884287.422 107.03 108.54
1790884287.927 106.72 108.23
1790884288.432 106.52 108.03
1790884288.937 106.33 107.85
1790884289.442 106.60 108.12
1790884289.947 106.56 108.08
1790884290.453 106.34 107.85
1790884290.958 106.07 107.59
1790884291.463 106.67 108.20
1790884291.969 106.67 108.20
1790884292.474 106.67 108.20
1790884292.979 107.16 108.69
1790884293.484 107.15 108.68
1790884293.990 107.15 108.68
1790884294.496 107.15 108.68
1790884295.001 107.15 108.68
1790884295.507 107.15 108.68
1790884296.012 107.15 108.68
1790884296.518 107.14 108.67
1790884297.026 106.82 108.30
1790884297.532 104.08 105.56
1790884298.037 109.57 111.05
1790884298.543 110.27 111.75
1790884299.048 110.27 111.75
1790884299.553 110.29 111.77
1790884300.059 110.29 111.77
1790884300.565 110.29 111.77
1790884301.070 110.31 111.78
1790884301.576 110.31 111.78
1790884302.081 110.32 111.79
1790884302.587 110.32 111.79
1790884303.092 110.33 111.81
1790884303.598 110.35 111.83
1790884304.103 110.35 111.83
1790884304.609 110.35 111.83
1790884305.114 110.36 111.84
1790884305.620 110.36 111.84
1790884306.125 110.36 111.84
1790884306.631 110.36 111.84
1790884307.136 110.37 111.84
1790884307.641 110.37 111.85
1790884308.147 110.37 111.84
1790884308.652 110.38 111.86
1790884309.158 110.38 111.86
1790884309.663 110.38 111.86
1790884310.169 110.38 111.86
1790884310.674 110.39 111.86
1790884311.180 110.39 111.86
1790884311.686 110.40 111.87
1790884312.191 110.41 111.88
1790884312.697 110.41 111.89
1790884313.202 110.41 111.89
1790884313.708 110.42 111.89
1790884314.213 110.43 111.90
1790884314.719 110.43 111.91
1790884315.225 110.43 111.91
1790884315.730 110.44 111.91
1790884316.236 110.44 111.91
1790884316.741 110.44 111.91
1790884317.247 110.44 111.91
1790884317.752 110.44 111.91
1790884318.258 110.45 111.92
1790884318.764 110.46 111.94
1790884319.270 110.46 111.94
1790884319.775 110.48 111.95
1790884320.281 110.48 111.95
1790884320.786 110.49 111.96
1790884321.292 110.49 111.96
1790884321.798 110.49 111.96
1790884322.303 110.50 111.97
1790884322.808 110.50 111.98
1790884323.314 110.51 111.98
1790884323.819 110.54 112.01
1790884324.325 110.54 112.01
1790884324.831 110.54 112.01
1790884325.337 110.55 112.03
1790884325.842 110.55 112.03
1790884326.348 110.56 112.03
1790884326.854 110.56 112.03
1790884327.359 110.56 112.03
1790884327.865 110.56 112.03
1790884328.370 110.56 112.03
1790884328.876 110.57 112.05
1790884329.381 110.58 112.06
1790884329.887 110.60 112.07
1790884330.392 110.60 112.07
1790884330.898 110.60 112.07
1790884331.404 110.60 112.07
1790884331.909 110.61 112.08
1790884332.414 110.61 112.08
1790884332.920 110.59 112.07
1790884333.426 110.61 112.08
1790884333.931 110.61 112.08
1790884334.437 110.61 112.09
1790884334.943 110.62 112.09
1790884335.448 110.62 112.09
1790884335.953 110.63 112.10
1790884336.459 110.63 112.10
1790884336.964 110.64 112.12
1790884337.470 110.65 112.13
1790884337.975 110.64 112.11
1790884338.481 110.64 112.11
1790884338.987 110.64 112.11
1790884339.492 110.64 112.11
1790884339.998 110.66 112.13
1790884340.503 110.66 112.13
1790884341.010 110.67 112.15
1790884341.515 110.67 112.15
1790884342.020 110.67 112.15
1790884342.526 110.68 112.16
1790884343.032 110.68 112.15
1790884343.537 110.70 112.17
1790884344.042 110.71 112.18
1790884344.548 110.71 112.18
1790884345.054 110.72 112.20
1790884345.559 110.72 112.19
1790884346.064 110.72 112.19
1790884346.569 110.72 112.19
1790884347.075 110.73 112.20
1790884347.581 110.73 112.20
1790884348.087 110.74 112.21
1790884348.593 110.76 112.23
1790884349.098 110.76 112.23
1790884349.604 110.76 112.23
1790884350.110 110.80 112.27
1790884350.615 110.80 112.27
1790884351.121 110.80 112.28
1790884351.626 110.80 112.28
1790884352.131 110.82 112.29
1790884352.636 110.82 112.29
1790884353.141 110.82 112.29
1790884353.647 110.82 112.30
1790884354.152 110.58 112.06
1790884354.657 110.87 112.35
1790884355.162 111.51 112.98
1790884355.666 111.53 113.00
1790884356.172 111.53 113.01
1790884356.677 111.53 113.01
1790884357.182 111.53 113.01
1790884357.688 111.53 113.01
1790884358.193 111.53 113.00
1790884358.699 111.53 113.01
1790884359.204 111.53 113.01
1790884359.709 111.53 113.01
1790884360.215 111.57 113.04
1790884360.720 111.57 113.04
1790884361.225 111.57 113.04
1790884361.731 111.57 113.04
1790884362.236 111.57 113.05
1790884362.740 111.57 113.04
1790884363.246 111.57 113.04
1790884363.752 111.57 113.05
1790884364.256 111.57 113.05
1790884364.762 111.57 113.05
1790884365.268 111.57 113.05
1790884365.773 111.58 113.05
1790884366.279 111.59 113.07
1790884366.784 111.59 113.07
1790884367.290 111.59 113.06
1790884367.795 111.59 113.06
1790884368.300 111.60 113.07
1790884368.806 111.61 113.08
1790884369.311 111.61 113.08
1790884369.816 111.63 113.10
1790884370.322 111.63 113.11
1790884370.827 111.63 113.11
1790884371.333 111.63 113.11
1790884371.838 111.63 113.11
1790884372.344 111.64 113.12
1790884372.849 111.63 113.10
1790884373.355 111.65 113.12
1790884373.860 111.67 113.14
1790884374.366 111.67 113.14
1790884374.871 111.67 113.14
1790884375.377 111.67 113.14
1790884375.883 111.67 113.14
1790884376.388 111.67 113.14
1790884376.894 111.67 113.15
1790884377.400 111.68 113.16
1790884377.906 111.67 113.14
1790884378.410 111.69 113.16
1790884378.916 111.69 113.16
1790884379.421 111.69 113.16
1790884379.926 111.71 113.19
1790884380.432 111.71 113.19
1790884380.938 111.71 113.18
1790884381.444 111.72 113.19
1790884381.949 111.72 113.19
1790884382.455 111.72 113.19
1790884382.960 111.71 113.18
1790884383.466 111.72 113.19
1790884383.972 111.73 113.21
1790884384.478 111.73 113.21
1790884384.983 111.75 113.22
1790884385.489 111.75 113.22
1790884385.995 111.75 113.22
1790884386.501 111.75 113.22
1790884387.006 111.75 113.22
1790884387.512 111.75 113.22
1790884388.017 111.75 113.22
1790884388.522 111.75 113.22
1790884389.028 111.75 113.22
1790884389.534 111.75 113.22
1790884390.039 111.76 113.23
1790884390.545 111.76 113.23
1790884391.050 111.76 113.23
1790884391.556 111.76 113.23
1790884392.061 111.76 113.23
1790884392.567 111.76 113.23
1790884393.073 111.74 113.22
1790884393.578 111.77 113.24
1790884394.084 111.78 113.26
1790884394.589 111.78 113.26
1790884395.095 111.78 113.26
1790884395.600 111.78 113.26
1790884396.106 111.78 113.26
1790884396.612 111.78 113.26
1790884397.117 111.80 113.27
1790884397.623 111.80 113.27
1790884398.129 111.78 113.25
1790884398.634 111.80 113.28
1790884399.140 111.80 113.28
1790884399.645 111.80 113.28
1790884400.150 111.82 113.29
1790884400.656 111.83 113.30
1790884401.161 111.83 113.30
1790884401.667 111.83 113.30
1790884402.172 111.83 113.30
1790884402.678 111.83 113.30
1790884403.183 111.82 113.30
1790884403.689 111.83 113.31
1790884404.195 111.83 113.31
1790884404.700 111.83 113.31
1790884405.206 111.85 113.33
1790884405.711 111.85 113.33
1790884406.216 111.85 113.33
1790884406.721 111.85 113.33
1790884407.226 111.85 113.33
1790884407.732 111.85 113.33
1790884408.237 111.87 113.35
1790884408.743 111.89 113.36
1790884409.248 111.89 113.37
1790884409.754 111.89 113.37
1790884410.260 111.91 113.39
1790884410.766 111.91 113.39
1790884411.272 111.93 113.40
1790884411.777 111.93 113.40
1790884412.283 111.93 113.40
1790884412.787 111.92 113.40
1790884413.293 111.92 113.40
1790884413.799 111.94 113.41
1790884414.304 111.94 113.41
1790884414.809 111.94 113.41
1790884415.315 111.94 113.41
1790884415.820 111.91 113.39
1790884416.324 111.93 113.40
1790884416.828 111.92 113.40
1790884417.333 111.93 113.41
1790884417.837 111.93 113.40
1790884418.342 111.92 113.40
1790884418.849 111.92 113.40
1790884419.355 111.93 113.41
1790884419.860 111.94 113.42
1790884420.365 111.93 113.41
1790884420.870 111.82 113.29
1790884421.376 111.92 113.40
1790884421.881 111.93 113.41
1790884422.386 111.94 113.42
1790884422.891 111.94 113.42
1790884423.397 111.95 113.43
1790884423.901 111.95 113.43
1790884424.407 111.95 113.43
1790884424.912 111.95 113.43
1790884425.417 111.95 113.43
1790884425.921 111.95 113.43
1790884426.426 111.96 113.44
1790884426.931 111.96 113.44
1790884427.437 111.96 113.44
1790884427.942 111.96 113.44
1790884428.446 111.96 113.44
1790884428.951 111.96 113.44
1790884429.456 111.98 113.46
1790884429.960 111.99 113.47
1790884430.465 111.98 113.46
1790884430.971 112.34 113.82
1790884431.476 112.35 113.83
1790884431.981 112.35 113.83
1790884432.487 112.35 113.83
1790884432.992 112.36 113.84
1790884433.498 112.37 113.85
1790884434.004 112.37 113.85
1790884434.509 112.37 113.85
1790884435.015 112.38 113.85
1790884435.519 112.37 113.85
1790884436.024 112.37 113.85
1790884436.534 112.21 113.68
1790884437.041 112.11 113.59
1790884437.546 111.58 113.06
1790884438.052 111.76 113.24
1790884438.557 111.78 113.26
1790884439.062 111.78 113.26
1790884439.567 111.77 113.25
1790884440.072 111.71 113.19
1790884440.576 111.59 113.10
1790884441.082 111.59 113.10
1790884441.587 111.58 113.09
1790884442.092 111.56 113.08
1790884442.597 111.53 113.03
1790884443.103 111.51 113.00
1790884443.608 111.50 112.99
1790884444.113 111.49 112.99
1790884444.618 111.45 112.94
1790884445.123 111.42 112.91
1790884445.628 111.39 112.88
1790884446.133 111.35 112.84
1790884446.638 111.34 112.83
1790884447.143 111.31 112.80
1790884447.648 111.67 113.17
1790884448.153 111.65 113.15
1790884448.658 111.67 113.17
1790884449.164 111.65 113.15
1790884449.669 111.61 113.11
1790884450.174 111.63 113.13
1790884450.679 111.62 113.12
1790884451.184 111.62 113.12
1790884451.689 111.54 113.05
1790884452.194 111.54 113.05
1790884452.699 111.54 113.05
1790884453.203 111.54 113.04
1790884453.708 110.38 111.89
1790884454.214 108.57 110.08
1790884454.722 108.07 109.58
1790884455.227 109.42 110.93
1790884455.733 113.99 115.49
1790884456.238 113.99 115.49
1790884456.744 113.99 115.49
1790884457.249 114.00 115.50
1790884457.755 114.00 115.50
1790884458.261 114.00 115.50
1790884458.766 114.00 115.50
1790884459.272 114.00 115.50
1790884459.778 114.00 115.50
1790884460.283 114.00 115.50
1790884460.789 114.00 115.50
1790884461.294 114.00 115.50
1790884461.800 114.00 115.50
1790884462.305 114.00 115.50
1790884462.810 113.99 115.49
1790884463.316 113.99 115.49
1790884463.821 114.00 115.50
1790884464.327 114.00 115.50
1790884464.833 114.00 115.50
1790884465.338 114.00 115.50
1790884465.843 114.01 115.51
1790884466.348 114.01 115.51
1790884466.853 114.01 115.51
1790884467.359 114.01 115.51
1790884467.864 114.00 115.50
1790884468.370 114.00 115.50
1790884468.875 114.03 115.53
1790884469.381 114.03 115.53
1790884469.886 114.03 115.53
1790884470.392 114.03 115.53
1790884470.897 114.07 115.56
1790884471.402 114.07 115.57
1790884471.907 114.07 115.57
1790884472.411 114.07 115.56
1790884472.916 114.04 115.54
1790884473.422 114.05 115.54
1790884473.927 114.05 115.54
1790884474.431 114.06 115.55
1790884474.935 114.05 115.55
1790884475.441 114.05 115.55
1790884475.946 114.04 115.54
1790884476.451 113.81 115.33
1790884476.955 113.59 115.12
1790884477.461 113.37 114.93
1790884477.966 113.14 114.72
1790884478.471 112.89 114.50
1790884478.976 111.18 112.80
1790884479.482 111.05 112.70
1790884479.986 110.89 112.56
1790884480.491 110.71 112.40
1790884480.996 110.46 112.16
1790884481.501 110.26 111.98
1790884482.006 110.05 111.78
1790884482.511 108.37 110.10
1790884483.017 109.01 110.75
1790884483.522 108.57 110.33
1790884484.026 107.99 109.78
1790884484.531 107.62 109.44
1790884485.036 107.38 109.23
1790884485.541 107.21 109.08
1790884486.046 106.32 108.19
1790884486.551 105.31 107.17
1790884487.056 104.39 106.26
1790884487.561 103.58 105.44
1790884488.067 103.13 105.00
1790884488.572 102.97 104.87
1790884489.077 104.31 106.23
1790884489.582 103.32 105.24
1790884490.087 102.38 104.31
1790884490.592 101.43 103.35
1790884491.098 100.71 102.64
1790884491.603 101.24 103.17
1790884492.109 101.24 103.17
1790884492.613 101.81 103.74
1790884493.118 101.81 103.74
1790884493.624 101.65 103.58
1790884494.129 101.58 103.51
1790884494.634 101.45 103.38
1790884495.139 102.99 104.95
1790884495.645 102.96 104.92
1790884496.150 103.03 104.93
1790884496.655 103.04 104.94
1790884497.161 103.04 104.94
1790884497.665 103.02 104.95
1790884498.171 103.02 104.99
1790884498.676 102.97 104.95
1790884499.181 102.88 104.86
1790884499.686 102.83 104.80
1790884500.191 102.64 104.62
1790884500.695 102.45 104.46
1790884501.200 102.57 104.50
1790884501.706 102.93 104.65
1790884502.211 102.98 104.73
1790884502.716 102.98 104.73
1790884503.222 102.99 104.75
1790884503.726 102.98 104.75
1790884504.231 102.98 104.75
1790884504.736 102.90 104.67
1790884505.241 102.69 104.46
1790884505.747 102.40 104.17
1790884506.252 102.14 103.91
1790884506.758 101.98 103.76
1790884507.263 102.23 104.01
1790884507.768 102.12 103.90
1790884508.273 102.07 103.86
1790884508.777 101.81 103.60
1790884509.282 101.56 103.35
1790884509.787 102.25 104.04
1790884510.292 102.26 104.05
1790884510.796 102.25 104.04
1790884511.302 102.78 104.57
1790884511.808 102.78 104.57
1790884512.313 102.80 104.59
1790884512.818 102.79 104.59
1790884513.323 102.79 104.59
1790884513.829 102.80 104.60
1790884514.334 102.80 104.60
1790884514.840 102.74 104.54
1790884515.345 102.67 104.47
1790884515.850 102.77 104.51
1790884516.357 102.80 104.54
1790884516.864 102.80 104.54
1790884517.370 102.80 104.54
1790884517.875 102.79 104.53
1790884518.381 102.82 104.56
1790884518.887 104.75 106.49
1790884519.392 109.34 111.08
1790884519.898 109.34 111.08
1790884520.403 109.11 110.85
1790884520.908 108.91 110.65
1790884521.413 108.72 110.48
1790884521.917 108.54 110.33
1790884522.422 108.33 110.16
1790884522.927 107.13 108.98
1790884523.433 107.11 108.99
1790884523.938 107.10 109.01
1790884524.443 106.94 108.87
1790884524.948 106.80 108.75
1790884525.454 105.57 107.53
1790884525.959 105.80 107.75
1790884526.466 105.79 107.75
1790884526.972 105.79 107.75
1790884527.479 105.79 107.74
1790884527.986 109.95 111.90
1790884528.491 109.98 111.94
1790884528.997 109.99 111.94
1790884529.503 109.98 111.93
1790884530.008 109.69 111.64
1790884530.513 109.44 111.38
1790884531.017 109.19 111.10
1790884531.522 108.98 110.87
1790884532.027 107.31 109.20
1790884532.532 106.93 108.82
1790884533.037 107.52 109.41
1790884533.543 107.33 109.25
1790884534.048 107.14 109.08
1790884534.552 106.91 108.86
1790884535.058 104.38 106.34
1790884535.564 104.17 106.12
1790884536.068 104.18 106.14
1790884536.574 104.17 106.14
1790884537.078 104.07 106.04
1790884537.583 104.07 106.05
1790884538.088 104.05 106.04
1790884538.594 103.93 105.92
1790884539.099 103.57 105.56
1790884539.604 103.31 105.30
1790884540.109 103.01 105.00
1790884540.615 102.83 104.82
1790884541.120 103.13 105.14
1790884541.625 102.98 104.99
1790884542.130 102.75 104.75
1790884542.635 102.48 104.48
1790884543.140 102.19 104.20
1790884543.645 102.85 104.85
1790884544.150 102.85 104.85
1790884544.655 103.34 105.35
1790884545.161 103.34 105.35
1790884545.666 103.37 105.38
1790884546.171 103.37 105.38
1790884546.676 103.38 105.39
1790884547.181 103.38 105.40
1790884547.686 103.36 105.37
1790884548.191 103.27 105.28
1790884548.696 103.39 105.35
1790884549.203 103.39 105.35
1790884549.710 103.38 105.33
1790884550.216 103.37 105.32
1790884550.725 103.36 105.31
1790884551.232 103.32 105.27
1790884551.739 103.32 105.28
1790884552.247 103.31 105.26
1790884552.752 103.22 105.18
1790884553.257 110.43 112.39
1790884553.763 110.44 112.39
1790884554.268 110.43 112.39
1790884554.773 110.40 112.35
1790884555.278 110.12 112.06
1790884555.783 109.89 111.81
1790884556.288 109.63 111.53
1790884556.793 108.40 110.30
1790884557.298 108.03 109.94
1790884557.803 107.88 109.80
1790884558.308 107.67 109.62
1790884558.813 105.39 107.35
1790884559.318 105.66 107.62
1790884559.824 105.64 107.60
1790884560.329 105.64 107.60
1790884560.834 105.62 107.57
1790884561.340 105.63 107.59
1790884561.845 105.59 107.55
1790884562.352 105.57 107.53
1790884562.858 105.56 107.51
1790884563.364 105.56 107.51
1790884563.868 110.90 112.86
1790884564.373 110.90 112.85
1790884564.878 110.76 112.71
1790884565.384 110.69 112.64
1790884565.889 110.65 112.61
1790884566.394 109.99 111.95
1790884566.899 110.39 112.35
1790884567.405 110.22 112.20
1790884567.910 109.85 111.84
1790884568.415 109.67 111.66
1790884568.920 109.53 111.54
1790884569.425 109.45 111.47
1790884569.929 109.39 111.40
1790884570.434 109.01 111.03
1790884570.939 108.74 110.76
1790884571.445 108.44 110.46
1790884571.950 108.11 110.13
1790884572.455 107.87 109.89
1790884572.960 107.72 109.75
1790884573.465 108.12 110.15
1790884573.971 107.95 109.98
1790884574.476 107.64 109.67
1790884574.981 108.19 110.22
1790884575.486 108.04 110.07
1790884575.991 107.98 110.01
1790884576.497 107.95 109.99
1790884577.002 107.95 109.99
1790884577.506 107.95 109.99
1790884578.011 107.96 110.00
1790884578.517 107.96 110.00
1790884579.022 107.96 109.99
1790884579.527 107.69 109.73
1790884580.032 107.51 109.53
1790884580.538 107.28 109.28
1790884581.043 107.05 109.03
1790884581.548 105.34 107.32
1790884582.054 105.52 107.50
1790884582.558 105.17 107.15
1790884583.064 105.98 107.97
1790884583.569 105.76 107.77
1790884584.074 105.56 107.58
1790884584.579 105.38 107.42
1790884585.085 104.98 107.02
1790884585.590 102.85 104.89
1790884586.098 103.10 105.16
1790884586.607 102.90 104.96
1790884587.114 102.76 104.82
1790884587.618 102.67 104.71
1790884588.123 102.61 104.63
1790884588.629 102.45 104.45
1790884589.134 103.14 105.15
1790884589.640 103.11 105.12
1790884590.145 104.04 106.04
1790884590.650 103.98 105.90
1790884591.154 103.77 105.71
1790884591.659 103.54 105.50
1790884592.165 102.72 104.69
1790884592.672 102.52 104.49
1790884593.178 102.48 104.45
1790884593.683 102.49 104.44
1790884594.188 102.47 104.40
1790884594.693 102.48 104.40
1790884595.198 103.26 105.17
1790884595.703 103.26 105.16
1790884596.208 104.12 106.03
1790884596.714 104.36 106.29
1790884597.219 104.13 106.07
1790884597.724 103.92 105.87
1790884598.228 103.70 105.67
1790884598.734 104.30 106.27
1790884599.239 109.24 111.21
1790884599.746 107.57 109.54
1790884600.253 106.27 108.24
1790884600.760 106.25 108.22
1790884601.265 106.21 108.18
1790884601.771 106.27 108.24
1790884602.275 106.26 108.24
1790884602.780 106.26 108.24
1790884603.285 106.33 108.30
1790884603.790 106.33 108.30
1790884604.296 106.33 108.30
1790884604.801 106.33 108.30
1790884605.305 106.42 108.39
1790884605.811 106.42 108.39
1790884606.316 106.43 108.40
1790884606.821 106.43 108.41
1790884607.326 106.44 108.41
1790884607.830 106.42 108.39
1790884608.336 106.42 108.39
1790884608.840 106.43 108.40
1790884609.345 106.43 108.40
1790884609.850 106.49 108.47
1790884610.355 106.49 108.47
1790884610.860 106.49 108.47
1790884611.365 106.49 108.47
1790884611.870 106.49 108.46
1790884612.374 106.48 108.45
1790884612.879 106.44 108.42
1790884613.384 106.27 108.24
1790884613.889 105.87 107.84
1790884614.394 105.75 107.70
1790884614.899 105.54 107.47
1790884615.404 105.32 107.25
1790884615.909 103.63 105.54
1790884616.414 103.63 105.54
1790884616.919 103.41 105.32
1790884617.424 104.22 106.14
1790884617.929 104.03 105.97
1790884618.434 103.80 105.75
1790884618.939 103.60 105.57
1790884619.445 102.87 104.84
1790884619.950 101.90 103.88
1790884620.456 101.88 103.86
1790884620.962 101.77 103.75
1790884621.467 101.64 103.61
1790884621.974 101.37 103.35
1790884622.484 101.35 103.33
1790884622.990 100.99 102.97
1790884623.498 100.98 102.96
1790884624.006 100.98 102.96
1790884624.513 100.59 102.57
1790884625.022 100.60 102.57
1790884625.528 100.59 102.57
1790884626.033 103.50 105.48
1790884626.538 107.56 109.54
1790884627.043 107.56 109.54
1790884627.548 107.47 109.45
1790884628.053 107.07 109.04
1790884628.558 106.91 108.86
1790884629.064 106.69 108.61
1790884629.569 105.59 107.51
1790884630.074 105.47 107.38
1790884630.579 105.28 107.20
1790884631.084 105.12 107.05
1790884631.589 104.94 106.90
1790884632.094 104.79 106.77
1790884632.599 103.83 105.81
1790884633.104 103.78 105.76
1790884633.610 103.65 105.63
1790884634.116 103.53 105.51
1790884634.622 103.27 105.25
1790884635.127 103.26 105.25
1790884635.634 102.92 104.91
1790884636.141 102.89 104.88
1790884636.648 102.50 104.49
1790884637.155 102.50 104.48
1790884637.662 102.50 104.48
1790884638.167 102.52 104.51
1790884638.672 107.58 109.56
1790884639.178 107.57 109.56
1790884639.683 107.69 109.68
1790884640.188 107.68 109.68
1790884640.693 107.68 109.67
1790884641.198 107.69 109.68
1790884641.703 107.68 109.68
1790884642.208 107.66 109.66
1790884642.713 107.66 109.66
1790884643.218 107.65 109.64
1790884643.723 107.65 109.64
1790884644.227 107.63 109.62
1790884644.731 107.62 109.61
1790884645.236 107.62 109.61
1790884645.740 107.62 109.61
1790884646.246 107.62 109.61
1790884646.751 107.62 109.61
1790884647.256 107.67 109.66
1790884647.760 107.65 109.65
1790884648.265 107.66 109.65
1790884648.770 107.66 109.65
1790884649.275 107.67 109.66
1790884649.780 107.67 109.66
1790884650.284 107.73 109.73
1790884650.789 107.72 109.72
1790884651.294 107.72 109.72
1790884651.799 107.72 109.72
1790884652.304 107.73 109.73
1790884652.808 107.77 109.76
1790884653.313 107.74 109.73
1790884653.818 107.74 109.73
1790884654.323 107.74 109.73
1790884654.828 107.74 109.73
1790884655.333 107.74 109.73
1790884655.838 107.73 109.72
1790884656.343 107.75 109.75
1790884656.848 107.75 109.75
1790884657.353 107.75 109.75
1790884657.857 107.81 109.81
1790884658.362 107.81 109.81
1790884658.867 107.81 109.81
1790884659.372 107.81 109.80
1790884659.877 107.81 109.80
1790884660.382 107.81 109.80
1790884660.887 107.82 109.81
1790884661.392 107.81 109.81
1790884661.897 107.81 109.81
1790884662.402 107.83 109.82
1790884662.907 107.77 109.78
1790884663.412 107.73 109.74
1790884663.917 107.67 109.68
1790884664.422 107.64 109.65
1790884664.927 107.64 109.65
1790884665.433 107.64 109.65
1790884665.937 107.61 109.62
1790884666.443 107.58 109.59
1790884666.947 107.55 109.55
1790884667.452 107.58 109.58
1790884667.959 107.64 109.65
1790884668.464 107.79 109.81
1790884668.970 107.78 109.80
1790884669.475 107.77 109.79
1790884669.981 107.73 109.75
1790884670.486 107.71 109.73
1790884670.991 107.70 109.72
1790884671.496 107.67 109.70
1790884672.000 107.79 109.80
1790884672.505 107.76 109.78
1790884673.011 107.74 109.76
1790884673.516 107.74 109.76
1790884674.021 107.71 109.73
1790884674.527 107.69 109.71
1790884675.032 107.66 109.67
1790884675.537 107.80 109.82
1790884676.043 107.80 109.82
1790884676.548 107.78 109.80
1790884677.053 107.76 109.78
1790884677.559 107.74 109.76
1790884678.064 107.69 109.71
1790884678.569 107.67 109.69
1790884679.074 107.70 109.72
1790884679.579 107.70 109.72
1790884680.085 107.83 109.85
1790884680.590 107.83 109.84
1790884681.095 107.81 109.82
1790884681.601 107.79 109.80
1790884682.105 107.74 109.76
1790884682.611 107.71 109.73
1790884683.116 107.71 109.73
1790884683.621 107.71 109.73
1790884684.127 107.90 109.92
1790884684.632 107.91 109.93
1790884685.137 107.90 109.91
1790884685.642 107.86 109.88
1790884686.147 107.84 109.86
1790884686.653 107.82 109.84
1790884687.157 107.80 109.82
1790884687.662 107.80 109.82
1790884688.168 107.93 109.95
1790884688.672 107.92 109.93
1790884689.178 107.91 109.92
1790884689.682 107.89 109.90
1790884690.188 107.92 109.93
1790884690.693 107.89 109.90
1790884691.197 107.87 109.89
1790884691.703 107.84 109.86
1790884692.208 107.78 109.80
1790884692.713 107.75 109.77
1790884693.219 107.74 109.76
1790884693.724 107.69 109.70
1790884694.229 107.67 109.68
1790884694.733 107.66 109.68
1790884695.239 107.88 109.89
1790884695.744 107.88 109.90
1790884696.249 107.88 109.90
1790884696.754 107.92 109.93
1790884697.260 107.88 109.90
1790884697.764 107.86 109.88
1790884698.269 107.86 109.87
1790884698.774 107.86 109.87
1790884699.280 107.85 109.87
1790884699.785 107.81 109.83
1790884700.290 107.80 109.81
1790884700.796 107.76 109.78
1790884701.301 107.76 109.77
1790884701.806 107.71 109.73
1790884702.310 107.68 109.70
1790884702.815 107.67 109.69
1790884703.320 107.67 109.69
1790884703.825 108.09 110.11
1790884704.330 108.09 110.11
1790884704.836 108.09 110.11
1790884705.341 108.09 110.11
1790884705.847 108.09 110.11
1790884706.352 108.10 110.12
1790884706.857 108.10 110.12
1790884707.362 108.23 110.25
1790884707.867 108.26 110.28
1790884708.372 108.21 110.23
1790884708.877 108.13 110.15
1790884709.381 108.15 110.17
1790884709.886 108.16 110.18
1790884710.392 108.15 110.17
1790884710.897 108.15 110.17
1790884711.402 108.16 110.17
1790884711.907 108.15 110.17
1790884712.412 108.15 110.17
1790884712.918 108.14 110.16
1790884713.422 108.17 110.18
1790884713.928 108.11 110.13
1790884714.433 108.09 110.11
1790884714.938 108.06 110.08
1790884715.443 108.04 110.05
1790884715.947 107.99 110.01
1790884716.453 107.96 109.98
1790884716.958 107.96 109.98
1790884717.463 107.96 109.98
1790884717.969 108.65 110.67
1790884718.474 114.12 116.08
1790884718.980 114.12 116.08
1790884719.486 114.12 116.08
1790884719.991 114.12 116.08
1790884720.496 114.12 116.08
1790884721.002 114.12 116.08
1790884721.508 114.12 116.08
1790884722.013 114.12 116.08
1790884722.519 114.12 116.08
1790884723.024 114.12 116.08
1790884723.530 114.14 116.10
1790884724.035 114.15 116.11
1790884724.541 114.15 116.11
1790884725.047 114.15 116.11
1790884725.552 114.15 116.11
1790884726.058 114.15 116.11
1790884726.563 114.15 116.11
1790884727.069 114.16 116.12
1790884727.575 114.16 116.12
1790884728.080 114.16 116.12
1790884728.586 114.16 116.12
1790884729.091 114.17 116.13
1790884729.597 114.17 116.13
1790884730.103 114.17 116.13
1790884730.608 114.17 116.13
1790884731.113 114.17 116.13
1790884731.618 114.17 116.12
1790884732.122 114.19 116.15
1790884732.629 114.20 116.16
1790884733.134 114.19 116.15
1790884733.638 114.20 116.16
1790884734.144 114.19 116.15
1790884734.649 114.01 115.97
1790884735.154 113.97 115.93
1790884735.660 113.66 115.62
1790884736.165 112.91 115.43
1790884736.670 113.14 115.10
1790884737.175 112.96 114.94
1790884737.680 112.73 114.74
1790884738.185 112.51 114.54
1790884738.690 112.29 114.35
1790884739.196 110.57 112.64
1790884739.702 110.17 112.27
1790884740.207 110.72 112.84
1790884740.713 111.24 113.37
1790884741.217 111.06 113.20
1790884741.723 110.84 113.01
1790884742.227 110.61 112.80
1790884742.733 108.90 111.10
1790884743.238 108.88 111.10
1790884743.743 108.85 111.10
1790884744.248 108.83 111.10
1790884744.753 108.01 110.30
1790884745.259 107.72 110.03
1790884745.764 107.30 109.64
1790884746.270 108.03 110.38
1790884746.776 107.82 110.18
1790884747.281 107.57 109.96
1790884747.785 107.33 109.73
1790884748.291 105.61 108.02
1790884748.795 105.54 107.97
1790884749.301 105.52 107.97
1790884749.805 105.49 107.97
1790884750.310 105.47 107.97
1790884750.816 105.22 107.74
1790884751.321 104.81 107.36
1790884751.826 104.88 107.44
1790884752.330 104.66 107.24
1790884752.835 104.42 107.02
1790884753.340 104.23 106.85
1790884753.845 103.07 105.70
1790884754.351 102.42 105.04
1790884754.856 102.43 105.04
1790884755.360 102.45 105.03
1790884755.865 102.45 105.02
1790884756.370 102.49 105.06
1790884756.876 102.15 104.72
1790884757.381 102.31 104.88
1790884757.886 102.13 104.73
1790884758.391 101.95 104.56
1790884758.896 101.83 104.45
1790884759.401 100.19 102.82
1790884759.906 100.12 102.78
1790884760.411 100.10 102.78
1790884760.916 100.08 102.79
1790884761.421 100.07 102.79
1790884761.926 100.03 102.76
1790884762.431 99.63 102.40
1790884762.936 99.33 102.12
1790884763.440 99.88 102.68
1790884763.945 99.75 102.56
1790884764.450 99.55 102.38
1790884764.955 99.38 102.23
1790884765.461 97.73 100.59
1790884765.966 97.70 100.59
1790884766.471 97.68 100.59
1790884766.976 97.65 100.59
1790884767.481 97.63 100.59
1790884767.987 96.97 99.95
1790884768.492 96.57 99.57
1790884768.998 96.90 99.92
1790884769.502 96.72 99.75
1790884770.008 96.50 99.55
1790884770.513 96.29 99.36
1790884771.018 94.65 97.73
1790884771.523 94.61 97.71
1790884772.028 94.59 97.72
1790884772.533 94.56 97.72
1790884773.038 94.50 97.68
1790884773.544 94.09 97.29
1790884774.049 93.69 96.92
1790884774.554 94.01 97.25
1790884775.059 93.89 97.14
1790884775.564 93.75 97.02
1790884776.069 93.60 96.89
1790884776.576 92.18 95.48
1790884777.082 91.83 95.16
1790884777.587 91.81 95.16
1790884778.092 91.77 95.14
1790884778.597 91.74 95.14
1790884779.102 91.44 94.86
1790884779.608 91.04 94.48
1790884780.113 91.36 94.82
1790884780.618 91.22 94.70
1790884781.123 91.06 94.55
1790884781.628 90.90 94.41
1790884782.133 90.22 93.75
1790884782.639 89.16 92.70
1790884783.144 89.13 92.70
1790884783.649 89.11 92.70
1790884784.155 89.08 92.70
1790884784.661 88.43 92.07
1790884785.166 88.02 91.69
1790884785.672 88.42 92.10
1790884786.176 88.27 91.98
1790884786.681 88.11 91.82
1790884787.186 87.90 91.63
1790884787.690 87.72 91.47
1790884788.195 86.09 89.86
1790884788.700 86.07 89.86
1790884789.205 86.05 89.86
1790884789.710 86.03 89.86
1790884790.216 85.88 89.73
1790884790.721 85.55 89.43
1790884791.226 85.13 89.04
1790884791.732 85.88 89.79
1790884792.237 85.75 89.68
1790884792.742 85.58 89.53
1790884793.247 85.39 89.36
1790884793.752 83.72 87.70
1790884794.258 83.69 87.70
1790884794.763 83.67 87.70
1790884795.268 83.65 87.70
1790884795.772 83.62 87.70
1790884796.278 82.97 87.07
1790884796.783 82.58 86.70
1790884797.288 82.90 87.04
1790884797.793 82.71 86.87
1790884798.298 82.53 86.70
1790884798.803 82.33 86.51
1790884799.308 80.78 84.98
1790884799.813 80.75 84.98
1790884800.317 80.73 84.98
1790884800.822 80.71 84.98
1790884801.327 80.69 84.98
1790884801.832 80.37 84.69
1790884802.338 79.97 84.32
1790884802.842 79.97 84.33
1790884803.347 79.79 84.17
1790884803.852 79.63 84.03
1790884804.357 79.44 83.85
1790884804.862 77.81 82.24
1790884805.367 77.79 82.24
1790884805.872 77.77 82.24
1790884806.377 77.75 82.24
1790884806.882 77.73 82.25
1790884807.387 77.39 81.93
1790884807.893 77.06 81.62
1790884808.398 77.58 82.16
1790884808.902 77.37 81.97
1790884809.407 77.22 81.84
1790884809.912 77.09 81.72
1790884810.417 75.53 80.17
1790884810.922 75.45 80.11
1790884811.427 75.43 80.11
1790884811.932 75.44 80.14
1790884812.437 75.41 80.14
1790884812.943 75.30 80.05
1790884813.448 74.94 79.71
1790884813.953 74.55 79.34
1790884814.458 75.19 80.00
1790884814.963 75.04 79.87
1790884815.468 74.86 79.71
1790884815.973 74.68 79.54
1790884816.478 73.09 77.97
1790884816.983 73.07 77.97
1790884817.489 73.05 77.97
1790884817.995 73.01 77.95
1790884818.501 72.55 77.51
1790884819.006 72.16 77.16
1790884819.512 71.78 76.79
1790884820.016 72.21 77.24
1790884820.521 72.00 77.05
1790884821.027 71.75 76.82
1790884821.532 71.59 76.68
1790884822.037 69.80 74.90
1790884822.542 69.77 74.90
1790884823.047 69.73 74.89
1790884823.552 69.69 74.87
1790884824.058 69.50 74.69
1790884824.564 68.95 74.17
1790884825.069 68.56 73.81
1790884825.574 69.08 74.34
1790884826.079 68.93 74.21
1790884826.584 68.77 74.06
1790884827.089 68.58 73.89
1790884827.594 67.01 72.34
1790884828.100 67.01 72.36
1790884828.605 66.99 72.36
1790884829.110 66.97 72.36
1790884829.616 66.14 71.56
1790884830.122 66.63 72.07
1790884830.627 66.24 71.71
1790884831.132 66.82 72.30
1790884831.637 66.61 72.11
1790884832.142 66.42 71.93
1790884832.647 66.23 71.77
1790884833.152 64.60 70.14
1790884833.657 64.57 70.14
1790884834.162 64.55 70.15
1790884834.666 64.52 70.15
1790884835.171 64.01 69.65
1790884835.676 63.64 69.31
1790884836.181 63.28 68.97
1790884836.686 63.97 69.68
1790884837.191 63.76 69.48
1790884837.697 63.52 69.25
1790884838.202 63.32 69.07
1790884838.707 61.76 67.52
1790884839.212 61.72 67.52
1790884839.717 61.69 67.51
1790884840.222 61.65 67.50
1790884840.728 62.09 67.97
1790884841.233 61.74 67.65
1790884841.738 61.42 67.35
1790884842.243 61.32 67.27
1790884842.748 61.23 67.20
1790884843.253 60.13 66.13
1790884843.758 60.11 66.13
1790884844.263 60.10 66.14
1790884844.768 60.07 66.14
1790884845.272 59.96 66.07
1790884845.777 59.57 65.75
1790884846.281 59.94 66.16
1790884846.786 59.80 66.04
1790884847.290 59.64 65.91
1790884847.795 58.54 64.82
1790884848.300 58.56 64.82
1790884848.805 58.57 64.81
1790884849.310 57.97 64.19
1790884849.814 57.61 63.83
1790884850.319 57.77 64.01
1790884850.824 57.66 63.92
1790884851.329 57.50 63.78
1790884851.834 56.53 62.83
1790884852.338 56.50 62.83
1790884852.843 56.45 62.82
1790884853.348 56.16 62.56
1790884853.853 55.89 62.31
1790884854.358 55.76 62.21
1790884854.863 55.65 62.12
1790884855.368 55.52 62.02
1790884855.873 54.47 60.99
1790884856.378 54.44 60.99
1790884856.883 54.41 60.99
1790884857.388 54.38 60.99
1790884857.893 53.99 60.63
1790884858.398 53.64 60.31
1790884858.903 53.58 60.27
1790884859.409 53.42 60.13
1790884859.914 53.24 59.97
1790884860.418 52.30 59.04
1790884860.923 52.27 59.04
1790884861.428 52.23 59.02
1790884861.934 52.07 58.89
1790884862.439 51.31 58.14
1790884862.944 50.94 57.80
1790884863.452 50.57 57.46
1790884863.957 51.10 58.00
1790884864.463 50.96 57.88
1790884864.968 50.83 57.76
1790884865.474 50.69 57.64
1790884865.979 49.29 56.25
1790884866.484 49.26 56.25
1790884866.989 49.23 56.25
1790884867.494 49.21 56.25
1790884867.999 48.95 56.01
1790884868.504 48.67 55.76
1790884869.010 47.51 54.61
1790884869.515 48.78 55.91
1790884870.020 48.67 55.81
1790884870.525 48.50 55.66
1790884871.029 48.29 55.47
1790884871.537 47.01 54.21
1790884872.042 47.00 54.21
1790884872.547 46.97 54.22
1790884873.052 46.94 54.20
1790884873.557 47.55 54.83
1790884874.064 46.06 53.36
1790884874.569 45.67 53.00
1790884875.074 46.45 53.79
1790884875.578 46.31 53.68
1790884876.083 46.22 53.60
1790884876.588 46.07 53.46
1790884877.093 44.49 51.89
1790884877.598 44.46 51.89
1790884878.102 44.43 51.87
1790884878.607 44.40 51.87
1790884879.112 44.38 51.87
1790884879.618 44.08 51.59
1790884880.123 43.70 51.23
1790884880.628 43.32 50.87
1790884881.134 44.07 51.64
1790884881.639 43.94 51.53
1790884882.145 43.78 51.38
1790884882.650 43.58 51.20
1790884883.156 42.07 49.70
1790884883.660 42.07 49.73
1790884884.165 42.05 49.73
1790884884.670 42.02 49.73
1790884885.175 41.46 49.19
1790884885.681 41.10 48.86
1790884886.186 40.72 48.49
1790884886.691 40.79 48.58
1790884887.196 40.62 48.43
1790884887.700 40.41 48.24
1790884888.205 40.19 48.04
1790884888.710 38.56 46.42
1790884889.215 38.54 46.42
1790884889.719 38.52 46.42
1790884890.225 38.49 46.42
1790884890.730 38.19 46.15
1790884891.236 37.81 45.79
1790884891.741 37.00 45.00
1790884892.246 37.65 45.67
1790884892.751 37.44 45.48
1790884893.256 37.24 45.29
1790884893.761 37.06 45.13
1790884894.266 35.76 43.84
1790884894.771 35.74 43.84
1790884895.276 35.71 43.84
1790884895.781 35.69 43.84
1790884896.287 35.33 43.51
1790884896.792 34.97 43.17
1790884897.298 34.60 42.82
1790884897.802 34.88 43.11
1790884898.308 34.72 42.98
1790884898.813 34.54 42.81
1790884899.318 34.38 42.67
1790884899.823 33.05 41.35
1790884900.328 33.02 41.35
1790884900.833 33.00 41.35
1790884901.337 32.97 41.35
1790884901.842 32.57 40.97
1790884902.347 32.21 40.63
1790884902.852 31.82 40.27
1790884903.357 32.47 40.93
1790884903.862 32.32 40.80
1790884904.367 32.13 40.62
1790884904.872 31.94 40.44
1790884905.377 30.28 38.81
1790884905.882 30.22 38.75
1790884906.387 30.19 38.75
1790884906.891 30.17 38.75
1790884907.396 30.14 38.76
1790884907.902 29.78 38.41
1790884908.407 29.40 38.06
1790884908.912 29.75 38.42
1790884909.417 29.57 38.26
1790884909.921 29.46 38.17
1790884910.426 29.27 38.00
1790884910.931 27.65 36.39
1790884911.436 27.63 36.39
1790884911.941 27.60 36.39
1790884912.446 27.58 36.39
1790884912.951 27.55 36.38
1790884913.456 27.16 36.01
1790884913.961 26.77 35.65
1790884914.466 27.20 36.10
1790884914.971 27.05 35.96
1790884915.476 26.91 35.84
1790884915.981 26.73 35.68
1790884916.487 25.21 34.19
1790884916.991 25.15 34.14
1790884917.496 25.12 34.14
1790884918.002 25.09 34.12
1790884918.507 25.06 34.12
1790884919.013 24.58 33.66
1790884919.518 24.19 33.29
1790884920.024 24.67 33.79
1790884920.528 24.52 33.66
1790884921.034 24.38 33.54
1790884921.538 24.23 33.41
1790884922.044 22.72 31.90
1790884922.549 22.65 31.86
1790884923.054 22.63 31.87
1790884923.559 22.60 31.86
1790884924.064 22.56 31.85
1790884924.569 22.06 31.37
1790884925.074 21.67 31.00
1790884925.579 21.94 31.28
1790884926.083 21.75 31.11
1790884926.589 21.54 30.92
1790884927.094 21.37 30.76
1790884927.598 21.17 30.58
1790884928.103 19.51 28.93
1790884928.608 19.49 28.93
1790884929.113 19.46 28.93
1790884929.618 19.44 28.94
1790884930.123 18.69 28.20
1790884930.630 19.13 28.67
1790884931.135 18.75 28.30
1790884931.639 19.38 28.95
1790884932.144 19.26 28.85
1790884932.649 19.11 28.71
1790884933.155 18.92 28.54
1790884933.660 17.40 27.04
1790884934.165 17.80 27.46
1790884934.670 17.78 27.46
1790884935.175 17.76 27.46
1790884935.680 17.74 27.46
1790884936.185 17.32 27.06
1790884936.690 16.95 26.71
1790884937.195 17.10 26.89
1790884937.700 17.24 27.04
1790884938.204 17.03 26.85
1790884938.710 16.83 26.67
1790884939.215 15.95 25.80
1790884939.726 14.99 24.87
1790884940.231 14.97 24.87
1790884940.736 14.95 24.87
1790884941.241 14.93 24.88
1790884941.746 14.25 24.22
1790884942.252 13.83 23.83
1790884942.757 14.24 24.25
1790884943.261 14.04 24.07
1790884943.766 13.88 23.93
1790884944.272 13.71 23.77
1790884944.777 13.52 23.60
1790884945.282 11.99 22.09
1790884945.788 13.27 23.39
1790884946.293 13.13 23.27
1790884946.799 12.97 23.14
1790884947.304 11.46 21.64
1790884947.809 11.06 21.26
1790884948.314 10.64 20.87
1790884948.819 11.51 21.76
1790884949.324 11.34 21.60
1790884949.829 11.15 21.43
1790884950.334 11.00 21.30
1790884950.839 9.48 19.79
1790884951.344 9.45 19.79
1790884951.849 9.43 19.79
1790884952.354 9.41 19.79
1790884952.859 9.39 19.79
1790884953.365 8.65 19.07
1790884953.871 8.28 18.72
1790884954.376 8.53 18.99
1790884954.881 8.42 18.90
1790884955.386 8.30 18.79
1790884955.890 8.13 18.64
1790884956.396 7.72 18.25
1790884956.902 5.72 16.63
1790884957.407 7.32 18.29
1790884957.912 6.90 18.48
1790884958.418 7.37 18.52
1790884958.923 7.82 18.51
1790884959.427 7.18 18.52
1790884959.932 7.59 18.52
1790884960.438 6.96 18.50
1790884960.942 7.38 18.52
1790884961.448 7.83 18.53
1790884961.953 7.19 18.51
1790884962.459 7.63 18.52
1790884962.964 6.99 18.51
1790884963.469 7.44 18.52
1790884963.975 7.93 18.53
1790884964.480 7.24 18.51
1790884964.985 7.73 18.52
1790884965.490 7.05 18.51
1790884965.996 7.53 18.52
1790884966.501 7.21 18.52
1790884967.006 7.35 18.51
1790884967.511 7.80 18.52
1790884968.016 7.17 18.51
1790884968.521 7.63 18.52
1790884969.027 6.98 18.51
1790884969.532 7.43 18.51
1790884970.037 7.92 18.52
1790884970.542 7.25 18.51
1790884971.047 7.74 18.52
1790884971.553 7.05 18.50
1790884972.058 7.56 18.51
1790884972.563 6.91 18.49
1790884973.068 7.35 18.49
1790884973.574 7.78 18.50
1790884974.079 7.16 18.49
1790884974.585 7.61 18.51
1790884975.090 7.05 18.57
1790884975.595 7.70 18.76
1790884976.100 8.15 18.76
1790884976.605 7.50 18.75
1790884977.111 7.95 18.76
1790884977.616 7.29 18.75
1790884978.121 7.80 18.75
1790884978.626 7.16 18.74
1790884979.131 7.62 18.75
1790884979.637 8.10 18.76
1790884980.142 7.47 18.75
1790884980.647 7.92 18.76
1790884981.153 7.28 18.75
1790884981.658 7.74 18.76
1790884982.164 7.53 18.70
1790884982.669 7.59 18.75
1790884983.174 8.04 18.76
1790884983.679 7.42 18.75
1790884984.185 7.91 18.76
1790884984.690 7.23 18.73
1790884985.195 7.72 18.74
1790884985.700 8.13 18.73
1790884986.205 7.51 18.74
1790884986.710 8.03 18.75
1790884987.215 7.39 18.74
1790884987.721 7.88 18.76
1790884988.226 7.22 18.75
1790884988.732 7.71 18.75
1790884989.237 8.17 18.76
1790884989.742 7.52 18.75
1790884990.247 8.04 18.76
1790884990.753 7.37 18.75
1790884991.258 7.86 18.76
1790884991.763 7.22 18.75
1790884992.268 7.68 18.76
1790884992.772 8.17 18.76
1790884993.278 7.52 18.75
1790884993.783 8.03 18.76
1790884994.289 7.37 18.73
1790884994.794 7.85 18.74
1790884995.300 7.20 18.73
1790884995.805 7.67 18.74
1790884996.311 8.16 18.75
1790884996.816 7.54 18.73
1790884997.321 7.96 18.75
1790884997.827 7.32 18.72
1790884998.332 7.80 18.74
1790884998.837 7.18 18.72
1790884999.343 7.58 18.73
1790884999.848 8.09 18.75
1790885000.353 7.45 18.73
1790885000.859 7.92 18.74
1790885001.365 7.31 18.73
1790885001.870 7.74 18.74
1790885002.376 8.21 18.75
1790885002.880 7.54 18.72
1790885003.386 8.00 18.73
1790885003.892 7.38 18.71
1790885004.396 7.85 18.72
1790885004.902 7.19 18.72
1790885005.407 7.70 18.72
1790885005.912 8.16 18.73
1790885006.418 7.48 18.71
1790885006.923 7.98 18.73
1790885007.429 7.35 18.72
1790885007.934 7.82 18.71
1790885008.439 7.19 18.71
1790885008.945 7.63 18.72
1790885009.450 8.13 18.72
1790885009.955 7.48 18.71
1790885010.461 7.93 18.71
1790885010.966 7.30 18.71
1790885011.472 7.76 18.71
1790885011.977 7.11 18.71
1790885012.483 7.64 18.72
1790885012.988 8.05 18.71
1790885013.494 7.43 18.70
1790885013.999 7.92 18.70
1790885014.505 7.25 18.70
1790885015.010 7.75 18.70
1790885015.515 7.11 18.63
1790885016.020 7.55 18.71
1790885016.526 8.05 18.71
1790885017.032 7.40 18.70
1790885017.537 7.89 18.70
1790885018.042 7.21 18.68
1790885018.548 7.75 18.70
1790885019.053 7.11 18.68
1790885019.559 7.53 18.70
1790885020.064 8.06 18.72
1790885020.570 7.39 18.70
1790885021.075 7.89 18.72
1790885021.581 7.24 18.71
1790885022.086 7.70 18.71
1790885022.592 7.70 18.71
1790885023.098 7.54 18.70
1790885023.603 8.00 18.71
1790885024.109 7.36 18.70
1790885024.615 7.93 18.77
1790885025.120 7.29 18.76
1790885025.626 7.75 18.77
1790885026.131 7.35 18.70
1790885026.637 7.61 18.76
1790885027.142 8.07 18.78
1790885027.648 7.43 18.77
1790885028.154 7.94 18.79
1790885028.659 7.30 18.78
1790885029.165 7.75 18.79
1790885029.670 8.26 18.80
1790885030.176 7.59 18.78
1790885030.681 8.07 18.79
1790885031.187 7.45 18.79
1790885031.692 7.90 18.79
1790885032.198 7.27 18.78
1790885032.704 7.75 18.80
1790885033.209 8.20 18.80
1790885033.715 7.57 18.79
1790885034.220 8.04 18.80
1790885034.726 7.38 18.78
1790885035.232 7.85 18.79
1790885035.738 7.24 18.79
1790885036.243 7.67 18.80
1790885036.749 8.15 18.81
1790885037.255 8.34 18.87
1790885037.760 9.17 19.71
1790885038.265 10.47 21.01
1790885038.771 105.80 116.34
1790885039.277 105.80 116.34
1790885039.783 105.80 116.34
1790885040.288 105.80 116.34
1790885040.794 105.80 116.34
1790885041.299 105.80 116.34
1790885041.805 105.80 116.34
1790885042.311 105.80 116.34
1790885042.816 105.85 116.39
1790885043.322 105.85 116.39
1790885043.827 105.86 116.40
1790885044.333 105.86 116.40
1790885044.838 105.87 116.41
1790885045.344 105.87 116.41
1790885045.849 105.87 116.41
1790885046.353 105.87 116.41
1790885046.860 105.87 116.41
1790885047.365 105.86 116.40
1790885047.869 105.84 116.38
1790885048.373 105.89 116.43
1790885048.879 105.88 116.43
1790885049.384 115.20 116.54
1790885049.899 117.07 116.56
1790885050.420 117.06 116.56
1790885050.925 117.06 116.56
1790885051.431 117.06 116.56
1790885051.936 117.06 116.56
1790885052.442 117.06 116.56
1790885052.947 117.10 116.61
1790885053.453 117.10 116.61
1790885053.959 117.10 116.61
1790885054.463 117.10 116.61
1790885054.969 117.07 116.61
1790885055.475 117.07 116.61
1790885055.980 117.07 116.61
1790885056.486 117.07 116.61
1790885056.991 117.07 116.61
1790885057.497 117.07 116.61
1790885058.003 117.07 116.61
1790885058.508 117.08 116.62
1790885059.014 117.15 116.68
1790885059.519 117.15 116.68
1790885060.025 117.15 116.68
1790885060.530 117.15 116.68
1790885061.035 117.15 116.68
1790885061.541 117.14 116.68
1790885062.047 117.14 116.68
1790885062.552 117.15 116.69
1790885063.057 117.10 116.66
1790885063.562 117.03 116.69
1790885064.067 117.02 116.68
1790885064.573 116.74 116.57
1790885065.078 116.55 116.46
1790885065.583 116.48 116.42
1790885066.089 116.36 116.33
1790885066.594 116.16 116.15
1790885067.098 115.73 115.74
1790885067.602 114.88 114.89
1790885068.107 114.42 114.43
1790885068.612 113.90 113.92
1790885069.118 112.02 112.04
1790885069.624 97.42 97.45
1790885070.130 83.08 83.11
1790885070.636 68.39 68.42
1790885071.142 54.12 54.15
1790885071.647 39.61 39.64
1790885072.153 25.32 25.35
1790885072.660 16.82 16.85
1790885073.165 16.40 16.42
1790885073.670 16.40 16.42
1790885074.175 16.39 16.42
1790885074.680 16.39 16.42
1790885075.186 16.39 16.41
1790885075.691 16.39 16.41
1790885076.195 16.38 16.41
1790885076.701 16.38 16.41
1790885077.205 16.43 16.46
1790885077.711 16.43 16.46
1790885078.215 16.43 16.46
1790885078.721 16.43 16.46
1790885079.227 16.43 16.46
1790885079.732 16.43 16.46
1790885080.237 16.43 16.46
1790885080.742 16.76 16.78
1790885081.248 16.24 16.31
1790885081.754 16.03 16.11
1790885082.259 16.25 16.36
1790885082.765 15.87 16.36
1790885083.270 15.52 16.35
1790885083.775 15.45 16.31
1790885084.280 15.34 16.23
1790885084.785 15.21 16.12
1790885085.290 15.15 16.07
1790885085.795 15.11 16.03
1790885086.300 15.05 15.98
1790885086.805 14.92 15.86
1790885087.310 14.78 15.74
1790885087.815 14.57 15.54
1790885088.321 14.51 15.48
1790885088.825 14.14 15.11
1790885089.330 13.76 14.73
1790885089.835 13.54 14.51
1790885090.340 13.28 14.25
1790885090.845 13.11 14.09
1790885091.350 13.30 14.31
1790885091.855 12.81 13.83
1790885092.360 12.55 13.57
1790885092.865 12.24 13.26
1790885093.370 12.00 13.03
1790885093.876 12.63 13.66
1790885094.381 12.58 13.62
1790885094.887 12.58 13.62
1790885095.392 12.58 13.62
1790885095.896 12.58 13.62
1790885096.402 12.58 13.62
1790885096.907 12.58 13.62
1790885097.413 12.58 13.63
1790885097.918 12.58 13.62
1790885098.423 12.58 13.62
1790885098.928 12.57 13.62
1790885099.434 12.57 13.62
1790885099.939 13.15 14.20
1790885100.444 13.09 14.14
1790885100.949 13.09 14.14
1790885101.455 13.09 14.14
1790885101.960 13.09 14.15
1790885102.465 13.10 14.15
1790885102.970 13.07 14.12
1790885103.475 13.07 14.12
1790885103.980 13.04 14.09
1790885104.486 13.03 14.10
1790885104.991 13.03 14.10
1790885105.496 13.02 14.09
1790885106.001 13.02 14.09
1790885106.506 13.02 14.09
1790885107.011 12.91 13.99
1790885107.516 12.88 13.96
1790885108.021 12.85 13.93
1790885108.526 13.01 14.01
1790885109.032 12.87 13.89
1790885109.537 12.87 13.89
1790885110.042 12.60 13.64
1790885110.547 12.25 13.32
1790885111.052 11.97 13.07
1790885111.557 11.73 12.86
1790885112.062 11.21 12.48
1790885112.567 10.46 11.74
1790885113.072 9.93 11.21
1790885113.577 9.18 10.47
1790885114.082 8.36 9.65
1790885114.588 7.75 9.04
1790885115.093 7.50 8.82
1790885115.598 9.10 10.45
1790885116.104 9.10 10.45
1790885116.609 8.96 10.31
1790885117.114 8.05 9.41
1790885117.619 8.02 9.37
1790885118.125 7.72 9.06
1790885118.630 8.17 9.52
1790885119.135 8.18 9.54
1790885119.641 8.18 9.54
1790885120.146 8.17 9.53
1790885120.652 8.17 9.52
1790885121.157 8.17 9.52
1790885121.662 8.74 10.10
1790885122.168 9.78 11.11
1790885122.673 9.77 11.10
1790885123.179 9.77 11.10
1790885123.684 9.78 11.11
1790885124.190 9.79 11.14
1790885124.695 9.80 11.15
1790885125.200 9.85 11.23
1790885125.705 9.66 11.06
1790885126.210 9.52 10.92
1790885126.716 9.31 10.73
1790885127.221 9.24 10.66
1790885127.726 9.24 10.58
1790885128.231 9.12 10.49
1790885128.737 9.19 10.46
1790885129.241 9.40 10.61
1790885129.747 9.40 10.61
1790885130.252 9.40 10.63
1790885130.757 9.35 10.59
1790885131.263 9.33 10.57
1790885131.767 9.22 10.46
1790885132.272 9.07 10.31
1790885132.777 8.91 10.15
1790885133.283 8.62 9.86
1790885133.788 8.41 9.65
1790885134.292 8.27 9.52
1790885134.798 8.50 9.75
1790885135.302 8.13 9.38
1790885135.807 7.87 9.13
1790885136.313 7.60 8.86
1790885136.818 7.80 9.06
1790885137.323 8.19 9.45
1790885137.829 8.19 9.45
1790885138.334 8.17 9.43
1790885138.838 8.93 10.19
1790885139.344 8.93 10.19
1790885139.849 8.91 10.18
1790885140.355 8.91 10.18
1790885140.860 8.91 10.18
1790885141.366 8.91 10.19
1790885141.871 8.91 10.19
1790885142.376 8.89 10.17
1790885142.881 9.01 10.22
1790885143.386 9.08 10.30
1790885143.892 8.90 10.21
1790885144.397 8.90 10.22
1790885144.902 8.91 10.23
1790885145.408 8.91 10.23
1790885145.914 8.93 10.25
1790885146.419 8.89 10.22
1790885146.925 8.87 10.20
1790885147.430 8.84 10.17
1790885147.935 8.95 10.28
1790885148.440 8.84 10.17
1790885148.946 8.84 10.18
1790885149.450 6.98 8.31
1790885149.957 5.78 7.11
1790885150.462 5.76 7.10
1790885150.969 5.73 7.07
1790885151.475 5.74 7.08
1790885151.981 5.74 7.08
1790885152.488 5.74 7.08
1790885152.993 5.73 7.07
1790885153.498 5.73 7.07
1790885154.005 5.73 7.07
1790885154.511 5.74 7.08
1790885155.018 5.74 7.08
1790885155.524 5.75 7.09
1790885156.030 5.76 7.10
1790885156.537 5.76 7.10
1790885157.043 5.76 7.10
1790885157.548 5.77 7.11
1790885158.053 5.76 7.11
1790885158.559 5.77 7.11
1790885159.064 5.77 7.11
1790885159.569 5.77 7.11
1790885160.073 5.78 7.13
1790885160.578 5.78 7.13
1790885161.082 5.77 7.12
1790885161.588 5.77 7.12
1790885162.094 5.77 7.12
1790885162.600 5.76 7.11
1790885163.106 5.76 7.10
1790885163.611 5.77 7.12
1790885164.117 5.77 7.12
1790885164.622 5.77 7.12
1790885165.128 5.78 7.13
1790885165.633 5.79 7.14
1790885166.138 5.82 7.16
1790885166.644 5.82 7.17
1790885167.150 5.83 7.18
1790885167.656 5.83 7.18
1790885168.161 5.83 7.18
1790885168.666 5.83 7.18
1790885169.172 5.84 7.18
1790885169.677 5.84 7.18
1790885170.183 5.85 7.19
1790885170.688 5.85 7.19
1790885171.194 5.85 7.19
1790885171.699 5.85 7.19
1790885172.205 5.85 7.19
1790885172.710 5.85 7.19
1790885173.216 5.87 7.22
1790885173.721 5.87 7.22
1790885174.227 5.87 7.22
1790885174.732 5.87 7.21
1790885175.238 5.87 7.21
1790885175.743 5.87 7.21
1790885176.249 5.88 7.22
1790885176.754 5.88 7.22
1790885177.260 5.89 7.24
1790885177.765 5.90 7.24
1790885178.270 5.90 7.25
1790885178.776 5.90 7.25
1790885179.281 5.90 7.25
1790885179.786 5.90 7.25
1790885180.291 5.91 7.25
1790885180.796 5.91 7.25
1790885181.302 5.92 7.27
1790885181.807 5.93 7.27
1790885182.313 5.93 7.27
1790885182.818 5.93 7.27
1790885183.324 5.93 7.28
1790885183.829 5.94 7.29
1790885184.335 5.94 7.29
1790885184.840 5.94 7.29
1790885185.345 5.94 7.29
1790885185.850 5.94 7.29
1790885186.356 5.96 7.31
1790885186.861 5.96 7.31
1790885187.367 5.98 7.32
1790885187.873 6.00 7.35
1790885188.378 6.01 7.36
1790885188.884 6.02 7.36
1790885189.388 6.02 7.36
1790885189.894 6.02 7.36
1790885190.401 6.02 7.36
1790885190.908 6.02 7.37
1790885191.413 6.02 7.37
1790885191.919 6.04 7.39
1790885192.425 6.04 7.39
1790885192.930 6.02 7.37
1790885193.435 6.04 7.39
1790885193.940 6.05 7.40
1790885194.448 6.05 7.40
1790885194.956 6.06 7.41
1790885195.461 6.06 7.41
1790885195.966 6.08 7.43
1790885196.472 6.08 7.43
1790885196.977 6.08 7.43
1790885197.482 6.08 7.43
1790885197.987 6.09 7.44
1790885198.493 6.11 7.46
1790885198.998 6.11 7.46
1790885199.503 6.12 7.46
1790885200.009 6.12 7.46
1790885200.514 6.11 7.46
1790885201.019 6.11 7.46
1790885201.524 6.12 7.47
1790885202.030 6.12 7.47
1790885202.535 6.12 7.47
1790885203.040 6.11 7.46
1790885203.546 6.11 7.46
1790885204.051 6.11 7.46
1790885204.556 6.11 7.46
1790885205.061 6.12 7.47
1790885205.566 6.12 7.47
1790885206.071 6.12 7.47
1790885206.577 6.12 7.47
1790885207.082 6.13 7.48
1790885207.587 6.13 7.48
1790885208.092 6.12 7.47
1790885208.598 6.13 7.48
1790885209.104 6.13 7.48
1790885209.610 6.13 7.48
1790885210.115 6.14 7.48
1790885210.621 6.14 7.48
1790885211.126 6.14 7.50
1790885211.631 6.14 7.51
1790885212.137 6.14 7.51
1790885212.641 6.15 7.52
1790885213.147 6.15 7.51
1790885213.653 6.15 7.51
1790885214.157 6.16 7.52
1790885214.663 6.16 7.52
1790885215.167 6.16 7.53
1790885215.673 6.15 7.51
1790885216.178 6.19 7.55
1790885216.684 6.19 7.55
1790885217.189 6.19 7.55
1790885217.695 6.21 7.57
1790885218.201 6.19 7.55
1790885218.706 6.19 7.55
1790885219.212 6.22 7.58
1790885219.717 6.22 7.58
1790885220.224 6.21 7.58
1790885220.730 6.21 7.58
1790885221.235 6.21 7.58
1790885221.739 6.21 7.58
1790885222.247 6.23 7.59
1790885222.753 6.23 7.60
1790885223.259 6.23 7.60
1790885223.764 6.25 7.62
1790885224.270 6.25 7.62
1790885224.777 6.25 7.62
1790885225.283 6.26 7.62
1790885225.788 6.26 7.62
1790885226.294 6.28 7.65
1790885226.801 6.29 7.65
1790885227.307 6.30 7.66
1790885227.812 6.30 7.66
1790885228.318 6.32 7.69
1790885228.823 6.34 7.70
1790885229.329 6.34 7.70
1790885229.834 6.34 7.71
1790885230.339 6.34 7.71
1790885230.844 6.34 7.71
1790885231.349 6.34 7.71
1790885231.854 6.34 7.71
1790885232.360 6.34 7.71
1790885232.865 6.36 7.72
1790885233.370 6.34 7.71
1790885233.875 6.34 7.71
1790885234.380 6.35 7.72
1790885234.885 6.35 7.72
1790885235.390 6.35 7.72
1790885235.896 6.36 7.72
1790885236.401 6.38 7.74
1790885236.906 6.39 7.75
1790885237.412 6.39 7.75
1790885237.917 6.37 7.74
1790885238.422 6.39 7.75
1790885238.928 6.39 7.75
1790885239.433 6.41 7.77
1790885239.938 6.41 7.78
1790885240.444 6.42 7.79
1790885240.949 6.43 7.80
1790885241.454 6.43 7.80
1790885241.960 6.43 7.80
1790885242.465 6.43 7.80
1790885242.970 6.42 7.78
1790885243.476 6.44 7.80
1790885243.981 6.45 7.81
1790885244.486 6.45 7.82
1790885244.992 6.45 7.82
1790885245.498 6.46 7.82
1790885246.003 6.46 7.82
1790885246.509 6.50 7.86
1790885247.014 6.49 7.86
1790885247.519 6.51 7.87
1790885248.024 6.49 7.86
1790885248.530 6.49 7.86
1790885249.035 6.49 7.86
1790885249.540 6.49 7.86
1790885250.045 6.50 7.87
1790885250.550 6.53 7.89
1790885251.057 6.54 7.90
1790885251.564 6.54 7.90
1790885252.069 6.54 7.91
1790885252.576 6.54 7.91
1790885253.081 6.54 7.91
1790885253.589 6.56 7.92
1790885254.094 6.56 7.92
1790885254.599 6.56 7.93
1790885255.104 6.58 7.94
1790885255.609 6.58 7.94
1790885256.116 6.59 7.95
1790885256.621 6.66 8.02
1790885257.128 6.66 8.02
1790885257.634 6.66 8.02
1790885258.139 6.67 8.04
1790885258.645 6.69 8.06
1790885259.151 6.69 8.06
1790885259.657 6.69 8.06
1790885260.162 6.69 8.06
1790885260.668 6.69 8.06
1790885261.174 6.71 8.07
1790885261.680 6.71 8.08
1790885262.185 6.72 8.08
1790885262.690 6.72 8.08
1790885263.196 6.71 8.07
1790885263.702 6.73 8.10
1790885264.207 6.73 8.10
1790885264.713 6.75 8.11
1790885265.219 6.75 8.11
1790885265.724 6.75 8.11
1790885266.230 6.75 8.11
1790885266.735 6.80 8.16
1790885267.241 6.80 8.17
1790885267.747 6.80 8.17
1790885268.253 6.80 8.16
1790885268.758 6.81 8.17
1790885269.264 6.81 8.17
1790885269.770 6.81 8.17
1790885270.275 6.81 8.17
1790885270.781 6.81 8.17
1790885271.287 6.81 8.17
1790885271.793 6.82 8.18
1790885272.299 6.83 8.20
1790885272.804 6.84 8.20
1790885273.309 6.85 8.21
1790885273.815 6.86 8.22
1790885274.321 6.86 8.22
1790885274.826 6.85 8.22
1790885275.332 6.87 8.23
1790885275.838 6.87 8.23
1790885276.343 6.87 8.23
1790885276.849 6.92 8.28
1790885277.355 6.92 8.28
1790885277.860 6.92 8.29
1790885278.365 6.92 8.29
1790885278.871 6.92 8.29
1790885279.376 6.93 8.30
1790885279.882 6.93 8.30
1790885280.387 6.93 8.30
1790885280.893 6.93 8.30
1790885281.399 6.93 8.30
1790885281.905 6.94 8.30
1790885282.411 6.94 8.30
1790885282.917 6.94 8.31
1790885283.423 6.96 8.33
1790885283.929 6.97 8.33
1790885284.435 6.97 8.33
1790885284.942 6.97 8.33
1790885285.447 6.97 8.33
1790885285.953 6.97 8.34
1790885286.457 6.98 8.35
1790885286.964 7.00 8.37
1790885287.469 7.00 8.37
1790885287.975 6.99 8.35
1790885288.481 6.99 8.35
1790885288.985 6.99 8.35
1790885289.491 7.00 8.36
1790885289.997 7.00 8.36
1790885290.505 7.00 8.37
1790885291.012 7.00 8.37
1790885291.518 7.00 8.37
1790885292.023 7.00 8.37
1790885292.529 7.00 8.37
1790885293.035 7.00 8.36
1790885293.540 7.00 8.36
1790885294.046 7.00 8.37
1790885294.552 7.01 8.38
1790885295.057 7.01 8.38
1790885295.563 7.03 8.39
1790885296.069 7.03 8.39
1790885296.575 7.03 8.39
1790885297.080 7.05 8.42
1790885297.586 7.05 8.42
1790885298.091 7.04 8.40
1790885298.597 7.06 8.42
1790885299.103 7.06 8.42
1790885299.609 7.06 8.42
1790885300.115 7.07 8.43
1790885300.620 7.07 8.43
1790885301.126 7.07 8.44
1790885301.631 7.07 8.44
1790885302.137 7.07 8.44
1790885302.643 7.07 8.44
1790885303.148 7.06 8.42
1790885303.654 7.08 8.44
1790885304.160 7.09 8.45
1790885304.665 7.10 8.46
1790885305.171 7.11 8.47
1790885305.677 7.11 8.47
1790885306.183 7.11 8.47
1790885306.688 7.11 8.48
1790885307.194 7.15 8.51
1790885307.700 7.15 8.51
1790885308.206 7.15 8.52
1790885308.712 7.16 8.53
1790885309.217 7.16 8.53
1790885309.723 7.16 8.53
1790885310.229 7.17 8.53
1790885310.735 7.17 8.53
1790885311.241 7.18 8.55
1790885311.747 7.19 8.55
1790885312.252 7.19 8.55
1790885312.758 7.19 8.55
1790885313.265 7.21 8.57
1790885313.771 7.22 8.59
1790885314.276 7.22 8.59
1790885314.782 7.22 8.59
1790885315.287 7.23 8.59
1790885315.793 7.23 8.59
1790885316.300 7.24 8.60
1790885316.806 7.24 8.60
1790885317.313 7.26 8.63
1790885317.819 7.27 8.63
1790885318.326 7.27 8.63
1790885318.833 7.29 8.66
1790885319.340 7.29 8.66
1790885319.846 7.29 8.66
1790885320.352 7.29 8.66
1790885320.857 7.30 8.66
1790885321.363 7.30 8.66
1790885321.868 7.31 8.68
1790885322.373 7.32 8.69
1790885322.879 7.32 8.69
1790885323.384 7.33 8.69
1790885323.889 7.33 8.69
1790885324.394 7.33 8.69
1790885324.899 7.34 8.71
1790885325.405 7.34 8.71
1790885325.910 7.34 8.71
1790885326.416 7.34 8.71
1790885326.921 7.34 8.71
1790885327.427 7.36 8.73
1790885327.932 7.37 8.73
1790885328.437 7.39 8.76
1790885328.943 7.40 8.76
1790885329.448 7.41 8.78
1790885329.953 7.41 8.78
1790885330.458 7.41 8.78
1790885330.964 7.41 8.78
1790885331.469 7.41 8.78
1790885331.974 7.41 8.78
1790885332.480 7.42 8.79
1790885332.985 7.41 8.77
1790885333.491 7.42 8.78
1790885333.996 7.42 8.78
1790885334.501 7.42 8.78
1790885335.007 7.43 8.80
1790885335.512 7.43 8.80
1790885336.017 7.44 8.81
1790885336.522 7.44 8.81
1790885337.028 7.44 8.81
1790885337.533 7.46 8.82
1790885338.039 7.46 8.82
1790885338.544 7.48 8.85
1790885339.048 7.48 8.85
1790885339.554 7.48 8.85
1790885340.059 7.50 8.87
1790885340.564 7.50 8.87
1790885341.069 7.50 8.87
1790885341.573 7.50 8.87
1790885342.079 7.50 8.87
1790885342.584 7.51 8.88
1790885343.089 7.50 8.87
1790885343.595 7.52 8.89
1790885344.100 7.53 8.89
1790885344.605 7.53 8.89
1790885345.111 7.55 8.92
1790885345.617 7.55 8.92
1790885346.122 7.56 8.93
1790885346.628 7.56 8.92
1790885347.133 7.56 8.92
1790885347.638 7.60 8.96
1790885348.145 7.58 8.95
1790885348.651 7.58 8.95
1790885349.156 7.59 8.95
1790885349.662 7.59 8.96
1790885350.168 7.60 8.97
1790885350.674 7.61 8.97
1790885351.181 7.62 8.98
1790885351.687 7.62 8.98
1790885352.191 7.62 8.98
1790885352.697 7.62 8.98
1790885353.203 7.61 8.97
1790885353.709 7.62 8.98
1790885354.215 7.63 8.99
1790885354.720 7.62 8.99
1790885355.226 7.63 9.00
1790885355.732 7.63 9.00
1790885356.238 7.63 9.00
1790885356.743 7.63 9.00
1790885357.248 7.66 9.03
1790885357.754 7.67 9.03
1790885358.260 7.67 9.03
1790885358.765 7.68 9.05
1790885359.271 7.68 9.05
1790885359.776 7.69 9.05
1790885360.282 7.69 9.05
1790885360.788 7.70 9.06
1790885361.294 7.71 9.08
1790885361.799 7.71 9.08
1790885362.306 7.71 9.08
1790885362.811 7.72 9.09
1790885363.317 7.71 9.07
1790885363.822 7.72 9.09
1790885364.328 7.73 9.09
1790885364.833 7.75 9.12
1790885365.338 7.75 9.12
1790885365.843 7.75 9.12
1790885366.348 7.75 9.12
1790885366.854 7.75 9.12
1790885367.358 7.79 9.15
1790885367.863 7.80 9.17
1790885368.369 7.79 9.16
1790885368.874 7.79 9.16
1790885369.379 7.79 9.16
1790885369.884 7.79 9.16
1790885370.390 7.79 9.16
1790885370.895 7.79 9.16
1790885371.400 7.79 9.16
1790885371.906 7.79 9.16
1790885372.411 7.81 9.17
1790885372.915 7.81 9.17
1790885373.420 7.83 9.19
1790885373.926 7.83 9.19
1790885374.431 7.83 9.19
1790885374.936 7.85 9.21
1790885375.441 7.85 9.22
1790885375.946 7.85 9.22
1790885376.451 7.87 9.24
1790885376.956 7.87 9.24
1790885377.462 7.91 9.27
1790885377.968 7.89 9.26
1790885378.473 7.90 9.27
1790885378.979 7.91 9.27
1790885379.484 7.91 9.27
1790885379.990 7.91 9.27
1790885380.496 7.91 9.27
1790885381.002 7.91 9.27
1790885381.508 7.91 9.27
1790885382.014 7.91 9.27
1790885382.520 7.91 9.27
1790885383.026 7.91 9.28
1790885383.532 7.93 9.29
1790885384.036 7.95 9.32
1790885384.541 7.95 9.32
1790885385.047 7.97 9.34
1790885385.553 7.97 9.33
1790885386.058 7.97 9.33
1790885386.563 7.98 9.34
1790885387.068 7.99 9.36
1790885387.574 8.01 9.38
1790885388.079 8.01 9.38
1790885388.584 8.04 9.40
1790885389.090 8.04 9.40
1790885389.595 8.04 9.40
1790885390.100 8.04 9.40
1790885390.605 8.04 9.41
1790885391.111 8.04 9.41
1790885391.616 8.04 9.41
1790885392.121 8.04 9.41
1790885392.627 8.04 9.41
1790885393.133 8.06 9.43
1790885393.638 8.07 9.44
1790885394.143 8.07 9.44
1790885394.649 8.07 9.44
1790885395.154 8.08 9.44
1790885395.660 8.08 9.45
1790885396.165 8.08 9.45
1790885396.670 8.08 9.45
1790885397.176 8.09 9.46
1790885397.681 8.11 9.48
1790885398.186 8.10 9.46
1790885398.691 8.11 9.48
1790885399.196 8.11 9.48
1790885399.702 8.11 9.48
1790885400.207 8.11 9.48
1790885400.713 8.11 9.48
1790885401.219 8.12 9.49
1790885401.725 8.12 9.49
1790885402.230 8.12 9.49
1790885402.736 8.12 9.49
1790885403.242 8.12 9.49
1790885403.748 8.14 9.51
1790885404.253 8.15 9.52
1790885404.759 8.15 9.52
1790885405.265 8.17 9.53
1790885405.770 8.17 9.53
1790885406.276 8.17 9.54
1790885406.783 8.17 9.54
1790885407.289 8.17 9.54
1790885407.795 8.15 9.52
1790885408.300 8.14 9.51
1790885408.806 8.14 9.50
1790885409.312 8.14 9.51
1790885409.817 8.15 9.51
1790885410.323 8.14 9.51
1790885410.828 8.14 9.51
1790885411.333 8.14 9.51
1790885411.839 8.14 9.51
1790885412.345 8.15 9.52
1790885412.850 8.15 9.52
1790885413.356 8.09 9.46
1790885413.861 8.11 9.48
1790885414.367 8.11 9.48
1790885414.872 8.11 9.48
1790885415.378 8.18 9.54
1790885415.883 8.18 9.54
1790885416.388 8.19 9.55
1790885416.894 8.19 9.55
1790885417.400 8.19 9.56
1790885417.904 8.23 9.59
1790885418.409 8.23 9.60
1790885418.915 8.24 9.61
1790885419.420 8.25 9.62
1790885419.925 8.25 9.62
1790885420.431 8.25 9.62
1790885420.936 8.25 9.62
1790885421.441 8.25 9.62
1790885421.947 8.25 9.61
1790885422.453 8.25 9.61
1790885422.957 8.24 9.61
1790885423.463 8.24 9.61
1790885423.968 8.24 9.61
1790885424.473 8.24 9.61
1790885424.979 8.24 9.61
1790885425.485 8.26 9.62
1790885425.990 8.25 9.62
1790885426.496 8.25 9.62
1790885427.001 8.26 9.62
1790885427.506 8.26 9.62
1790885428.012 8.25 9.62
1790885428.518 8.25 9.62
1790885429.023 8.26 9.62
1790885429.529 8.26 9.62
1790885430.034 8.26 9.63
1790885430.539 8.26 9.63
1790885431.044 8.26 9.63
1790885431.549 8.27 9.63
1790885432.055 8.27 9.63
1790885432.560 8.27 9.63
1790885433.065 8.27 9.63
1790885433.571 8.29 9.65
1790885434.077 8.29 9.65
1790885434.583 8.29 9.65
1790885435.087 8.29 9.65
1790885435.592 8.28 9.65
1790885436.098 8.30 9.70
1790885436.603 9.92 11.33
1790885437.108 10.07 11.47
1790885437.614 10.14 11.55
1790885438.119 112.69 114.09
1790885438.625 112.72 114.13
1790885439.130 114.22 114.14
1790885439.642 114.65 114.15
1790885440.164 114.66 114.16
1790885440.670 114.66 114.16
1790885441.175 114.67 114.17
1790885441.681 114.67 114.17
1790885442.187 114.67 114.17
1790885442.692 114.68 114.18
1790885443.198 114.66 114.16
1790885443.702 114.67 114.17
1790885444.208 114.66 114.17
1790885444.713 114.66 114.17
1790885445.219 114.66 114.17
1790885445.724 114.67 114.18
1790885446.230 114.67 114.18
1790885446.735 114.67 114.18
1790885447.241 114.68 114.19
1790885447.746 114.69 114.19
1790885448.251 114.68 114.21
1790885448.757 114.70 114.22
1790885449.262 114.70 114.22
1790885449.767 114.70 114.22
1790885450.272 114.70 114.23
1790885450.778 114.70 114.23
1790885451.283 114.70 114.23
1790885451.789 114.71 114.24
1790885452.293 114.73 114.26
1790885452.799 114.69 114.29
1790885453.305 114.67 114.33
1790885453.810 114.63 114.36
1790885454.315 114.38 114.23
1790885454.820 114.31 114.22
1790885455.326 114.27 114.19
1790885455.832 114.24 114.18
1790885456.338 114.01 113.99
1790885456.843 113.87 113.87
1790885457.348 113.43 113.44
1790885457.852 112.87 112.88
1790885458.357 112.50 112.54
1790885458.862 107.39 107.43
1790885459.368 91.02 91.06
1790885459.874 74.70 74.74
1790885460.380 58.55 58.59
1790885460.885 42.11 42.15
1790885461.390 26.11 26.15
1790885461.897 15.93 15.97
1790885462.402 15.76 15.80
1790885462.907 15.76 15.80
1790885463.412 15.76 15.80
1790885463.918 15.76 15.80
1790885464.423 15.76 15.80
1790885464.928 15.76 15.80
1790885465.433 15.76 15.80
1790885465.939 15.76 15.80
1790885466.445 15.76 15.80
1790885466.950 15.76 15.80
1790885467.455 15.76 15.80
1790885467.960 15.76 15.80
1790885468.465 15.76 15.80
1790885468.970 15.75 15.80
1790885469.475 15.75 15.79
1790885469.981 16.05 16.10
1790885470.486 15.37 15.46
1790885470.991 15.32 15.42
1790885471.497 15.35 15.50
1790885472.001 14.99 15.51
1790885472.507 14.66 15.51
1790885473.012 14.37 15.31
1790885473.518 14.18 15.17
1790885474.024 11.09 12.09
1790885474.531 10.81 11.81
1790885475.038 10.79 11.79
1790885475.544 10.79 11.79
1790885476.050 10.79 11.79
1790885476.555 10.79 11.79
1790885477.061 10.79 11.79
1790885477.567 10.79 11.79
1790885478.072 10.79 11.79
1790885478.578 10.79 11.79
1790885479.083 10.79 11.79
1790885479.590 10.79 11.79
1790885480.095 10.79 11.79
1790885480.601 10.79 11.79
1790885481.107 10.79 11.79
1790885481.612 10.79 11.79
1790885482.118 10.79 11.79
1790885482.624 10.79 11.79
1790885483.131 10.75 11.76
1790885483.638 10.75 11.76
1790885484.143 10.75 11.76
1790885484.649 10.76 11.77
1790885485.154 10.76 11.77
1790885485.660 10.76 11.77
1790885486.166 10.76 11.77
1790885486.672 10.76 11.77
1790885487.178 10.76 11.77
1790885487.684 10.69 11.70
1790885488.190 10.68 11.69
1790885488.695 10.66 11.67
1790885489.201 10.66 11.67
1790885489.707 10.66 11.67
1790885490.212 10.66 11.67
1790885490.718 10.66 11.67
1790885491.224 10.66 11.67
1790885491.730 10.66 11.67
1790885492.236 10.66 11.67
1790885492.741 10.60 11.61
1790885493.247 10.58 11.59
1790885493.752 10.58 11.59
1790885494.258 10.58 11.59
1790885494.763 10.58 11.59
1790885495.269 10.59 11.60
1790885495.775 10.59 11.60
1790885496.280 10.59 11.60
1790885496.786 10.59 11.60
1790885497.291 10.61 11.62
1790885497.797 10.61 11.62
1790885498.303 10.61 11.62
1790885498.808 10.63 11.64
1790885499.314 10.62 11.63
1790885499.820 10.62 11.63
1790885500.325 10.62 11.63
1790885500.831 10.62 11.63
1790885501.336 10.62 11.63
1790885501.841 10.62 11.63
1790885502.347 10.62 11.63
1790885502.852 10.61 11.62
1790885503.358 10.60 11.61
1790885503.864 10.60 11.61
1790885504.369 10.60 11.61
1790885504.875 10.59 11.60
1790885505.380 10.59 11.60
1790885505.886 10.60 11.61
1790885506.391 10.60 11.61
1790885506.897 10.60 11.61
1790885507.403 10.61 11.62
1790885507.907 10.61 11.62
1790885508.412 10.61 11.62
1790885508.919 10.63 11.64
1790885509.424 10.63 11.64
1790885509.930 10.63 11.64
1790885510.436 10.63 11.64
1790885510.942 10.63 11.64
1790885511.447 10.63 11.64
1790885511.953 10.63 11.64
1790885512.459 10.62 11.63
1790885512.964 10.62 11.63
1790885513.470 10.61 11.62
1790885513.976 10.61 11.62
1790885514.481 10.61 11.62
1790885514.987 10.61 11.62
1790885515.492 10.51 11.55
1790885515.998 11.99 13.04
1790885516.503 12.15 13.20
1790885517.008 12.21 13.26
1790885517.512 87.68 88.73
1790885518.017 114.80 115.85
1790885518.523 114.80 115.84
1790885519.035 116.35 115.88
1790885519.558 116.35 115.88
1790885520.063 116.35 115.88
1790885520.569 116.35 115.88
1790885521.074 116.35 115.88
1790885521.580 116.35 115.88
1790885522.085 116.36 115.89
1790885522.591 116.36 115.89
1790885523.096 116.36 115.89
1790885523.601 116.36 115.89
1790885524.107 116.36 115.89
1790885524.612 116.36 115.89
1790885525.118 116.36 115.89
1790885525.623 116.36 115.89
1790885526.128 116.36 115.89
1790885526.634 116.37 115.89
1790885527.140 116.37 115.89
1790885527.645 116.37 115.90
1790885528.151 116.36 115.89
1790885528.656 116.38 115.91
1790885529.162 116.40 115.93
1790885529.666 116.40 115.93
1790885530.172 116.40 115.94
1790885530.676 116.40 115.94
1790885531.182 116.40 115.94
1790885531.686 116.40 115.94
1790885532.192 116.38 115.96
1790885532.697 116.33 115.99
1790885533.202 116.25 115.97
1790885533.708 115.96 115.82
1790885534.213 115.85 115.77
1790885534.718 115.78 115.71
1790885535.223 115.67 115.64
1790885535.729 115.47 115.45
1790885536.235 115.47 115.45
1790885536.740 114.69 114.69
1790885537.245 114.31 114.32
1790885537.750 113.93 113.94
1790885538.254 113.47 113.48
1790885538.759 104.42 104.44
1790885539.265 88.77 88.79
1790885539.770 72.97 72.99
1790885540.276 56.93 56.95
1790885540.781 40.73 40.76
1790885541.287 24.81 24.83
1790885541.792 16.41 16.43
1790885542.297 16.12 16.14
1790885542.802 16.12 16.14
1790885543.307 16.12 16.14
1790885543.813 16.12 16.14
1790885544.319 16.12 16.14
1790885544.824 16.12 16.14
1790885545.329 16.12 16.14
1790885545.834 16.12 16.14
1790885546.339 16.12 16.14
1790885546.845 16.12 16.14
1790885547.350 16.12 16.14
1790885547.855 16.12 16.14
1790885548.360 16.10 16.12
1790885548.866 16.10 16.12
1790885549.371 16.08 16.11
1790885549.877 16.52 16.54
1790885550.382 15.85 15.92
1790885550.888 15.64 15.72
1790885551.392 15.57 15.70
1790885551.897 15.21 15.71
1790885552.402 14.89 15.72
1790885552.907 14.55 15.49
1790885553.411 14.29 15.26
1790885553.917 11.00 11.98
1790885554.421 10.94 11.92
1790885554.928 10.91 11.89
1790885555.435 10.91 11.89
1790885555.940 10.91 11.89
1790885556.447 10.91 11.89
1790885556.953 10.91 11.89
1790885557.458 10.91 11.89
1790885557.964 10.90 11.88
1790885558.469 10.90 11.88
1790885558.975 10.90 11.88
1790885559.480 10.90 11.89
1790885559.986 10.91 11.89
1790885560.492 10.91 11.89
1790885560.997 10.92 11.90
1790885561.503 10.92 11.90
1790885562.008 10.92 11.90
1790885562.514 10.92 11.90
1790885563.019 10.91 11.90
1790885563.525 10.91 11.90
1790885564.031 10.91 11.90
1790885564.536 10.91 11.90
1790885565.042 10.91 11.90
1790885565.547 10.91 11.90
1790885566.053 10.90 11.89
1790885566.559 10.90 11.89
1790885567.065 10.84 11.82
1790885567.570 10.84 11.82
1790885568.076 10.84 11.82
1790885568.581 10.84 11.82
1790885569.087 10.84 11.82
1790885569.592 10.84 11.83
1790885570.097 10.84 11.83
1790885570.602 10.84 11.83
1790885571.107 10.84 11.83
1790885571.613 10.84 11.83
1790885572.118 10.84 11.83
1790885572.624 10.78 11.77
1790885573.129 10.78 11.77
1790885573.635 10.78 11.77
1790885574.140 10.78 11.77
1790885574.646 10.78 11.76
1790885575.151 10.78 11.76
1790885575.656 10.78 11.77
1790885576.162 10.78 11.77
1790885576.667 10.78 11.77
1790885577.173 10.78 11.77
1790885577.679 10.78 11.77
1790885578.185 10.77 11.76
1790885578.690 10.77 11.76
1790885579.196 10.77 11.75
1790885579.701 10.76 11.75
1790885580.207 10.80 11.79
1790885580.713 10.80 11.79
1790885581.218 10.80 11.79
1790885581.724 10.79 11.78
1790885582.230 10.79 11.78
1790885582.735 10.79 11.78
1790885583.241 10.77 11.76
1790885583.746 10.78 11.77
1790885584.252 10.78 11.77
1790885584.757 10.78 11.77
1790885585.263 10.78 11.76
1790885585.769 10.77 11.76
1790885586.275 10.77 11.76
1790885586.780 10.77 11.76
1790885587.286 10.77 11.76
1790885587.791 10.78 11.77
1790885588.297 10.78 11.77
1790885588.802 10.77 11.76
1790885589.308 10.77 11.76
1790885589.814 10.77 11.76
1790885590.320 10.75 11.74
1790885590.825 10.75 11.74
1790885591.331 10.76 11.75
1790885591.836 10.76 11.75
1790885592.342 10.76 11.75
1790885592.847 10.76 11.75
1790885593.353 10.74 11.73
1790885593.859 10.74 11.73
1790885594.365 10.74 11.73
1790885594.870 10.74 11.72
1790885595.375 10.63 11.66
1790885595.881 12.18 13.22
1790885596.386 12.33 13.36
1790885596.891 12.63 13.66
1790885597.395 115.18 116.21
1790885597.901 115.20 116.23
1790885598.407 115.18 116.22
1790885598.912 115.18 116.22
1790885599.416 115.18 116.22
1790885599.922 115.18 116.22
1790885600.428 115.19 116.22
1790885600.933 115.19 116.22
1790885601.439 115.19 116.22
1790885601.945 115.20 116.23
1790885602.450 115.20 116.24
1790885602.956 115.20 116.24
1790885603.462 115.20 116.24
1790885603.968 115.20 116.24
1790885604.473 115.20 116.23
1790885604.979 115.20 116.24
1790885605.484 115.20 116.24
1790885605.990 115.20 116.24
1790885606.495 115.20 116.24
1790885607.001 115.20 116.23
1790885607.506 115.20 116.23
1790885608.011 115.20 116.23
1790885608.516 115.20 116.23
1790885609.021 115.20 116.23
1790885609.526 115.17 116.22
1790885610.031 115.16 116.21
1790885610.536 115.13 116.20
1790885611.042 115.12 116.19
1790885611.548 115.12 116.19
1790885612.053 115.12 116.19
1790885612.558 115.12 116.19
1790885613.062 115.51 116.19
1790885613.584 116.71 116.21
1790885614.102 116.70 116.21
1790885614.608 116.70 116.21
1790885615.113 116.70 116.21
1790885615.619 116.70 116.21
1790885616.125 116.70 116.21
1790885616.629 116.70 116.21
1790885617.135 116.70 116.21
1790885617.639 116.70 116.21
1790885618.144 116.70 116.21
1790885618.650 116.72 116.22
1790885619.155 116.72 116.22
1790885619.661 116.72 116.22
1790885620.165 116.72 116.22
1790885620.671 116.72 116.24
1790885621.177 116.72 116.24
1790885621.683 116.72 116.25
1790885622.188 116.72 116.25
1790885622.694 116.72 116.25
1790885623.199 116.72 116.24
1790885623.704 116.73 116.26
1790885624.210 116.74 116.27
1790885624.716 116.74 116.27
1790885625.221 116.74 116.27
1790885625.727 116.74 116.27
1790885626.232 116.75 116.28
1790885626.737 116.72 116.34
1790885627.243 116.70 116.36
1790885627.748 116.53 116.31
1790885628.253 116.25 116.15
1790885628.758 116.21 116.12
1790885629.264 116.14 116.08
1790885629.768 115.83 115.81
1790885630.273 115.83 115.81
1790885630.778 115.83 115.81
1790885631.283 114.99 115.00
1790885631.788 114.59 114.59
1790885632.294 114.16 114.17
1790885632.799 113.67 113.69
1790885633.305 112.13 112.15
1790885633.811 97.76 97.78
1790885634.317 83.08 83.10
1790885634.823 68.42 68.44
1790885635.329 53.87 53.89
1790885635.835 39.33 39.35
1790885636.340 24.71 24.73
1790885636.856 16.68 16.70
1790885637.361 16.33 16.35
1790885637.866 16.33 16.35
1790885638.371 16.32 16.34
1790885638.876 16.34 16.36
1790885639.381 16.34 16.36
1790885639.887 16.34 16.36
1790885640.392 16.34 16.36
1790885640.897 16.33 16.35
1790885641.402 16.33 16.35
1790885641.908 16.33 16.34
1790885642.413 16.33 16.34
1790885642.917 16.31 16.33
1790885643.423 16.31 16.33
1790885643.928 16.31 16.33
1790885644.433 16.31 16.33
1790885644.938 16.71 16.73
1790885645.443 16.11 16.17
1790885645.949 15.97 16.05
1790885646.454 15.89 15.99
1790885646.960 15.53 15.99
1790885647.465 15.16 15.99
1790885647.970 15.08 15.94
1790885648.475 14.92 15.79
1790885648.980 14.84 15.72
1790885649.484 14.79 15.68
1790885649.989 14.73 15.62
1790885650.494 14.70 15.60
1790885650.999 14.68 15.60
1790885651.505 14.57 15.50
1790885652.010 14.31 15.25
1790885652.515 14.04 14.98
1790885653.020 13.77 14.71
1790885653.525 13.52 14.46
1790885654.030 13.31 14.25
1790885654.535 13.18 14.13
1790885655.040 13.41 14.39
1790885655.545 13.23 14.22
1790885656.050 13.11 14.10
1790885656.556 12.95 13.94
1790885657.061 12.71 13.71
1790885657.566 12.53 13.53
1790885658.071 13.25 14.27
1790885658.577 13.25 14.27
1790885659.082 13.25 14.27
1790885659.587 13.25 14.27
1790885660.092 13.25 14.27
1790885660.598 13.25 14.27
1790885661.103 13.25 14.27
1790885661.608 13.25 14.27
1790885662.114 13.25 14.27
1790885662.619 13.25 14.27
1790885663.123 13.77 14.79
1790885663.629 13.76 14.80
1790885664.135 13.76 14.80
1790885664.640 13.76 14.80
1790885665.146 13.76 14.80
1790885665.651 13.76 14.80
1790885666.156 13.76 14.80
1790885666.661 13.76 14.80
1790885667.166 13.75 14.80
1790885667.671 13.76 14.81
1790885668.177 13.75 14.80
1790885668.683 13.75 14.81
1790885669.189 13.75 14.81
1790885669.694 13.75 14.81
1790885670.200 13.74 14.80
1790885670.705 13.69 14.76
1790885671.210 13.67 14.74
1790885671.715 13.73 14.80
1790885672.220 13.54 14.56
1790885672.726 13.19 14.23
1790885673.231 12.82 13.89
1790885673.736 12.52 13.62
1790885674.241 12.47 13.61
1790885674.746 12.23 13.38
1790885675.251 11.52 12.67
1790885675.757 10.77 11.91
1790885676.262 9.80 10.94
1790885676.768 8.94 10.08
1790885677.273 8.52 9.66
1790885677.779 8.28 9.47
1790885678.284 9.72 10.92
1790885678.789 9.17 10.37
1790885679.295 8.20 9.40
1790885679.800 7.24 8.45
1790885680.306 7.35 8.56
1790885680.811 7.13 8.34
1790885681.316 7.59 8.80
1790885681.822 7.59 8.80
1790885682.327 7.59 8.80
1790885682.832 7.58 8.79
1790885683.338 7.58 8.79
1790885683.843 8.06 9.28
1790885684.348 8.60 9.83
1790885684.853 9.10 10.33
1790885685.359 9.20 10.39
1790885685.865 9.20 10.39
1790885686.370 9.21 10.40
1790885686.875 9.20 10.41
1790885687.380 9.00 10.26
1790885687.886 8.87 10.13
1790885688.391 8.75 10.00
1790885688.896 8.72 9.97
1790885689.401 8.46 9.72
1790885689.906 8.21 9.50
1790885690.411 8.31 9.44
1790885690.916 8.41 9.45
1790885691.421 8.47 9.54
1790885691.927 8.47 9.55
1790885692.432 8.47 9.55
1790885692.937 8.45 9.54
1790885693.442 8.47 9.57
1790885693.947 8.39 9.48
1790885694.452 8.34 9.44
1790885694.957 8.07 9.16
1790885695.463 7.76 8.85
1790885695.968 7.49 8.59
1790885696.473 7.33 8.43
1790885696.978 7.72 8.83
1790885697.484 7.71 8.82
1790885697.989 7.57 8.69
1790885698.494 8.14 9.25
1790885699.000 7.99 9.10
1790885699.505 7.93 9.04
1790885700.010 7.92 9.03
1790885700.516 7.92 9.03
1790885701.022 7.92 9.03
1790885701.527 8.48 9.60
1790885702.033 8.48 9.60
1790885702.538 8.51 9.64
1790885703.044 8.51 9.64
1790885703.549 8.51 9.64
1790885704.055 8.51 9.64
1790885704.560 8.51 9.64
1790885705.066 8.45 9.59
1790885705.570 8.52 9.59
1790885706.075 8.57 9.65
1790885706.580 8.38 9.56
1790885707.087 7.32 8.51
1790885707.593 5.09 6.29
1790885708.097 5.05 6.25
1790885708.602 5.05 6.25
1790885709.106 5.05 6.24
1790885709.613 5.05 6.24
1790885710.120 5.06 6.26
1790885710.625 5.06 6.26
1790885711.132 5.06 6.26
1790885711.638 5.07 6.27
1790885712.143 5.08 6.28
1790885712.648 5.09 6.28
1790885713.153 5.08 6.27
1790885713.660 5.09 6.28
1790885714.166 5.09 6.28
1790885714.672 5.09 6.28
1790885715.178 5.03 6.28
1790885715.684 4.95 6.27
1790885716.189 4.95 6.28
1790885716.694 5.01 6.34
1790885717.199 5.01 6.34
1790885717.707 5.03 6.36
1790885718.213 5.03 6.36
1790885718.719 5.03 6.36
1790885719.224 5.03 6.37
1790885719.730 5.03 6.37
1790885720.235 5.03 6.37
1790885720.743 5.03 6.37
1790885721.250 5.04 6.37
1790885721.755 5.06 6.39
1790885722.261 5.06 6.39
1790885722.766 5.06 6.40
1790885723.272 5.06 6.39
1790885723.779 5.06 6.40
1790885724.285 5.06 6.40
1790885724.790 5.07 6.40
1790885725.296 5.07 6.40
1790885725.801 5.07 6.40
1790885726.307 5.07 6.40
1790885726.813 5.07 6.40
1790885727.318 5.08 6.41
1790885727.823 5.10 6.43
1790885728.329 5.09 6.43
1790885728.834 5.11 6.44
1790885729.340 5.11 6.44
1790885729.848 5.12 6.45
1790885730.354 5.12 6.45
1790885730.859 5.12 6.45
1790885731.365 5.12 6.45
1790885731.872 5.14 6.47
1790885732.378 5.14 6.47
1790885732.882 5.14 6.47
1790885733.389 5.13 6.46
1790885733.894 5.13 6.46
1790885734.401 5.16 6.49
1790885734.908 5.16 6.50
1790885735.413 5.17 6.50
1790885735.919 5.17 6.50
1790885736.424 5.17 6.50
1790885736.929 5.17 6.50
1790885737.435 5.17 6.50
1790885737.939 5.17 6.50
1790885738.445 5.17 6.50
1790885738.951 5.19 6.52
1790885739.456 5.21 6.55
1790885739.963 5.21 6.55
1790885740.468 5.21 6.55
1790885740.974 5.21 6.55
1790885741.480 5.22 6.55
1790885741.986 5.25 6.59
1790885742.492 5.25 6.59
1790885742.998 5.25 6.58
1790885743.503 5.26 6.59
1790885744.008 5.27 6.60
1790885744.513 5.27 6.60
1790885745.019 5.29 6.62
1790885745.524 5.29 6.62
1790885746.030 5.29 6.63
1790885746.535 5.30 6.63
1790885747.041 5.30 6.63
1790885747.547 5.30 6.63
1790885748.053 5.28 6.61
1790885748.559 5.28 6.61
1790885749.064 5.28 6.61
1790885749.570 5.29 6.62
1790885750.076 5.30 6.64
1790885750.582 5.30 6.64
1790885751.088 5.30 6.64
1790885751.594 5.30 6.64
1790885752.100 5.33 6.67
1790885752.605 5.33 6.67
1790885753.110 5.34 6.67
1790885753.616 5.34 6.67
1790885754.121 5.36 6.69
1790885754.628 5.36 6.69
1790885755.133 5.36 6.69
1790885755.638 5.36 6.69
1790885756.143 5.38 6.71
1790885756.648 5.38 6.71
1790885757.154 5.39 6.73
1790885757.660 5.39 6.73
1790885758.167 5.39 6.73
1790885758.673 5.39 6.73
1790885759.179 5.39 6.73
1790885759.684 5.39 6.73
1790885760.190 5.41 6.74
1790885760.695 5.41 6.74
1790885761.201 5.41 6.74
1790885761.706 5.42 6.75
1790885762.213 5.44 6.78
1790885762.719 5.44 6.78
1790885763.225 5.45 6.78
1790885763.731 5.45 6.78
1790885764.237 5.45 6.78
1790885764.743 5.45 6.78
1790885765.248 5.46 6.80
1790885765.755 5.46 6.80
1790885766.262 5.47 6.81
1790885766.767 5.49 6.82
1790885767.272 5.49 6.82
1790885767.778 5.49 6.83
1790885768.284 5.50 6.84
1790885768.790 5.50 6.84
1790885769.297 5.50 6.83
1790885769.803 5.50 6.83
1790885770.308 5.50 6.83
1790885770.814 5.51 6.84
1790885771.319 5.51 6.85
1790885771.825 5.50 6.84
1790885772.331 5.51 6.84
1790885772.837 5.51 6.85
1790885773.342 5.51 6.85
1790885773.848 5.53 6.86
1790885774.353 5.53 6.87
1790885774.859 5.53 6.87
1790885775.365 5.53 6.87
1790885775.871 5.54 6.87
1790885776.376 5.55 6.88
1790885776.883 5.56 6.89
1790885777.388 5.56 6.89
1790885777.894 5.56 6.90
1790885778.400 5.56 6.90
1790885778.905 5.56 6.92
1790885779.410 7.74 9.11
1790885779.914 7.89 9.26
1790885780.419 8.14 9.51
1790885780.925 103.31 104.69
1790885781.431 110.66 112.04
1790885781.935 110.66 112.04
1790885782.441 110.68 112.05
1790885782.946 110.67 112.04
1790885783.451 110.67 112.05
1790885783.957 110.68 112.05
1790885784.462 110.69 112.06
1790885784.968 110.70 112.07
1790885785.474 110.70 112.07
1790885785.980 110.70 112.07
1790885786.485 110.70 112.07
1790885786.990 110.71 112.09
1790885787.496 110.71 112.09
1790885788.001 110.71 112.09
1790885788.507 110.71 112.09
1790885789.012 110.74 112.11
1790885789.518 110.74 112.11
1790885790.024 110.74 112.12
1790885790.529 110.74 112.12
1790885791.034 110.74 112.12
1790885791.540 110.74 112.12
1790885792.045 110.77 112.14
1790885792.550 110.77 112.14
1790885793.055 110.76 112.13
1790885793.561 110.76 112.13
1790885794.067 110.78 112.15
1790885794.572 110.78 112.15
1790885795.078 110.78 112.15
1790885795.583 110.78 112.15
1790885796.089 110.78 112.16
1790885796.595 110.78 112.16
1790885797.100 110.80 112.17
1790885797.606 110.81 112.18
1790885798.111 110.81 112.19
1790885798.617 110.83 112.20
1790885799.123 110.83 112.20
1790885799.628 110.83 112.20
1790885800.134 110.84 112.21
1790885800.640 110.84 112.21
1790885801.145 110.84 112.21
1790885801.650 110.84 112.21
1790885802.154 110.83 112.22
1790885802.660 110.82 112.22
1790885803.166 110.83 112.22
1790885803.671 110.85 112.24
1790885804.176 110.85 112.24
1790885804.681 110.85 112.24
1790885805.187 110.87 112.26
1790885805.692 110.87 112.26
1790885806.198 110.87 112.26
1790885806.702 110.87 112.26
1790885807.208 110.87 112.26
1790885807.714 110.89 112.28
1790885808.219 110.90 112.29
1790885808.725 110.90 112.30
1790885809.230 110.91 112.30
1790885809.736 110.91 112.30
1790885810.241 110.91 112.30
1790885810.746 110.91 112.30
1790885811.251 110.91 112.30
1790885811.755 110.92 112.31
1790885812.261 110.91 112.31
1790885812.766 110.97 112.37
1790885813.272 110.98 112.37
1790885813.777 110.99 112.39
1790885814.283 110.99 112.39
1790885814.789 111.00 112.39
1790885815.294 111.00 112.39
1790885815.800 111.00 112.40
1790885816.306 111.01 112.40
1790885816.811 111.01 112.40
1790885817.317 111.02 112.41
1790885817.822 111.02 112.41
1790885818.328 111.01 112.41
1790885818.834 111.03 112.43
1790885819.339 111.03 112.43
1790885819.845 111.04 112.44
1790885820.351 111.04 112.44
1790885820.856 111.04 112.44
1790885821.362 111.05 112.45
1790885821.868 111.05 112.45
1790885822.372 111.05 112.45
1790885822.878 111.05 112.45
1790885823.383 111.04 112.43
1790885823.889 111.05 112.45
1790885824.393 111.06 112.45
1790885824.899 111.06 112.45
1790885825.404 111.06 112.45
1790885825.909 111.06 112.45
1790885826.414 111.06 112.46
1790885826.919 111.06 112.46
1790885827.424 111.07 112.47
1790885827.930 111.08 112.47
1790885828.435 111.08 112.48
1790885828.941 111.10 112.50
1790885829.447 111.10 112.50
1790885829.952 111.12 112.52
1790885830.458 111.12 112.52
1790885830.964 111.12 112.52
1790885831.469 111.12 112.52
1790885831.975 111.12 112.52
1790885832.481 111.12 112.52
1790885832.986 111.12 112.52
1790885833.492 111.12 112.52
1790885833.998 111.12 112.52
1790885834.504 111.12 112.52
1790885835.009 111.13 112.53
1790885835.514 111.13 112.53
1790885836.020 111.13 112.53
1790885836.526 111.13 112.53
1790885837.031 111.13 112.53
1790885837.537 111.13 112.53
1790885838.042 111.13 112.53
1790885838.548 111.13 112.53
1790885839.053 111.17 112.56
1790885839.558 111.17 112.56
1790885840.064 111.17 112.57
1790885840.569 111.18 112.57
1790885841.075 111.18 112.58
1790885841.580 111.18 112.58
1790885842.086 111.19 112.59
1790885842.591 111.20 112.60
1790885843.097 111.18 112.58
1790885843.601 111.19 112.59
1790885844.105 111.20 112.60
1790885844.611 111.19 112.59
1790885845.116 111.19 112.59
1790885845.622 110.97 112.39
1790885846.127 110.74 112.20
1790885846.632 108.53 110.09
1790885847.137 108.10 109.78
1790885847.643 108.00 109.73
1790885848.148 107.95 109.70
1790885848.653 107.83 109.68
1790885849.160 107.72 109.68
1790885849.669 107.58 109.68
1790885850.177 107.44 109.68
1790885850.684 107.31 109.68
1790885851.191 107.17 109.69
1790885851.696 107.04 109.70
1790885852.205 106.91 109.71
1790885852.713 106.79 109.72
1790885853.221 106.64 109.71
1790885853.729 106.51 109.72
1790885854.237 106.38 109.72
1790885854.746 106.24 109.73
1790885855.256 106.11 109.74
1790885855.763 105.97 109.74
1790885856.271 103.34 107.21
1790885856.779 102.91 106.86
1790885857.284 102.82 106.86
1790885857.792 102.67 106.86
1790885858.299 102.53 106.86
1790885858.807 102.39 106.86
1790885859.315 102.25 106.87
1790885859.823 102.11 106.87
1790885860.330 101.96 106.87
1790885860.838 101.82 106.87
1790885861.347 101.68 106.87
1790885861.854 101.53 106.87
1790885862.363 101.39 106.87
1790885862.872 101.17 106.82
1790885863.381 101.04 106.82
1790885863.887 100.92 106.84
1790885864.396 100.79 106.85
1790885864.904 100.65 106.85
1790885865.412 100.51 106.86
1790885865.920 100.37 106.86
1790885866.428 100.23 106.87
1790885866.936 100.09 106.87
1790885867.444 99.96 106.89
1790885867.949 99.82 106.89
1790885868.455 99.60 106.83
1790885868.963 99.47 106.83
1790885869.470 99.33 106.84
1790885869.978 99.19 106.84
1790885870.488 99.05 106.85
1790885870.996 98.93 106.87
1790885871.504 98.80 106.88
1790885872.011 98.65 106.87
1790885872.517 98.51 106.88
1790885873.025 98.37 106.88
1790885873.532 98.20 106.85
1790885874.039 98.07 106.87
1790885874.546 97.93 106.88
1790885875.053 97.80 106.89
1790885875.563 97.67 106.89
1790885876.071 97.53 106.90
1790885876.579 97.39 106.90
1790885877.086 97.25 106.91
1790885877.591 97.12 106.91
1790885878.098 96.97 106.91
1790885878.607 96.84 106.92
1790885879.115 96.69 106.93
1790885879.625 96.56 106.94
1790885880.133 96.42 106.95
1790885880.640 96.28 106.95
1790885881.149 96.15 106.96
1790885881.656 96.01 106.97
1790885882.163 95.88 106.97
1790885882.670 95.74 106.98
1790885883.176 95.61 106.97
1790885883.683 95.47 106.98
1790885884.191 95.36 107.02
1790885884.698 95.22 107.03
1790885885.205 95.08 107.03
1790885885.712 94.95 107.04
1790885886.219 94.82 107.05
1790885886.724 94.68 107.05
1790885887.230 94.54 107.06
1790885887.737 94.40 107.06
1790885888.244 94.27 107.06
1790885888.751 94.13 107.07
1790885889.257 93.96 107.05
1790885889.766 93.82 107.06
1790885890.273 93.68 107.06
1790885890.782 93.54 107.07
1790885891.291 93.41 107.08
1790885891.801 93.28 107.08
1790885892.307 93.14 107.09
1790885892.813 93.01 107.10
1790885893.321 92.87 107.09
1790885893.830 92.70 107.08
1790885894.341 92.56 107.08
1790885894.849 92.43 107.10
1790885895.357 92.29 107.10
1790885895.866 92.16 107.11
1790885896.373 92.02 107.11
1790885896.883 91.89 107.13
1790885897.390 91.75 107.13
1790885897.899 91.61 107.13
1790885898.406 91.40 107.09
1790885898.915 91.28 107.10
1790885899.421 91.15 107.11
1790885899.930 91.01 107.12
1790885900.437 90.87 107.12
1790885900.944 90.74 107.13
1790885901.451 90.60 107.13
1790885901.958 90.47 107.14
1790885902.465 90.33 107.14
1790885902.972 90.17 107.14
1790885903.480 90.07 107.18
1790885903.988 89.95 107.21
1790885904.496 89.82 107.22
1790885905.005 89.68 107.23
1790885905.515 89.54 107.23
1790885906.019 89.40 107.22
1790885906.528 89.27 107.23
1790885907.036 89.14 107.24
1790885907.541 89.01 107.24
1790885908.048 88.85 107.23
1790885908.555 88.71 107.24
1790885909.063 88.60 107.26
1790885909.571 88.46 107.27
1790885910.077 88.32 107.27
1790885910.585 88.18 107.28
1790885911.094 88.03 107.28
1790885911.602 87.90 107.29
1790885912.108 87.76 107.29
1790885912.618 87.61 107.30
1790885913.125 87.45 107.29
1790885913.634 87.34 107.32
1790885914.142 87.20 107.32
1790885914.651 87.05 107.32
1790885915.161 86.91 107.32
1790885915.669 86.77 107.33
1790885916.177 86.62 107.33
1790885916.685 86.48 107.34
1790885917.191 86.35 107.36
1790885917.698 86.20 107.35
1790885918.204 86.05 107.34
1790885918.710 85.91 107.35
1790885919.216 85.79 107.37
1790885919.724 85.66 107.38
1790885920.233 85.52 107.39
1790885920.741 85.38 107.39
1790885921.250 85.24 107.40
1790885921.758 85.10 107.40
1790885922.266 84.97 107.41
1790885922.774 84.83 107.41
1790885923.283 84.70 107.42
1790885923.793 84.39 107.26
1790885924.301 84.31 107.26
1790885924.809 84.25 107.27
1790885925.318 84.11 107.28
1790885925.826 83.98 107.28
1790885926.335 83.84 107.29
1790885926.842 83.69 107.29
1790885927.349 83.56 107.30
1790885927.857 83.42 107.30
1790885928.363 83.29 107.32
1790885928.871 83.16 107.33
1790885929.377 83.04 107.36
1790885929.884 82.89 107.36
1790885930.392 82.76 107.37
1790885930.900 82.61 107.38
1790885931.406 82.48 107.38
1790885931.915 82.34 107.38
1790885932.422 82.21 107.40
1790885932.930 82.07 107.40
1790885933.438 81.93 107.40
1790885933.944 81.79 107.40
1790885934.449 81.65 107.41
1790885934.958 81.52 107.41
1790885935.464 81.38 107.42
1790885935.971 81.23 107.43
1790885936.478 81.10 107.44
1790885936.986 80.96 107.44
1790885937.495 80.82 107.45
1790885938.000 80.67 107.45
1790885938.508 80.53 107.45
1790885939.015 80.40 107.46
1790885939.523 80.27 107.47
1790885940.030 80.13 107.48
1790885940.540 79.99 107.48
1790885941.049 79.83 107.48
1790885941.557 79.69 107.50
1790885942.065 79.55 107.50
1790885942.575 79.41 107.51
1790885943.083 79.27 107.51
1790885943.592 79.14 107.51
1790885944.100 79.03 107.55
1790885944.607 78.89 107.55
1790885945.116 78.76 107.56
1790885945.624 78.62 107.56
1790885946.132 78.48 107.57
1790885946.640 78.34 107.57
1790885947.147 78.16 107.54
1790885947.656 78.06 107.55
1790885948.163 77.96 107.55
1790885948.670 77.86 107.55
1790885949.179 77.79 107.58
1790885949.687 77.69 107.59
1790885950.196 77.60 107.60
1790885950.706 77.49 107.61
1790885951.214 77.40 107.62
1790885951.724 77.26 107.62
1790885952.231 77.16 107.63
1790885952.739 77.07 107.64
1790885953.247 76.97 107.65
1790885953.752 76.89 107.67
1790885954.261 76.80 107.69
1790885954.769 76.70 107.69
1790885955.277 76.60 107.70
1790885955.786 76.50 107.70
1790885956.294 76.41 107.71
1790885956.802 76.31 107.71
1790885957.311 76.21 107.72
1790885957.819 76.10 107.73
1790885958.327 75.97 107.72
1790885958.833 75.88 107.74
1790885959.342 75.78 107.75
1790885959.851 75.69 107.75
1790885960.359 75.59 107.76
1790885960.867 75.50 107.78
1790885961.377 75.41 107.79
1790885961.885 75.31 107.79
1790885962.394 75.22 107.81
1790885962.904 75.05 107.78
1790885963.412 74.95 107.78
1790885963.919 74.86 107.79
1790885964.430 74.79 107.82
1790885964.939 74.70 107.84
1790885965.446 74.60 107.85
1790885965.955 74.50 107.85
1790885966.463 74.39 107.84
1790885966.971 74.29 107.85
1790885967.480 74.19 107.85
1790885967.988 74.08 107.84
1790885968.494 73.98 107.84
1790885969.001 73.87 107.86
1790885969.510 73.77 107.87
1790885970.017 73.67 107.87
1790885970.525 73.57 107.88
1790885971.032 73.47 107.88
1790885971.540 73.37 107.89
1790885972.048 73.28 107.89
1790885972.554 73.17 107.90
1790885973.062 73.06 107.89
1790885973.570 72.96 107.89
1790885974.078 72.88 107.91
1790885974.585 72.79 107.93
1790885975.091 72.65 107.93
1790885975.598 72.51 107.94
1790885976.104 72.37 107.94
1790885976.613 72.24 107.96
1790885977.119 72.10 107.96
1790885977.626 71.97 107.97
1790885978.133 71.81 107.95
1790885978.640 71.67 107.96
1790885979.149 71.56 107.98
1790885979.656 71.41 107.98
1790885980.163 71.27 107.99
1790885980.671 71.13 107.99
1790885981.180 70.99 108.00
1790885981.687 70.85 108.00
1790885982.193 70.71 108.01
1790885982.699 70.57 108.01
1790885983.207 70.41 108.00
1790885983.716 70.26 108.00
1790885984.222 70.15 108.02
1790885984.731 70.01 108.03
1790885985.239 69.88 108.04
1790885985.746 69.74 108.05
1790885986.254 69.61 108.05
1790885986.762 69.48 108.07
1790885987.271 69.34 108.07
1790885987.777 69.21 108.08
1790885988.284 69.07 108.09
1790885988.792 68.93 108.09
1790885989.301 68.79 108.11
1790885989.809 68.65 108.12
1790885990.316 68.51 108.12
1790885990.824 68.37 108.13
1790885991.332 68.23 108.13
1790885991.841 68.09 108.14
1790885992.347 67.95 108.14
1790885992.856 67.81 108.15
1790885993.363 67.65 108.13
1790885993.870 67.45 108.09
1790885994.376 67.32 108.09
1790885994.883 67.17 108.09
1790885995.391 67.03 108.09
1790885995.899 66.88 108.09
1790885996.408 66.73 108.09
1790885996.914 66.59 108.09
1790885997.419 66.45 108.09
1790885997.925 66.31 108.10
1790885998.433 66.15 108.08
1790885998.941 66.02 108.08
1790885999.447 65.83 108.05
1790885999.953 65.68 108.05
1790886000.459 65.54 108.06
1790886000.967 65.41 108.06
1790886001.475 65.26 108.07
1790886001.982 65.13 108.07
1790886002.490 64.99 108.08
1790886002.997 64.83 108.07
1790886003.504 64.70 108.07
1790886004.012 64.57 108.09
1790886004.520 64.43 108.09
1790886005.028 64.29 108.10
1790886005.537 64.15 108.10
1790886006.045 64.01 108.11
1790886006.555 63.87 108.11
1790886007.063 63.72 108.12
1790886007.571 63.59 108.14
1790886008.079 63.46 108.15
1790886008.589 63.32 108.15
1790886009.096 63.20 108.17
1790886009.605 63.07 108.18
1790886010.113 62.93 108.19
1790886010.622 62.80 108.20
1790886011.130 62.66 108.21
1790886011.637 62.52 108.21
1790886012.147 62.37 108.22
1790886012.655 62.23 108.22
1790886013.164 62.08 108.21
1790886013.673 61.94 108.21
1790886014.182 61.81 108.22
1790886014.689 61.65 108.20
1790886015.198 61.51 108.21
1790886015.706 61.37 108.21
1790886016.215 61.23 108.22
1790886016.719 61.09 108.22
1790886017.226 60.93 108.19
1790886017.735 60.77 108.20
1790886018.242 60.63 108.20
1790886018.749 60.55 108.26
1790886019.254 60.42 108.26
1790886019.761 60.27 108.27
1790886020.269 60.14 108.28
1790886020.777 60.00 108.28
1790886021.284 59.88 108.30
1790886021.791 59.74 108.31
1790886022.298 59.61 108.32
1790886022.805 59.47 108.33
1790886023.312 59.31 108.33
1790886023.819 59.19 108.35
1790886024.329 59.05 108.35
1790886024.838 58.90 108.35
1790886025.345 58.76 108.35
1790886025.852 58.62 108.36
1790886026.360 58.48 108.36
1790886026.868 58.34 108.37
1790886027.375 58.20 108.37
1790886027.884 58.05 108.38
1790886028.393 57.90 108.36
1790886028.899 57.76 108.37
1790886029.407 57.62 108.40
1790886029.914 57.49 108.40
1790886030.421 57.35 108.41
1790886030.929 57.21 108.41
1790886031.437 57.07 108.42
1790886031.947 56.93 108.42
1790886032.454 56.81 108.44
1790886032.961 56.65 108.43
1790886033.471 56.51 108.44
1790886033.979 56.39 108.45
1790886034.488 56.26 108.47
1790886034.996 56.12 108.46
1790886035.501 55.98 108.47
1790886036.009 55.84 108.47
1790886036.519 55.70 108.48
1790886037.027 55.56 108.48
1790886037.535 55.42 108.48
1790886038.044 55.26 108.46
1790886038.551 55.12 108.46
1790886039.057 54.98 108.47
1790886039.564 54.84 108.47
1790886040.073 54.70 108.47
1790886040.583 54.56 108.48
1790886041.090 54.42 108.48
1790886041.598 54.28 108.48
1790886042.106 54.14 108.48
1790886042.614 53.99 108.48
1790886043.120 53.79 108.44
1790886043.627 53.66 108.45
1790886044.135 53.53 108.47
1790886044.642 53.40 108.47
1790886045.148 53.24 108.46
1790886045.655 53.11 108.47
1790886046.164 52.97 108.48
1790886046.672 52.84 108.48
1790886047.180 52.69 108.49
1790886047.687 52.55 108.49
1790886048.193 52.40 108.48
1790886048.699 52.26 108.49
1790886049.206 52.11 108.48
1790886049.713 51.93 108.47
1790886050.221 51.79 108.46
1790886050.729 51.64 108.47
1790886051.237 51.50 108.46
1790886051.746 51.35 108.46
1790886052.254 51.22 108.47
1790886052.761 51.07 108.47
1790886053.271 50.92 108.46
1790886053.780 50.80 108.47
1790886054.287 50.66 108.48
1790886054.795 50.52 108.48
1790886055.300 50.39 108.49
1790886055.808 50.25 108.50
1790886056.316 50.08 108.49
1790886056.824 49.95 108.50
1790886057.331 49.81 108.50
1790886057.839 49.67 108.51
1790886058.346 49.52 108.50
1790886058.853 49.39 108.50
1790886059.360 49.26 108.52
1790886059.869 49.12 108.52
1790886060.376 48.98 108.53
1790886060.885 48.84 108.53
1790886061.393 48.70 108.54
1790886061.902 48.52 108.53
1790886062.410 48.39 108.53
1790886062.919 48.25 108.54
1790886063.426 48.12 108.54
1790886063.935 48.00 108.56
1790886064.440 47.87 108.57
1790886064.945 47.73 108.57
1790886065.455 47.60 108.58
1790886065.964 47.47 108.59
1790886066.473 47.33 108.60
1790886066.981 47.19 108.60
1790886067.488 47.05 108.60
1790886067.996 46.89 108.59
1790886068.504 46.70 108.55
1790886069.011 46.58 108.57
1790886069.519 46.45 108.58
1790886070.027 46.31 108.58
1790886070.535 46.17 108.59
1790886071.045 46.04 108.59
1790886071.550 45.90 108.60
1790886072.057 45.76 108.60
1790886072.566 45.62 108.61
1790886073.072 45.49 108.61
1790886073.579 45.35 108.62
1790886074.089 45.23 108.63
1790886074.598 45.09 108.63
1790886075.105 44.95 108.64
1790886075.611 44.78 108.63
1790886076.118 44.65 108.63
1790886076.626 44.52 108.65
1790886077.133 44.38 108.65
1790886077.643 44.24 108.66
1790886078.150 44.09 108.65
1790886078.660 43.96 108.65
1790886079.168 43.83 108.67
1790886079.676 43.70 108.68
1790886080.185 43.55 108.68
1790886080.693 43.41 108.67
1790886081.202 43.28 108.68
1790886081.708 42.48 108.36
1790886082.216 34.90 100.81
1790886082.724 32.39 98.31
1790886083.229 24.86 90.77
1790886083.734 24.81 90.72
1790886084.239 24.73 90.65
1790886084.745 24.65 90.56
1790886085.250 24.57 90.49
1790886085.755 24.50 90.42
1790886086.261 24.42 90.33
1790886086.767 24.30 90.26
1790886087.272 23.45 90.28
1790886087.776 24.00 90.83
1790886088.281 48.49 115.32
1790886088.787 48.61 115.36
1790886089.292 48.61 115.37
1790886089.798 48.61 115.37
1790886090.303 48.61 115.37
1790886090.809 48.61 115.37
1790886091.314 48.61 115.37
1790886091.820 48.61 115.37
1790886092.326 48.62 115.37
1790886092.831 48.62 115.38
1790886093.337 48.62 115.37
1790886093.842 48.62 115.37
1790886094.347 48.62 115.37
1790886094.852 48.62 115.37
1790886095.358 48.62 115.37
1790886095.864 48.62 115.38
1790886096.369 48.62 115.38
1790886096.876 48.62 115.38
1790886097.381 48.62 115.38
1790886097.886 48.62 115.38
1790886098.391 48.62 115.37
1790886098.898 48.62 115.38
1790886099.403 48.62 115.38
1790886099.907 48.60 115.35
1790886100.412 48.60 115.36
1790886100.917 48.60 115.36
1790886101.424 48.57 115.36
1790886101.929 48.55 115.35
1790886102.434 48.53 115.35
1790886102.940 48.51 115.34
1790886103.445 48.50 115.34
1790886103.951 48.51 115.36
1790886104.456 48.51 115.37
1790886104.961 48.50 115.37
1790886105.465 48.48 115.37
1790886105.970 48.90 115.78
1790886106.476 48.90 115.78
1790886106.981 48.90 115.78
1790886107.485 48.89 115.77
1790886107.990 48.89 115.77
1790886108.496 48.89 115.77
1790886109.002 48.89 115.77
1790886109.508 48.89 115.77
1790886110.014 48.89 115.77
1790886110.519 48.89 115.77
1790886111.023 48.89 115.78
1790886111.528 48.88 115.76
1790886112.034 48.87 115.76
1790886112.539 48.87 115.76
1790886113.045 48.87 115.76
1790886113.550 48.87 115.76
1790886114.056 48.87 115.76
1790886114.561 48.87 115.76
1790886115.067 48.87 115.76
1790886115.571 48.86 115.75
1790886116.077 48.89 115.78
1790886116.582 48.90 115.79
1790886117.088 48.90 115.79
1790886117.593 48.90 115.79
1790886118.098 48.90 115.79
1790886118.602 48.90 115.79
1790886119.108 48.90 115.79
1790886119.614 48.90 115.79
1790886120.119 48.90 115.79
1790886120.625 48.90 115.79
1790886121.131 48.90 115.79
1790886121.636 48.90 115.79
1790886122.141 48.91 115.80
1790886122.647 48.91 115.80
1790886123.153 48.89 115.78
1790886123.658 48.90 115.79
1790886124.164 48.90 115.79
1790886124.670 48.90 115.79
1790886125.175 48.90 115.79
1790886125.680 48.90 115.79
1790886126.186 48.90 115.79
1790886126.692 48.90 115.79
1790886127.197 48.90 115.79
1790886127.703 48.91 115.80
1790886128.208 48.90 115.79
1790886128.714 48.90 115.79
1790886129.219 48.90 115.79
1790886129.725 48.91 115.79
1790886130.231 48.91 115.79
1790886130.737 48.91 115.79
1790886131.241 48.91 115.79
1790886131.747 48.91 115.79
1790886132.253 48.91 115.79
1790886132.758 48.91 115.80
1790886133.264 48.91 115.80
1790886133.770 48.94 115.82
1790886134.275 48.94 115.82
1790886134.781 48.94 115.82
1790886135.286 48.94 115.82
1790886135.791 48.93 115.82
1790886136.297 48.94 115.83
1790886136.802 48.95 115.84
1790886137.308 48.95 115.84
1790886137.813 48.95 115.84
1790886138.319 48.93 115.82
1790886138.825 48.95 115.84
1790886139.330 48.95 115.84
1790886139.836 48.95 115.84
1790886140.341 48.95 115.84
1790886140.846 48.95 115.84
1790886141.352 48.95 115.84
1790886141.856 48.95 115.84
1790886142.362 48.95 115.84
1790886142.867 48.96 115.84
1790886143.373 48.95 115.84
1790886143.879 48.95 115.84
1790886144.385 48.95 115.84
1790886144.889 48.95 115.84
1790886145.395 48.95 115.84
1790886145.900 48.94 115.83
1790886146.406 48.94 115.83
1790886146.911 48.95 115.84
1790886147.417 48.95 115.84
1790886147.921 48.96 115.85
1790886148.426 48.95 115.84
1790886148.932 48.84 115.73
1790886149.437 48.41 115.30
1790886149.943 45.63 112.60
1790886150.449 45.27 112.24
1790886150.954 45.22 112.18
1790886151.461 45.15 112.11
1790886151.968 45.15 112.11
1790886152.476 45.15 112.11
1790886152.983 45.14 112.10
1790886153.490 45.14 112.10
1790886153.997 45.14 112.10
1790886154.505 45.14 112.10
1790886155.013 45.14 112.10
1790886155.521 45.13 112.10
1790886156.028 45.15 112.12
1790886156.536 45.15 112.12
1790886157.043 45.10 112.08
1790886157.551 45.06 112.08
1790886158.058 45.02 112.07
1790886158.565 44.98 112.07
1790886159.073 44.94 112.07
1790886159.580 44.90 112.07
1790886160.088 44.89 112.07
1790886160.597 44.56 111.76
1790886161.106 44.55 111.76
1790886161.615 44.49 111.76
1790886162.124 44.44 111.76
1790886162.633 44.43 111.76
1790886163.141 44.39 111.75
1790886163.649 44.37 111.75
1790886164.158 44.34 111.76
1790886164.667 44.27 111.74
1790886165.174 44.23 111.74
1790886165.681 44.22 111.74
1790886166.188 44.20 111.74
1790886166.697 44.16 111.74
1790886167.205 44.13 111.74
1790886167.712 44.10 111.75
1790886168.219 44.07 111.73
1790886168.727 44.03 111.71
1790886169.234 44.03 111.72
1790886169.743 43.98 111.72
1790886170.251 43.97 111.72
1790886170.760 43.91 111.73
1790886171.268 43.86 111.73
1790886171.776 43.84 111.73
1790886172.283 43.81 111.73
1790886172.790 43.80 111.72
1790886173.296 43.74 111.72
1790886173.806 43.72 111.72
1790886174.315 43.70 111.72
1790886174.822 43.68 111.72
1790886175.331 43.65 111.72
1790886175.840 43.60 111.72
1790886176.347 43.56 111.74
1790886176.856 43.52 111.74
1790886177.365 43.48 111.72
1790886177.874 43.47 111.72
1790886178.381 43.40 111.71
1790886178.890 43.36 111.71
1790886179.398 43.34 111.73
1790886179.907 43.32 111.74
1790886180.415 43.30 111.73
1790886180.924 43.28 111.73
1790886181.432 43.26 111.73
1790886181.940 43.24 111.73
1790886182.447 43.21 111.74
1790886182.954 43.20 111.74
1790886183.463 43.16 111.74
1790886183.972 43.15 111.77
1790886184.480 43.13 111.77
1790886184.989 43.08 111.77
1790886185.498 43.05 111.77
1790886186.008 43.02 111.77
1790886186.517 43.02 111.78
1790886187.025 43.01 111.79
1790886187.535 42.97 111.79
1790886188.044 42.93 111.79
1790886188.552 42.88 111.79
1790886189.062 42.90 111.81
1790886189.571 42.90 111.81
1790886190.078 42.87 111.81
1790886190.586 42.85 111.82
1790886191.093 42.83 111.82
1790886191.599 42.81 111.83
1790886192.109 42.78 111.83
1790886192.618 42.75 111.83
1790886193.128 42.71 111.83
1790886193.638 42.69 111.83
1790886194.145 42.66 111.83
1790886194.653 42.65 111.83
1790886195.161 42.62 111.83
1790886195.670 42.60 111.83
1790886196.180 42.54 111.79
1790886196.691 42.52 111.81
1790886197.201 42.51 111.81
1790886197.710 42.48 111.81
1790886198.220 42.46 111.81
1790886198.730 42.43 111.82
1790886199.238 42.40 111.84
1790886199.748 42.38 111.84
1790886200.256 42.31 111.84
1790886200.767 42.28 111.83
1790886201.276 42.29 111.84
1790886201.785 42.27 111.84
1790886202.294 42.24 111.85
1790886202.801 42.21 111.85
1790886203.307 42.15 111.83
1790886203.816 42.13 111.83
1790886204.325 42.14 111.85
1790886204.834 42.11 111.85
1790886205.342 42.11 111.85
1790886205.852 42.09 111.85
1790886206.361 42.08 111.85
1790886206.871 42.00 111.84
1790886207.379 42.00 111.84
1790886207.887 41.98 111.84
1790886208.394 41.93 111.83
1790886208.902 41.87 111.80
1790886209.410 41.87 111.81
1790886209.919 41.84 111.81
1790886210.427 41.82 111.81
1790886210.936 41.80 111.82
1790886211.444 41.78 111.82
1790886211.952 41.78 111.83
1790886212.461 41.77 111.83
1790886212.970 41.72 111.80
1790886213.478 41.72 111.79
1790886213.986 41.70 111.79
1790886214.495 41.70 111.81
1790886215.003 41.70 111.82
1790886215.510 41.70 111.82
1790886216.020 41.69 111.82
1790886216.527 41.67 111.82
1790886217.037 41.66 111.82
1790886217.546 41.61 111.83
1790886218.055 41.53 111.81
1790886218.565 41.49 111.81
1790886219.073 41.46 111.83
1790886219.580 41.45 111.83
1790886220.088 41.41 111.84
1790886220.596 41.37 111.84
1790886221.104 41.36 111.84
1790886221.612 41.34 111.84
1790886222.120 41.33 111.85
1790886222.629 41.30 111.85
1790886223.138 41.28 111.85
1790886223.646 41.27 111.85
1790886224.153 41.26 111.85
1790886224.661 41.23 111.84
1790886225.167 41.19 111.84
1790886225.674 41.16 111.84
1790886226.181 41.15 111.85
1790886226.690 41.14 111.85
1790886227.199 41.12 111.87
1790886227.707 41.11 111.87
1790886228.217 41.08 111.84
1790886228.726 41.07 111.84
1790886229.234 41.06 111.86
1790886229.741 41.05 111.86
1790886230.250 41.04 111.86
1790886230.758 41.04 111.86
1790886231.266 41.03 111.87
1790886231.774 41.00 111.87
1790886232.282 40.98 111.88
1790886232.791 40.98 111.90
1790886233.299 40.95 111.88
1790886233.807 40.95 111.88
1790886234.315 40.93 111.87
1790886234.824 40.92 111.87
1790886235.333 40.92 111.87
1790886235.842 40.91 111.87
1790886236.351 40.88 111.87
1790886236.860 40.87 111.87
1790886237.367 40.84 111.87
1790886237.875 40.83 111.87
1790886238.382 40.81 111.86
1790886238.890 40.80 111.86
1790886239.399 40.81 111.88
1790886239.907 40.78 111.88
1790886240.416 40.77 111.88
1790886240.922 40.75 111.88
1790886241.428 40.73 111.89
1790886241.937 40.71 111.89
1790886242.446 40.45 111.63
1790886242.957 40.44 111.64
1790886243.463 40.40 111.63
1790886243.971 40.40 111.63
1790886244.478 40.43 111.65
1790886244.985 40.41 111.66
1790886245.493 40.39 111.67
1790886246.000 40.36 111.67
1790886246.508 40.32 111.67
1790886247.015 40.28 111.63
1790886247.522 40.26 111.64
1790886248.030 40.23 111.64
1790886248.538 40.22 111.63
1790886249.047 40.18 111.63
1790886249.556 40.18 111.66
1790886250.064 40.16 111.66
1790886250.571 40.13 111.66
1790886251.078 40.11 111.66
1790886251.586 40.11 111.69
1790886252.096 40.07 111.69
1790886252.604 40.06 111.69
1790886253.113 40.00 111.65
1790886253.621 39.97 111.66
1790886254.129 39.94 111.67
1790886254.638 39.90 111.67
1790886255.146 39.87 111.67
1790886255.654 39.85 111.68
1790886256.163 39.85 111.68
1790886256.672 39.84 111.68
1790886257.180 39.61 111.45
1790886257.687 39.34 111.18
1790886258.194 39.29 111.18
1790886258.702 39.29 111.18
1790886259.212 39.24 111.18
1790886259.720 39.22 111.18
1790886260.229 39.17 111.19
1790886260.738 39.12 111.19
1790886261.245 38.83 110.92
1790886261.752 38.79 110.93
1790886262.260 38.75 110.93
1790886262.770 38.73 110.93
1790886263.280 38.69 110.92
1790886263.789 38.63 110.92
1790886264.298 38.62 110.93
1790886264.806 38.60 110.93
1790886265.314 38.58 110.94
1790886265.822 38.52 110.94
1790886266.332 38.49 110.93
1790886266.840 38.45 110.93
1790886267.349 38.42 110.93
1790886267.858 38.37 110.94
1790886268.367 38.36 110.94
1790886268.876 38.34 110.94
1790886269.382 38.33 110.95
1790886269.890 38.31 110.95
1790886270.399 38.27 110.95
1790886270.907 38.25 110.95
1790886271.416 38.23 110.95
1790886271.925 38.22 110.95
1790886272.433 38.20 110.95
1790886272.940 38.18 110.95
1790886273.448 38.13 110.94
1790886273.958 38.13 110.94
1790886274.464 38.12 110.96
1790886274.972 38.09 110.96
1790886275.481 38.06 110.97
1790886275.988 38.03 110.97
1790886276.496 38.03 110.97
1790886277.004 38.02 110.98
1790886277.512 37.98 110.97
1790886278.020 37.99 110.99
1790886278.530 37.97 110.98
1790886279.038 37.91 110.98
1790886279.547 37.87 110.95
1790886280.057 37.83 110.95
1790886280.567 37.81 110.96
1790886281.076 37.80 110.97
1790886281.583 37.77 110.97
1790886282.093 37.74 110.97
1790886282.602 37.72 110.97
1790886283.109 37.66 110.95
1790886283.616 37.65 110.95
1790886284.122 37.63 110.96
1790886284.630 37.59 110.96
1790886285.138 37.59 110.96
1790886285.646 37.54 110.97
1790886286.154 37.49 110.97
1790886286.662 37.49 110.97
1790886287.171 37.49 110.97
1790886287.677 37.45 110.96
1790886288.186 37.46 110.99
1790886288.693 37.42 110.96
1790886289.202 37.40 110.96
1790886289.710 37.39 110.96
1790886290.218 37.36 110.96
1790886290.725 37.33 110.96
1790886291.234 37.32 110.96
1790886291.742 37.29 110.96
1790886292.249 37.27 110.96
1790886292.757 37.22 110.96
1790886293.264 37.17 110.91
1790886293.771 37.16 110.91
1790886294.280 37.11 110.91
1790886294.788 37.09 110.92
1790886295.296 37.06 110.92
1790886295.806 37.01 110.92
1790886296.314 37.00 110.92
1790886296.823 36.97 110.92
1790886297.332 36.94 110.93
1790886297.839 36.92 110.93
1790886298.348 36.91 110.93
1790886298.856 36.91 110.94
1790886299.364 36.86 110.94
1790886299.872 36.85 110.94
1790886300.380 36.83 110.94
1790886300.887 36.82 110.94
1790886301.395 36.80 110.94
1790886301.904 36.77 110.94
1790886302.412 36.75 110.93
1790886302.920 36.75 110.94
1790886303.428 36.74 110.94
1790886303.936 36.71 110.94
1790886304.445 36.73 110.96
1790886304.954 36.70 110.96
1790886305.462 36.68 110.96
1790886305.971 36.64 110.97
1790886306.480 36.62 110.97
1790886306.988 36.60 110.97
1790886307.497 36.59 110.97
1790886308.004 36.58 110.97
1790886308.512 36.55 110.96
1790886309.020 36.52 110.97
1790886309.529 36.51 110.98
1790886310.037 36.51 110.98
1790886310.546 36.49 110.98
1790886311.055 36.47 110.98
1790886311.564 36.45 110.99
1790886312.073 36.44 110.99
1790886312.581 36.42 110.99
1790886313.089 36.40 110.99
1790886313.599 36.38 110.99
1790886314.108 36.34 110.99
1790886314.617 36.34 111.01
1790886315.125 36.34 111.01
1790886315.634 36.33 111.02
1790886316.143 36.34 111.02
1790886316.652 36.32 111.02
1790886317.162 36.31 111.02
1790886317.670 36.29 111.02
1790886318.177 36.28 111.02
1790886318.685 36.28 111.02
1790886319.193 36.18 110.97
1790886319.702 36.14 110.98
1790886320.210 36.16 111.01
1790886320.718 36.16 111.03
1790886321.226 36.12 111.03
1790886321.734 36.12 111.03
1790886322.243 36.08 111.03
1790886322.750 36.07 111.03
1790886323.261 36.04 111.02
1790886323.769 35.98 111.02
1790886324.278 35.94 111.03
1790886324.788 35.91 111.04
1790886325.295 35.87 111.04
1790886325.803 27.04 102.22
1790886326.313 24.73 99.90
1790886326.819 17.02 92.19
1790886327.323 16.96 92.13
1790886327.829 16.89 92.06
1790886328.334 16.84 92.01
1790886328.839 16.51 91.98
1790886329.345 16.44 92.07
1790886329.850 28.06 103.69
1790886330.355 40.57 116.12
1790886330.861 40.56 116.11
1790886331.366 40.33 115.88
1790886331.871 39.95 115.50
1790886332.376 39.65 115.23
1790886332.884 36.96 112.58
1790886333.391 36.78 112.41
1790886333.896 36.70 112.33
1790886334.402 36.69 112.32
1790886334.910 36.69 112.32
1790886335.419 36.69 112.32
1790886335.926 36.69 112.32
1790886336.434 36.68 112.32
1790886336.941 36.68 112.32
1790886337.448 36.68 112.33
1790886337.956 36.68 112.33
1790886338.465 36.70 112.34
1790886338.974 36.70 112.34
1790886339.481 36.69 112.35
1790886339.991 33.62 109.27
1790886340.500 33.63 109.29
1790886341.010 33.62 109.29
1790886341.517 33.63 109.30
1790886342.025 33.63 109.29
1790886342.535 33.61 109.29
1790886343.043 33.60 109.29
1790886343.551 33.60 109.29
1790886344.059 33.60 109.29
1790886344.569 33.60 109.29
1790886345.078 33.58 109.27
1790886345.587 33.57 109.27
1790886346.096 33.55 109.28
1790886346.604 33.55 109.28
1790886347.113 33.55 109.28
1790886347.621 33.55 109.28
1790886348.130 33.53 109.26
1790886348.638 33.52 109.25
1790886349.146 33.52 109.25
1790886349.655 33.53 109.26
1790886350.164 33.53 109.26
1790886350.673 33.53 109.26
1790886351.181 33.53 109.26
1790886351.690 33.53 109.26
1790886352.199 33.53 109.26
1790886352.708 33.53 109.26
1790886353.218 33.52 109.25
1790886353.727 33.52 109.25
1790886354.235 33.52 109.25
1790886354.744 33.52 109.25
1790886355.252 33.52 109.25
1790886355.760 33.52 109.25
1790886356.269 33.51 109.25
1790886356.777 33.51 109.25
1790886357.287 33.51 109.25
1790886357.796 33.51 109.26
1790886358.303 33.49 109.25
1790886358.812 33.49 109.25
1790886359.320 33.49 109.25
1790886359.829 33.49 109.25
1790886360.338 33.50 109.25
1790886360.846 33.49 109.26
1790886361.355 33.50 109.26
1790886361.864 33.49 109.26
1790886362.373 33.50 109.27
1790886362.881 33.50 109.27
1790886363.389 33.50 109.27
1790886363.897 33.50 109.27
1790886364.406 33.51 109.28
1790886364.913 33.50 109.28
1790886365.421 33.50 109.27
1790886365.930 33.50 109.28
1790886366.437 33.50 109.28
1790886366.946 33.50 109.27
1790886367.455 33.50 109.27
1790886367.963 33.50 109.27
1790886368.472 33.49 109.27
1790886368.982 33.50 109.28
1790886369.489 33.51 109.30
1790886369.999 33.52 109.31
1790886370.507 33.52 109.31
1790886371.016 33.52 109.31
1790886371.524 33.51 109.32
1790886372.033 33.51 109.32
1790886372.543 33.51 109.32
1790886373.051 33.52 109.32
1790886373.559 33.50 109.30
1790886374.065 33.50 109.30
1790886374.574 33.51 109.31
1790886375.083 33.51 109.32
1790886375.591 33.51 109.32
1790886376.100 33.51 109.32
1790886376.609 33.51 109.32
1790886377.118 33.52 109.33
1790886377.626 33.51 109.33
1790886378.136 33.51 109.33
1790886378.644 33.51 109.33
1790886379.152 33.51 109.33
1790886379.661 33.51 109.33
1790886380.170 33.51 109.33
1790886380.679 33.51 109.33
1790886381.188 33.51 109.33
1790886381.698 33.51 109.33
1790886382.207 33.51 109.32
1790886382.716 33.50 109.32
1790886383.225 33.50 109.32
1790886383.733 33.50 109.32
1790886384.242 33.50 109.32
1790886384.749 33.50 109.33
1790886385.257 33.49 109.33
1790886385.765 33.50 109.34
1790886386.274 33.50 109.34
1790886386.783 33.49 109.34
1790886387.291 33.49 109.34
1790886387.800 33.49 109.34
1790886388.309 33.47 109.33
1790886388.818 33.47 109.33
1790886389.325 33.51 109.36
1790886389.833 33.51 109.37
1790886390.342 33.50 109.37
1790886390.851 33.50 109.37
1790886391.359 33.50 109.37
1790886391.868 33.50 109.37
1790886392.376 33.50 109.37
1790886392.884 33.50 109.37
1790886393.393 33.50 109.37
1790886393.901 33.50 109.37
1790886394.409 33.53 109.39
1790886394.918 33.51 109.39
1790886395.427 33.50 109.39
1790886395.935 33.51 109.40
1790886396.444 33.50 109.40
1790886396.953 33.49 109.40
1790886397.462 33.49 109.40
1790886397.971 33.49 109.41
1790886398.481 33.47 109.39
1790886398.989 33.48 109.39
1790886399.497 33.47 109.40
1790886400.006 33.47 109.40
1790886400.514 33.47 109.40
1790886401.023 33.47 109.40
1790886401.530 33.48 109.40
1790886402.039 33.48 109.41
1790886402.548 33.48 109.41
1790886403.056 33.48 109.41
1790886403.562 33.47 109.39
1790886404.071 33.47 109.40
1790886404.579 33.47 109.40
1790886405.088 33.47 109.40
1790886405.597 33.47 109.40
1790886406.106 33.48 109.41
1790886406.614 33.47 109.41
1790886407.122 33.48 109.42
1790886407.630 33.48 109.42
1790886408.140 33.48 109.42
1790886408.649 33.48 109.42
1790886409.156 33.48 109.42
1790886409.664 33.48 109.43
1790886410.172 33.48 109.43
1790886410.681 33.47 109.43
1790886411.189 33.47 109.43
1790886411.698 33.47 109.43
1790886412.206 33.47 109.43
1790886412.715 33.45 109.42
1790886413.224 33.43 109.41
1790886413.732 33.43 109.41
1790886414.241 33.45 109.43
1790886414.750 33.45 109.43
1790886415.258 33.44 109.43
1790886415.766 33.44 109.43
1790886416.275 33.44 109.43
1790886416.784 33.44 109.43
1790886417.292 33.45 109.44
1790886417.799 33.45 109.44
1790886418.307 33.43 109.42
1790886418.816 33.44 109.43
1790886419.323 33.44 109.44
1790886419.833 33.47 109.47
1790886420.341 33.47 109.47
1790886420.851 33.47 109.47
1790886421.359 33.47 109.47
1790886421.866 33.47 109.47
1790886422.373 33.47 109.47
1790886422.882 33.47 109.47
1790886423.391 33.45 109.46
1790886423.899 33.44 109.46
1790886424.406 33.45 109.46
1790886424.915 33.45 109.47
1790886425.423 33.45 109.47
1790886425.931 33.45 109.47
1790886426.439 33.44 109.47
1790886426.947 33.44 109.47
1790886427.456 33.44 109.47
1790886427.965 33.44 109.47
1790886428.474 33.44 109.47
1790886428.983 33.44 109.47
1790886429.491 33.46 109.49
1790886430.000 33.45 109.48
1790886430.509 33.45 109.48
1790886431.017 33.45 109.48
1790886431.526 33.45 109.48
1790886432.035 33.45 109.48
1790886432.543 33.45 109.48
1790886433.050 33.45 109.48
1790886433.559 33.43 109.47
1790886434.067 33.43 109.47
1790886434.576 33.45 109.49
1790886435.084 33.45 109.49
1790886435.592 33.45 109.49
1790886436.100 33.44 109.49
1790886436.608 33.44 109.49
1790886437.116 33.44 109.49
1790886437.625 33.43 109.49
1790886438.134 33.42 109.48
1790886438.642 33.41 109.48
1790886439.152 33.41 109.48
1790886439.659 33.43 109.51
1790886440.168 33.41 109.50
1790886440.676 33.41 109.50
1790886441.185 33.42 109.51
1790886441.693 33.41 109.52
1790886442.201 33.41 109.52
1790886442.708 33.41 109.51
1790886443.216 33.39 109.49
1790886443.724 33.39 109.49
1790886444.233 33.41 109.51
1790886444.741 33.41 109.51
1790886445.249 33.41 109.51
1790886445.758 33.41 109.51
1790886446.266 33.40 109.51
1790886446.774 33.40 109.51
1790886447.282 33.40 109.51
1790886447.790 33.40 109.51
1790886448.298 33.38 109.50
1790886448.806 33.38 109.50
1790886449.314 33.40 109.51
1790886449.821 33.37 109.50
1790886450.331 33.37 109.50
1790886450.840 33.37 109.50
1790886451.348 33.37 109.50
1790886451.856 33.36 109.50
1790886452.365 33.37 109.51
1790886452.873 33.37 109.51
1790886453.382 33.35 109.49
1790886453.889 33.36 109.50
1790886454.399 33.36 109.50
1790886454.908 33.36 109.50
1790886455.416 33.36 109.50
1790886455.924 33.36 109.50
1790886456.433 33.36 109.50
1790886456.942 33.36 109.50
1790886457.450 33.34 109.50
1790886457.958 33.34 109.50
1790886458.467 33.32 109.49
1790886458.976 33.32 109.49
1790886459.486 33.34 109.50
1790886459.994 33.33 109.50
1790886460.502 33.35 109.51
1790886461.011 33.35 109.51
1790886461.520 33.36 109.52
1790886462.029 33.36 109.52
1790886462.537 33.36 109.52
1790886463.045 33.36 109.52
1790886463.553 33.34 109.51
1790886464.062 33.34 109.51
1790886464.569 33.35 109.51
1790886465.077 33.36 109.52
1790886465.586 33.36 109.52
1790886466.095 33.36 109.52
1790886466.603 33.36 109.52
1790886467.111 33.34 109.52
1790886467.621 33.34 109.51
1790886468.129 33.33 109.51
1790886468.636 33.33 109.51
1790886469.144 33.33 109.51
1790886469.652 33.34 109.53
1790886470.158 33.31 109.51
1790886470.667 33.32 109.52
1790886471.176 33.31 109.52
1790886471.684 33.31 109.52
1790886472.193 33.31 109.52
1790886472.701 33.31 109.52
1790886473.209 33.29 109.51
1790886473.718 33.29 109.51
1790886474.227 33.31 109.52
1790886474.735 33.31 109.52
1790886475.244 33.31 109.52
1790886475.752 33.32 109.53
1790886476.260 33.32 109.53
1790886476.768 33.32 109.54
1790886477.277 33.33 109.54
1790886477.785 33.33 109.54
1790886478.294 33.33 109.54
1790886478.802 33.32 109.54
1790886479.310 33.34 109.56
1790886479.818 33.32 109.56
1790886480.325 33.31 109.55
1790886480.834 33.31 109.55
1790886481.342 33.31 109.55
1790886481.850 33.31 109.55
1790886482.359 33.31 109.55
1790886482.868 33.31 109.55
1790886483.377 33.31 109.55
1790886483.886 33.29 109.55
1790886484.394 33.29 109.57
1790886484.903 33.28 109.57
1790886485.413 33.28 109.56
1790886485.922 33.28 109.56
1790886486.430 33.26 109.56
1790886486.939 33.25 109.57
1790886487.447 33.25 109.57
1790886487.955 33.26 109.58
1790886488.464 33.26 109.57
1790886488.973 33.26 109.57
1790886489.480 33.27 109.59
1790886489.987 33.27 109.60
1790886490.494 33.28 109.62
1790886491.004 33.29 109.63
1790886491.512 33.28 109.63
1790886492.020 33.28 109.63
1790886492.528 33.28 109.63
1790886493.036 33.27 109.62
1790886493.546 33.26 109.61
1790886494.054 33.25 109.61
1790886494.563 33.25 109.61
1790886495.072 33.24 109.61
1790886495.581 33.24 109.61
1790886496.089 33.24 109.61
1790886496.598 33.23 109.61
1790886497.107 33.23 109.61
1790886497.615 33.23 109.61
1790886498.124 33.22 109.60
1790886498.633 33.22 109.60
1790886499.142 33.23 109.60
1790886499.650 33.23 109.60
1790886500.159 33.23 109.60
1790886500.666 33.26 109.64
1790886501.175 33.26 109.64
1790886501.683 33.27 109.64
1790886502.191 33.27 109.64
1790886502.700 33.27 109.64
1790886503.209 33.25 109.63
1790886503.717 33.24 109.63
1790886504.225 33.24 109.63
1790886504.734 33.24 109.63
1790886505.243 33.24 109.63
1790886505.751 33.24 109.63
1790886506.259 33.24 109.63
1790886506.767 33.24 109.63
1790886507.276 33.24 109.63
1790886507.785 33.24 109.63
1790886508.293 33.24 109.63
1790886508.803 33.24 109.63
1790886509.310 33.26 109.65
1790886509.817 33.26 109.65
1790886510.326 33.26 109.65
1790886510.834 33.29 109.69
1790886511.344 33.29 109.69
1790886511.853 33.29 109.69
1790886512.362 33.29 109.69
1790886512.869 33.28 109.69
1790886513.378 33.27 109.68
1790886513.886 33.24 109.68
1790886514.399 27.11 103.55
1790886514.910 24.84 101.28
1790886515.425 15.26 91.69
1790886515.934 15.19 91.63
1790886516.439 15.11 91.54
1790886516.943 15.02 91.45
1790886517.449 14.64 91.40
1790886517.954 14.60 91.50
1790886518.460 28.31 105.22
1790886518.966 39.10 115.92
1790886519.471 39.10 115.92
1790886519.977 39.10 115.92
1790886520.482 39.10 115.92
1790886520.988 39.13 115.95
1790886521.493 39.13 115.95
1790886521.999 39.13 115.95
1790886522.504 39.13 115.95
1790886523.010 39.13 115.95
1790886523.514 39.13 115.96
1790886524.020 39.14 115.96
1790886524.525 39.14 115.96
1790886525.031 39.14 115.96
1790886525.537 39.14 115.96
1790886526.042 39.14 115.96
1790886526.548 39.14 115.96
1790886527.054 39.14 115.96
1790886527.559 39.14 115.96
1790886528.065 39.15 115.97
1790886528.570 39.14 115.97
1790886529.076 39.16 115.98
1790886529.581 39.16 115.98
1790886530.087 39.16 115.98
1790886530.592 39.16 115.98
1790886531.098 39.17 115.99
1790886531.603 39.17 116.00
1790886532.108 39.21 116.03
1790886532.614 39.21 116.03
1790886533.120 39.19 116.01
1790886533.625 39.19 116.01
1790886534.131 39.21 116.03
1790886534.636 39.21 116.03
1790886535.142 39.21 116.03
1790886535.647 39.21 116.03
1790886536.153 39.21 116.03
1790886536.658 39.21 116.03
1790886537.164 39.21 116.03
1790886537.670 39.21 116.03
1790886538.175 39.19 116.01
1790886538.681 39.19 116.01
1790886539.187 39.20 116.02
1790886539.692 39.20 116.02
1790886540.198 39.20 116.02
1790886540.703 39.20 116.02
1790886541.209 39.21 116.03
1790886541.715 39.21 116.03
1790886542.221 39.22 116.04
1790886542.726 39.22 116.04
1790886543.232 39.21 116.03
1790886543.737 39.24 116.06
1790886544.243 39.24 116.06
1790886544.749 39.24 116.06
1790886545.254 39.24 116.06
1790886545.760 39.24 116.06
1790886546.265 39.24 116.06
1790886546.771 39.24 116.06
1790886547.276 39.24 116.06
1790886547.781 39.24 116.06
1790886548.287 39.23 116.05
1790886548.793 39.25 116.07
1790886549.299 39.25 116.07
1790886549.805 39.25 116.07
1790886550.310 39.25 116.07
1790886550.815 39.25 116.07
1790886551.320 39.26 116.08
1790886551.826 39.26 116.08
1790886552.330 39.26 116.08
1790886552.836 39.25 116.07
1790886553.341 39.24 116.06
1790886553.845 39.26 116.08
1790886554.350 41.89 116.15
1790886554.855 88.90 116.20
1790886555.369 116.76 116.26
1790886555.891 116.76 116.26
1790886556.397 116.76 116.26
1790886556.903 116.76 116.26
1790886557.408 116.76 116.26
1790886557.913 116.76 116.26
1790886558.418 116.74 116.25
1790886558.924 116.74 116.25
1790886559.430 116.74 116.25
1790886559.935 116.74 116.25
1790886560.441 116.74 116.25
1790886560.946 116.74 116.25
1790886561.452 116.74 116.27
1790886561.958 116.74 116.27
1790886562.463 116.74 116.27
1790886562.969 116.74 116.27
1790886563.474 116.73 116.26
1790886563.980 116.74 116.27
1790886564.486 116.74 116.27
1790886564.992 116.75 116.28
1790886565.497 116.75 116.28
1790886566.003 116.75 116.28
1790886566.508 116.75 116.28
1790886567.014 116.75 116.28
1790886567.519 116.75 116.28
1790886568.024 116.74 116.27
1790886568.528 116.72 116.26
1790886569.033 116.60 116.25
1790886569.538 116.58 116.24
1790886570.043 116.32 116.14
1790886570.548 116.12 116.03
1790886571.054 116.07 115.99
1790886571.560 116.00 115.97
1790886572.065 115.82 115.80
1790886572.570 115.82 115.80
1790886573.076 114.97 114.98
1790886573.580 114.87 114.88
1790886574.086 114.55 114.56
1790886574.591 113.95 113.97
1790886575.097 113.70 113.72
1790886575.603 99.05 99.07
1790886576.109 84.19 84.21
1790886576.615 69.53 69.55
1790886577.121 54.91 54.93
1790886577.626 40.08 40.09
1790886578.131 25.20 25.22
1790886578.637 16.92 16.94
1790886579.142 16.39 16.41
1790886579.647 16.39 16.41
1790886580.152 16.38 16.41
1790886580.658 16.38 16.40
1790886581.163 16.38 16.40
1790886581.669 16.39 16.41
1790886582.175 16.39 16.41
1790886582.681 16.39 16.41
1790886583.186 16.37 16.39
1790886583.691 16.37 16.39
1790886584.197 16.37 16.39
1790886584.702 16.37 16.39
1790886585.207 16.37 16.39
1790886585.712 16.37 16.39
1790886586.217 16.37 16.39
1790886586.722 16.64 16.66
1790886587.227 16.21 16.28
1790886587.733 16.06 16.13
1790886588.237 16.10 16.19
1790886588.743 15.77 16.21
1790886589.247 15.39 16.21
1790886589.752 15.01 15.90
1790886590.258 14.69 15.65
1790886590.764 12.23 13.21
1790886591.271 11.58 12.56
1790886591.777 11.54 12.52
1790886592.284 11.54 12.52
1790886592.790 11.54 12.52
1790886593.295 11.53 12.51
1790886593.802 11.53 12.51
1790886594.308 11.53 12.51
1790886594.814 11.53 12.51
1790886595.319 11.53 12.51
1790886595.825 11.53 12.51
1790886596.330 11.53 12.51
1790886596.837 11.53 12.51
1790886597.343 11.53 12.51
1790886597.849 11.54 12.52
1790886598.356 11.54 12.51
1790886598.862 11.54 12.51
1790886599.367 11.54 12.51
1790886599.873 11.54 12.51
1790886600.379 11.54 12.51
1790886600.885 11.54 12.52
1790886601.391 11.54 12.52
1790886601.897 11.54 12.52
1790886602.402 11.54 12.52
1790886602.908 11.54 12.52
1790886603.415 11.52 12.51
1790886603.921 11.52 12.51
1790886604.426 11.52 12.51
1790886604.931 11.52 12.51
1790886605.437 11.52 12.51
1790886605.942 11.52 12.51
1790886606.448 11.52 12.51
1790886606.955 11.52 12.51
1790886607.461 11.52 12.51
1790886607.966 11.52 12.51
1790886608.471 11.51 12.50
1790886608.976 11.52 12.50
1790886609.483 11.52 12.50
1790886609.988 11.52 12.50
1790886610.493 11.52 12.50
1790886610.998 11.52 12.50
1790886611.504 11.52 12.50
1790886612.011 11.51 12.50
1790886612.516 11.51 12.50
1790886613.020 11.51 12.50
1790886613.526 11.51 12.50
1790886614.032 11.51 12.50
1790886614.539 11.51 12.50
1790886615.044 11.51 12.50
1790886615.550 11.51 12.50
1790886616.055 11.51 12.50
1790886616.561 11.51 12.50
1790886617.066 11.51 12.50
1790886617.573 11.51 12.50
1790886618.079 11.51 12.49
1790886618.585 11.51 12.49
1790886619.091 11.51 12.50
1790886619.596 11.51 12.50
1790886620.102 11.48 12.50
1790886620.607 11.33 12.45
1790886621.114 11.33 12.45
1790886621.620 11.37 12.49
1790886622.126 11.36 12.48
1790886622.632 11.36 12.48
1790886623.138 11.34 12.46
1790886623.645 11.34 12.46
1790886624.152 11.34 12.46
1790886624.659 11.34 12.46
1790886625.164 11.34 12.46
1790886625.669 11.34 12.46
1790886626.175 11.34 12.46
1790886626.680 11.34 12.46
1790886627.185 11.34 12.46
1790886627.690 11.34 12.46
1790886628.195 11.34 12.46
1790886628.700 11.34 12.46
1790886629.206 11.35 12.47
1790886629.712 11.35 12.47
1790886630.219 11.36 12.48
1790886630.724 11.36 12.48
1790886631.230 11.36 12.48
1790886631.737 11.36 12.48
1790886632.242 11.34 12.46
1790886632.749 11.34 12.46
1790886633.255 11.34 12.46
1790886633.761 11.35 12.47
1790886634.266 11.35 12.47
1790886634.772 11.35 12.47
1790886635.278 11.35 12.47
1790886635.783 11.35 12.47
1790886636.290 11.35 12.47
1790886636.795 11.35 12.47
1790886637.300 11.35 12.47
1790886637.806 11.35 12.47
1790886638.311 11.35 12.47
1790886638.816 11.35 12.47
1790886639.323 11.35 12.47
1790886639.829 11.36 12.48
1790886640.335 11.36 12.48
1790886640.842 11.37 12.49
1790886641.347 11.37 12.49
1790886641.852 11.37 12.49
1790886642.358 11.37 12.49
1790886642.862 11.37 12.49
1790886643.368 11.37 12.49
1790886643.874 11.38 12.50
1790886644.380 11.38 12.50
1790886644.886 11.38 12.50
1790886645.393 11.38 12.50
1790886645.898 11.38 12.50
1790886646.403 11.38 12.50
1790886646.909 11.38 12.50
1790886647.416 11.38 12.50
1790886647.921 11.38 12.50
1790886648.428 11.37 12.49
1790886648.933 11.38 12.50
1790886649.439 11.37 12.50
1790886649.945 11.37 12.50
1790886650.452 11.38 12.50
1790886650.957 11.38 12.50
1790886651.462 11.38 12.50
1790886651.968 11.38 12.50
1790886652.475 11.38 12.50
1790886652.981 11.38 12.50
1790886653.487 11.37 12.49
1790886653.993 11.37 12.49
1790886654.497 11.37 12.49
1790886655.003 11.37 12.49
1790886655.509 11.37 12.49
1790886656.015 11.37 12.49
1790886656.520 11.37 12.49
1790886657.025 11.37 12.49
1790886657.531 11.37 12.49
1790886658.035 11.37 12.49
1790886658.541 11.35 12.47
1790886659.049 11.35 12.47
1790886659.554 11.35 12.47
1790886660.060 11.35 12.47
1790886660.565 11.35 12.47
1790886661.072 11.36 12.48
1790886661.578 11.36 12.48
1790886662.084 11.35 12.47
1790886662.590 11.34 12.47
1790886663.095 11.35 12.47
1790886663.601 11.35 12.47
1790886664.109 11.35 12.47
1790886664.615 11.35 12.47
1790886665.120 12.69 13.85
1790886665.625 12.86 14.02
1790886666.130 12.97 14.13
1790886666.635 15.27 16.43
1790886667.141 115.05 116.21
1790886667.646 115.05 116.21
1790886668.151 115.05 116.21
1790886668.657 115.06 116.22
1790886669.162 115.06 116.22
1790886669.666 115.07 116.23
1790886670.173 115.07 116.23
1790886670.678 115.07 116.23
1790886671.183 115.07 116.23
1790886671.689 115.07 116.23
1790886672.193 115.07 116.23
1790886672.698 115.07 116.24
1790886673.204 115.06 116.24
1790886673.708 115.08 116.26
1790886674.214 115.08 116.26
1790886674.719 115.08 116.26
1790886675.225 115.08 116.26
1790886675.729 115.09 116.27
1790886676.235 115.09 116.27
1790886676.740 115.09 116.27
1790886677.246 115.09 116.27
1790886677.752 115.09 116.27
1790886678.258 115.09 116.27
1790886678.763 115.10 116.28
1790886679.268 115.10 116.28
1790886679.773 115.10 116.28
1790886680.279 115.10 116.28
1790886680.784 115.10 116.28
1790886681.289 115.10 116.28
1790886681.795 115.10 116.28
1790886682.301 115.10 116.28
1790886682.806 115.11 116.29
1790886683.311 115.11 116.29
1790886683.817 115.12 116.30
1790886684.322 115.12 116.30
1790886684.828 115.12 116.30
1790886685.333 115.12 116.30
1790886685.838 115.12 116.30
1790886686.344 115.12 116.30
1790886686.849 115.12 116.30
1790886687.354 115.13 116.31
1790886687.860 115.13 116.31
1790886688.366 115.13 116.31
1790886688.870 115.15 116.33
1790886689.375 115.08 116.27
1790886689.881 115.06 116.25
1790886690.387 115.06 116.25
1790886690.892 115.06 116.25
1790886691.398 115.06 116.25
1790886691.903 115.06 116.25
1790886692.408 115.06 116.25
1790886692.914 115.06 116.25
1790886693.420 115.05 116.24
1790886693.925 115.07 116.25
1790886694.431 115.07 116.25
1790886694.936 115.07 116.25
1790886695.442 115.07 116.25
1790886695.947 115.07 116.25
1790886696.452 115.07 116.25
1790886696.957 115.07 116.25
1790886697.463 115.07 116.25
1790886697.968 115.07 116.25
1790886698.474 115.07 116.25
1790886698.980 115.08 116.27
1790886699.485 115.09 116.28
1790886699.990 115.09 116.28
1790886700.496 115.09 116.28
1790886701.001 115.09 116.28
1790886701.507 115.09 116.28
1790886702.012 115.10 116.28
1790886702.518 115.08 116.27
1790886703.024 115.08 116.27
1790886703.529 115.08 116.26
1790886704.035 115.10 116.29
1790886704.541 115.10 116.29
1790886705.046 115.10 116.29
1790886705.552 115.10 116.29
1790886706.057 115.10 116.28
1790886706.563 115.10 116.28
1790886707.068 115.10 116.28
1790886707.574 115.10 116.29
1790886708.080 115.08 116.27
1790886708.585 115.08 116.27
1790886709.090 115.10 116.28
1790886709.596 115.10 116.28
1790886710.101 115.10 116.28
1790886710.607 115.11 116.29
1790886711.112 115.11 116.29
1790886711.618 115.11 116.30
1790886712.123 115.11 116.30
1790886712.629 115.11 116.30
1790886713.135 115.10 116.29
1790886713.640 115.10 116.29
1790886714.145 115.12 116.30
1790886714.651 115.12 116.30
1790886715.157 115.13 116.31
1790886715.662 115.13 116.31
1790886716.168 115.13 116.31
1790886716.673 115.13 116.31
1790886717.179 115.13 116.32
1790886717.685 115.13 116.32
1790886718.190 115.12 116.31
1790886718.695 115.14 116.32
1790886719.200 115.14 116.32
1790886719.706 115.14 116.32
1790886720.212 115.14 116.32
1790886720.717 115.14 116.32
1790886721.223 115.14 116.33
1790886721.729 115.14 116.33
1790886722.234 115.14 116.33
1790886722.740 115.16 116.35
1790886723.245 115.15 116.33
1790886723.751 115.15 116.34
1790886724.256 115.15 116.34
1790886724.762 115.15 116.34
1790886725.267 115.15 116.34
1790886725.773 115.16 116.35
1790886726.279 115.16 116.35
1790886726.784 115.16 116.35
1790886727.290 115.16 116.35
1790886727.795 115.16 116.35
1790886728.301 115.15 116.34
1790886728.807 115.15 116.34
1790886729.313 115.15 116.34
1790886729.819 115.15 116.34
1790886730.324 115.15 116.34
1790886730.830 115.15 116.34
1790886731.336 115.15 116.34
1790886731.841 115.15 116.34
1790886732.347 115.15 116.34
1790886732.852 115.17 116.35
1790886733.358 115.15 116.34
1790886733.864 115.17 116.35
1790886734.369 115.17 116.35
1790886734.875 115.17 116.35
1790886735.380 115.17 116.35
1790886735.886 115.18 116.36
1790886736.391 115.18 116.36
1790886736.897 115.18 116.37
1790886737.402 115.18 116.37
1790886737.908 115.18 116.37
1790886738.413 115.16 116.35
1790886738.919 115.18 116.37
1790886739.424 115.19 116.37
1790886739.929 115.19 116.37
1790886740.435 115.19 116.37
1790886740.940 115.20 116.38
1790886741.446 115.20 116.38
1790886741.951 115.20 116.38
1790886742.457 115.20 116.38
1790886742.962 115.20 116.38
1790886743.468 115.18 116.37
1790886743.974 115.20 116.39
1790886744.479 115.20 116.39
1790886744.985 115.22 116.40
1790886745.490 115.21 116.40
1790886745.996 115.22 116.40
1790886746.501 115.21 116.40
1790886747.007 115.22 116.41
1790886747.512 115.22 116.41
1790886748.018 115.23 116.41
1790886748.524 115.23 116.41
1790886749.030 115.23 116.41
1790886749.536 115.23 116.41
1790886750.041 115.23 116.41
1790886750.547 115.23 116.41
1790886751.052 115.23 116.41
1790886751.558 115.23 116.42
1790886752.064 115.23 116.42
1790886752.569 115.23 116.42
1790886753.075 115.22 116.41
1790886753.580 115.22 116.41
1790886754.086 115.23 116.42
1790886754.591 115.23 116.42
1790886755.097 115.24 116.42
1790886755.602 115.24 116.42
1790886756.108 115.24 116.42
1790886756.613 115.24 116.43
1790886757.119 115.24 116.43
1790886757.623 115.24 116.43
1790886758.128 115.25 116.44
1790886758.633 115.25 116.44
1790886759.139 115.26 116.45
1790886759.645 115.26 116.45
1790886760.150 115.26 116.45
1790886760.656 115.26 116.45
1790886761.161 115.26 116.45
1790886761.666 115.27 116.45
1790886762.172 115.27 116.46
1790886762.677 115.27 116.46
1790886763.183 115.28 116.46
1790886763.689 115.28 116.47
1790886764.195 115.28 116.47
1790886764.701 115.28 116.47
1790886765.206 115.28 116.47
1790886765.712 115.28 116.47
1790886766.218 115.28 116.47
1790886766.723 115.29 116.48
1790886767.229 115.29 116.48
1790886767.735 115.29 116.48
1790886768.240 115.29 116.47
1790886768.746 115.29 116.48
1790886769.252 115.30 116.49
1790886769.757 115.30 116.49
1790886770.263 115.30 116.49
1790886770.768 115.30 116.49
1790886771.274 115.30 116.49
1790886771.779 115.30 116.49
1790886772.285 115.30 116.49
1790886772.791 115.30 116.49
1790886773.296 115.28 116.46
1790886773.801 115.29 116.48
1790886774.306 115.29 116.48
1790886774.811 115.29 116.48
1790886775.317 115.29 116.48
1790886775.822 115.29 116.48
1790886776.328 115.29 116.48
1790886776.834 115.29 116.48
1790886777.339 115.30 116.49
1790886777.845 115.30 116.49
1790886778.350 115.29 116.47
1790886778.856 115.31 116.50
1790886779.361 115.31 116.50
1790886779.866 115.31 116.50
1790886780.372 115.31 116.50
1790886780.878 115.31 116.50
1790886781.383 115.32 116.50
1790886781.888 115.32 116.50
1790886782.394 115.32 116.50
1790886782.899 115.32 116.50
1790886783.405 115.33 116.52
1790886783.911 115.34 116.53
1790886784.416 115.34 116.53
1790886784.922 115.34 116.53
1790886785.427 115.35 116.53
1790886785.933 115.35 116.53
1790886786.438 115.35 116.53
1790886786.944 115.35 116.53
1790886787.449 115.35 116.53
1790886787.955 115.36 116.54
1790886788.460 115.34 116.53
1790886788.966 115.36 116.55
1790886789.472 115.36 116.55
1790886789.977 115.36 116.55
1790886790.483 115.36 116.55
1790886790.988 115.36 116.55
1790886791.494 115.36 116.55
1790886791.999 115.36 116.55
1790886792.505 115.36 116.55
1790886793.011 115.35 116.54
1790886793.516 115.37 116.56
1790886794.022 115.39 116.57
1790886794.527 115.39 116.57
1790886795.033 115.39 116.57
1790886795.538 115.39 116.57
1790886796.044 115.39 116.57
1790886796.549 115.39 116.57
1790886797.055 115.39 116.58
1790886797.561 115.39 116.58
1790886798.065 115.39 116.57
1790886798.571 115.39 116.57
1790886799.076 115.41 116.60
1790886799.582 115.41 116.60
1790886800.087 115.41 116.60
1790886800.593 115.41 116.60
1790886801.098 115.41 116.60
1790886801.604 115.41 116.60
1790886802.109 115.41 116.60
1790886802.615 115.41 116.60
1790886803.119 115.38 116.57
1790886803.625 115.38 116.57
1790886804.130 115.39 116.57
1790886804.636 115.39 116.57
1790886805.142 115.39 116.57
1790886805.647 115.39 116.57
1790886806.153 115.39 116.57
1790886806.658 115.39 116.58
1790886807.164 115.39 116.58
1790886807.669 115.39 116.58
1790886808.175 115.39 116.58
1790886808.680 115.39 116.58
1790886809.186 115.41 116.60
1790886809.691 115.41 116.60
1790886810.197 115.41 116.60
1790886810.702 115.41 116.60
1790886811.208 115.41 116.60
1790886811.713 115.41 116.60
1790886812.219 115.41 116.60
1790886812.724 115.41 116.60
1790886813.230 115.40 116.59
1790886813.736 115.42 116.61
1790886814.242 115.42 116.61
1790886814.747 115.43 116.62
1790886815.253 115.43 116.62
1790886815.758 115.43 116.62
1790886816.264 115.43 116.62
1790886816.769 115.43 116.62
1790886817.275 115.43 116.62
1790886817.780 115.43 116.62
1790886818.286 115.42 116.61
1790886818.792 115.43 116.62
1790886819.298 115.43 116.62
1790886819.803 115.43 116.62
1790886820.309 115.44 116.62
1790886820.815 115.44 116.62
1790886821.319 115.44 116.63
1790886821.825 115.44 116.63
1790886822.330 115.44 116.63
1790886822.836 115.44 116.63
1790886823.342 115.47 116.65
1790886823.848 115.48 116.67
1790886824.354 115.48 116.67
1790886824.859 115.48 116.67
1790886825.365 115.49 116.68
1790886825.870 115.49 116.68
1790886826.376 115.49 116.68
1790886826.881 115.49 116.68
1790886827.386 115.49 116.68
1790886827.892 115.49 116.67
1790886828.397 115.48 116.67
1790886828.902 115.49 116.68
1790886829.408 115.49 116.68
1790886829.913 115.49 116.68
1790886830.419 115.49 116.68
1790886830.924 115.49 116.68
1790886831.430 115.49 116.68
1790886831.935 115.49 116.68
1790886832.441 115.50 116.69
1790886832.946 115.50 116.69
1790886833.452 115.50 116.69
1790886833.958 115.51 116.70
1790886834.463 115.51 116.70
1790886834.969 115.51 116.70
1790886835.475 115.51 116.70
1790886835.980 115.52 116.71
1790886836.486 115.52 116.71
1790886836.992 115.52 116.71
1790886837.498 115.52 116.71
1790886838.003 115.52 116.71
1790886838.509 115.50 116.69
1790886839.015 115.51 116.70
1790886839.520 115.51 116.70
1790886840.026 115.51 116.70
1790886840.532 115.51 116.70
1790886841.037 115.52 116.70
1790886841.544 115.52 116.70
1790886842.049 115.52 116.70
1790886842.555 115.52 116.70
1790886843.059 115.50 116.69
1790886843.565 115.49 116.68
1790886844.071 115.51 116.70
1790886844.576 115.51 116.70
1790886845.082 115.52 116.71
1790886845.587 115.52 116.71
1790886846.093 115.52 116.71
1790886846.598 115.52 116.71
1790886847.104 115.52 116.71
1790886847.610 115.53 116.72
1790886848.115 115.51 116.70
1790886848.620 115.52 116.71
1790886849.126 115.53 116.71
1790886849.631 115.53 116.71
1790886850.137 115.52 116.71
1790886850.643 115.52 116.71
1790886851.148 115.52 116.71
1790886851.654 115.53 116.71
1790886852.159 115.53 116.71
1790886852.666 115.53 116.71
1790886853.172 115.51 116.70
1790886853.677 115.52 116.71
1790886854.183 115.54 116.73
1790886854.689 115.54 116.73
1790886855.195 115.55 116.74
1790886855.700 115.55 116.74
1790886856.206 115.55 116.74
1790886856.710 115.55 116.74
1790886857.216 115.55 116.74
1790886857.721 115.55 116.74
1790886858.227 115.56 116.75
1790886858.732 115.57 116.76
1790886859.238 115.57 116.76
1790886859.743 115.57 116.76
1790886860.249 115.57 116.76
1790886860.754 115.57 116.76
1790886861.260 115.57 116.76
1790886861.765 115.57 116.76
1790886862.271 115.57 116.76
1790886862.776 115.57 116.76
1790886863.280 115.53 116.72
1790886863.784 115.56 116.75
1790886864.290 115.56 116.75
1790886864.794 115.56 116.75
1790886865.299 115.56 116.75
1790886865.804 115.56 116.75
1790886866.309 115.57 116.76
1790886866.822 117.27 116.77
1790886867.342 117.27 116.77
1790886867.847 117.27 116.77
1790886868.353 117.25 116.76
1790886868.858 117.26 116.76
1790886869.364 117.26 116.76
1790886869.869 117.26 116.76
1790886870.375 117.26 116.76
1790886870.880 117.26 116.76
1790886871.386 117.26 116.76
1790886871.891 117.26 116.76
1790886872.397 117.26 116.77
1790886872.903 117.27 116.77
1790886873.409 117.27 116.77
1790886873.914 117.27 116.80
1790886874.420 117.27 116.80
1790886874.925 117.27 116.80
1790886875.431 117.27 116.80
1790886875.936 117.27 116.80
1790886876.442 117.27 116.80
1790886876.947 117.28 116.81
1790886877.452 117.28 116.81
1790886877.958 117.28 116.81
1790886878.464 117.27 116.80
1790886878.970 117.29 116.82
1790886879.475 117.29 116.82
1790886879.980 117.26 116.81
1790886880.484 117.16 116.81
1790886880.989 117.14 116.80
1790886881.494 116.89 116.70
1790886882.000 116.73 116.62
1790886882.505 116.68 116.59
1790886883.010 116.63 116.56
1790886883.515 116.49 116.46
1790886884.021 116.32 116.30
1790886884.526 116.32 116.30
1790886885.030 115.45 115.46
1790886885.535 115.07 115.07
1790886886.040 114.60 114.61
1790886886.545 114.22 114.23
1790886887.050 114.07 114.09
1790886887.555 99.21 99.23
1790886888.061 82.77 82.79
1790886888.566 67.62 67.64
1790886889.072 51.15 51.17
1790886889.577 34.81 34.83
1790886890.083 18.61 18.63
1790886890.588 16.67 16.69
1790886891.094 16.66 16.69
1790886891.600 16.66 16.69
1790886892.105 16.66 16.68
1790886892.610 16.66 16.68
1790886893.115 16.66 16.68
1790886893.620 16.66 16.68
1790886894.126 16.66 16.68
1790886894.633 16.66 16.68
1790886895.138 16.66 16.68
1790886895.643 16.66 16.68
1790886896.148 16.66 16.68
1790886896.653 16.66 16.68
1790886897.158 16.66 16.68
1790886897.663 16.66 16.68
1790886898.169 16.64 16.66
1790886898.675 16.89 16.96
1790886899.181 16.38 16.45
1790886899.685 16.30 16.39
1790886900.190 16.24 16.41
1790886900.696 15.84 16.41
1790886901.201 15.57 16.41
1790886901.706 15.14 16.07
1790886902.212 14.90 15.87
1790886902.717 11.97 12.95
1790886903.222 11.87 12.85
1790886903.728 11.87 12.85
1790886904.233 11.83 12.82
1790886904.739 11.79 12.79
1790886905.244 11.77 12.78
1790886905.749 11.76 12.78
1790886906.255 11.76 12.78
1790886906.760 11.76 12.77
1790886907.265 11.66 12.68
1790886907.770 11.45 12.47
1790886908.275 11.39 12.41
1790886908.780 11.29 12.31
1790886909.285 11.21 12.22
1790886909.790 11.10 12.12
1790886910.295 11.01 12.02
1790886910.801 10.87 11.88
1790886911.306 10.78 11.79
1790886911.811 10.69 11.71
1790886912.317 10.56 11.58
1790886912.822 10.52 11.53
1790886913.328 10.52 11.53
1790886913.833 10.52 11.53
1790886914.338 10.50 11.52
1790886914.844 10.50 11.52
1790886915.349 10.50 11.52
1790886915.854 10.50 11.52
1790886916.359 10.50 11.52
1790886916.864 10.51 11.52
1790886917.370 10.51 11.52
1790886917.875 10.51 11.52
1790886918.381 11.34 12.39
1790886918.885 13.47 14.53
1790886919.390 13.59 14.65
1790886919.896 14.24 15.30
1790886920.400 115.67 116.72
1790886920.906 115.67 116.72
1790886921.411 115.67 116.72
1790886921.916 115.58 116.72
1790886922.422 115.50 116.69
1790886922.928 115.50 116.69
1790886923.433 115.49 116.68
1790886923.938 115.49 116.68
1790886924.443 115.48 116.67
1790886924.949 115.48 116.67
1790886925.455 115.48 116.67
1790886925.960 115.48 116.67
1790886926.466 115.48 116.67
1790886926.972 115.48 116.67
1790886927.477 115.48 116.67
1790886927.983 115.49 116.68
1790886928.488 115.49 116.68
1790886928.994 115.49 116.68
1790886929.500 115.49 116.68
1790886930.006 115.49 116.68
1790886930.511 115.49 116.68
1790886931.017 115.49 116.68
1790886931.522 115.49 116.68
1790886932.028 115.49 116.68
1790886932.534 115.49 116.68
1790886933.039 115.49 116.68
1790886933.545 115.48 116.67
1790886934.050 115.48 116.67
1790886934.556 115.49 116.69
1790886935.061 115.49 116.69
1790886935.566 115.49 116.69
1790886936.071 115.49 116.69
1790886936.577 115.49 116.68
1790886937.083 115.49 116.68
1790886937.588 115.49 116.68
1790886938.093 115.49 116.68
1790886938.598 115.49 116.68
1790886939.103 115.50 116.69
1790886939.609 115.50 116.69
1790886940.114 115.50 116.69
1790886940.619 115.50 116.69
1790886941.125 115.50 116.69
1790886941.631 115.50 116.69
1790886942.136 115.50 116.69
1790886942.642 115.50 116.69
1790886943.148 115.49 116.68
1790886943.653 115.49 116.68
1790886944.159 115.50 116.69
1790886944.664 115.50 116.69
1790886945.170 115.50 116.69
1790886945.676 115.50 116.69
1790886946.181 115.50 116.69
1790886946.687 115.50 116.69
1790886947.193 115.50 116.69
1790886947.698 115.50 116.69
1790886948.204 115.50 116.69
1790886948.708 115.50 116.69
1790886949.213 115.50 116.69
1790886949.719 115.50 116.69
1790886950.225 115.51 116.70
1790886950.730 115.51 116.70
1790886951.236 115.51 116.70
1790886951.742 115.51 116.70
1790886952.247 115.51 116.70
1790886952.753 115.51 116.70
1790886953.259 115.49 116.68
1790886953.764 115.49 116.68
1790886954.270 115.49 116.68
1790886954.775 115.50 116.69
1790886955.281 115.50 116.69
1790886955.787 115.50 116.69
1790886956.293 115.50 116.69
1790886956.798 115.50 116.69
1790886957.304 115.51 116.70
1790886957.809 115.51 116.70
1790886958.315 115.51 116.70
1790886958.821 115.52 116.71
1790886959.326 115.52 116.71
1790886959.832 115.52 116.71
1790886960.338 115.52 116.71
1790886960.843 115.53 116.72
1790886961.349 115.53 116.72
1790886961.854 115.53 116.72
1790886962.359 115.53 116.72
1790886962.865 115.53 116.72
1790886963.370 115.51 116.70
1790886963.876 115.51 116.70
1790886964.381 115.50 116.69
1790886964.887 115.50 116.70
1790886965.393 115.50 116.70
1790886965.898 115.50 116.70
1790886966.404 115.50 116.69
1790886966.909 115.50 116.69
1790886967.415 115.50 116.69
1790886967.920 115.50 116.69
1790886968.426 115.49 116.68
1790886968.932 115.50 116.70
1790886969.438 115.51 116.70
1790886969.943 115.49 116.70
1790886970.447 115.51 116.72
1790886970.952 115.51 116.72
1790886971.458 115.52 116.73
1790886971.963 115.52 116.73
1790886972.469 115.52 116.73
1790886972.973 115.52 116.73
1790886973.478 115.50 116.71
1790886973.983 115.48 116.70
1790886974.488 115.23 116.44
1790886974.993 115.12 116.34
1790886975.499 114.37 115.60
1790886976.004 114.42 115.65
1790886976.509 114.37 115.63
1790886977.015 114.33 115.59
1790886977.521 114.33 115.59
1790886978.026 114.32 115.58
1790886978.531 114.31 115.57
1790886979.036 114.30 115.56
1790886979.541 114.30 115.56
1790886980.047 114.31 115.58
1790886980.551 114.28 115.54
1790886981.056 114.26 115.53
1790886981.562 114.26 115.53
1790886982.067 114.26 115.53
1790886982.572 114.25 115.53
1790886983.076 114.22 115.49
1790886983.582 114.23 115.51
1790886984.087 114.24 115.51
1790886984.592 114.12 115.43
1790886985.097 113.60 114.92
1790886985.603 113.45 114.75
1790886986.109 113.42 114.72
1790886986.614 113.42 114.72
1790886987.120 113.37 114.67
1790886987.625 113.33 114.63
1790886988.131 113.30 114.60
1790886988.636 113.28 114.58
1790886989.141 113.23 114.53
1790886989.647 113.21 114.50
1790886990.152 113.18 114.47
1790886990.657 113.11 114.41
1790886991.163 113.44 114.75
1790886991.669 113.45 114.76
1790886992.174 113.45 114.76
1790886992.680 113.36 114.67
1790886993.185 115.41 116.72
1790886993.690 115.38 116.68
1790886994.195 115.23 116.53
1790886994.700 115.09 116.39
1790886995.205 115.07 116.37
1790886995.710 115.07 116.37
1790886996.215 115.07 116.37
1790886996.720 115.07 116.37
1790886997.225 115.08 116.38
1790886997.730 115.08 116.37
1790886998.235 115.06 116.36
1790886998.740 115.06 116.36
1790886999.245 115.06 116.36
1790886999.751 115.06 116.36
1790887000.256 115.06 116.36
1790887000.761 115.06 116.36
1790887001.266 115.06 116.36
1790887001.771 115.06 116.36
1790887002.276 115.06 116.36
1790887002.781 115.06 116.36
1790887003.286 115.06 116.36
1790887003.792 115.06 116.36
1790887004.297 115.06 116.36
1790887004.801 115.07 116.37
1790887005.307 115.07 116.37
1790887005.811 115.07 116.37
1790887006.316 115.07 116.37
1790887006.821 115.07 116.37
1790887007.326 115.07 116.37
1790887007.831 115.07 116.37
1790887008.336 115.06 116.36
1790887008.841 115.06 116.36
1790887009.346 115.06 116.36
1790887009.851 115.06 116.36
1790887010.356 115.06 116.36
1790887010.861 115.08 116.38
1790887011.366 115.45 116.75
1790887011.871 115.45 116.75
1790887012.377 115.45 116.75
1790887012.882 115.45 116.75
1790887013.388 115.44 116.74
1790887013.894 115.45 116.75
1790887014.400 115.45 116.75
1790887014.906 115.46 116.76
1790887015.411 115.46 116.76
1790887015.917 115.46 116.76
1790887016.421 115.46 116.76
1790887016.929 117.29 116.79
1790887017.459 117.30 116.80
1790887017.971 117.30 116.80
1790887018.477 117.28 116.78
1790887018.983 117.27 116.78
1790887019.489 117.27 116.78
1790887019.994 117.27 116.78
1790887020.500 117.27 116.78
1790887021.005 117.27 116.78
1790887021.511 117.27 116.78
1790887022.017 117.27 116.78
1790887022.522 117.27 116.78
1790887023.028 117.27 116.78
1790887023.533 117.26 116.77
1790887024.039 117.27 116.78
1790887024.544 117.27 116.78
1790887025.050 117.28 116.81
1790887025.555 117.28 116.81
1790887026.061 117.28 116.81
1790887026.566 117.28 116.81
1790887027.072 117.28 116.81
1790887027.576 117.28 116.81
1790887028.081 117.26 116.79
1790887028.586 117.26 116.79
1790887029.092 117.26 116.79
1790887029.598 117.26 116.79
1790887030.102 117.25 116.79
1790887030.608 117.22 116.87
1790887031.113 117.21 116.88
1790887031.619 117.10 116.87
1790887032.126 116.93 116.82
1790887032.636 116.92 116.84
1790887033.142 116.88 116.81
1790887033.647 116.76 116.74
1790887034.153 116.59 116.57
1790887034.658 116.59 116.57
1790887035.164 116.18 116.19
1790887035.669 115.49 115.50
1790887036.173 115.19 115.20
1790887036.678 114.71 114.72
1790887037.184 114.36 114.38
1790887037.690 109.19 109.21
1790887038.195 94.56 94.58
1790887038.701 80.72 80.74
1790887039.208 66.02 66.04
1790887039.713 51.28 51.30
1790887040.219 36.39 36.41
1790887040.724 21.48 21.50
1790887041.229 17.05 17.07
1790887041.734 17.04 17.06
1790887042.239 17.04 17.06
1790887042.744 17.04 17.06
1790887043.249 17.02 17.05
1790887043.755 17.03 17.05
1790887044.261 17.02 17.05
1790887044.766 17.02 17.05
1790887045.271 17.02 17.04
1790887045.777 17.02 17.04
1790887046.282 17.02 17.04
1790887046.787 17.02 17.04
1790887047.293 17.02 17.04
1790887047.798 17.02 17.04
1790887048.303 17.01 17.03
1790887048.809 17.01 17.03
1790887049.314 17.38 17.44
1790887049.820 16.70 16.77
1790887050.325 16.66 16.75
1790887050.831 16.58 16.81
1790887051.336 16.19 16.80
1790887051.842 15.86 16.71
1790887052.347 15.79 16.66
1790887052.852 15.79 16.66
1790887053.358 15.58 16.55
1790887053.863 15.50 16.47
1790887054.369 15.08 16.06
1790887054.876 12.69 13.67
1790887055.382 12.61 13.59
1790887055.887 12.60 13.59
1790887056.393 12.53 13.54
1790887056.898 12.48 13.49
1790887057.404 12.45 13.46
1790887057.910 12.23 13.24
1790887058.415 12.10 13.11
1790887058.921 11.92 12.94
1790887059.426 11.84 12.85
1790887059.931 11.75 12.77
1790887060.437 11.65 12.67
1790887060.943 11.55 12.57
1790887061.448 11.46 12.47
1790887061.954 11.33 12.34
1790887062.459 11.22 12.24
1790887062.965 11.15 12.17
1790887063.470 11.02 12.04
1790887063.976 10.99 12.00
1790887064.481 10.98 12.00
1790887064.987 10.98 12.00
1790887065.492 10.97 11.99
1790887065.997 10.97 11.99
1790887066.503 10.97 11.99
1790887067.008 10.97 11.99
1790887067.513 10.97 11.99
1790887068.018 10.97 11.99
1790887068.523 10.96 11.97
1790887069.029 10.96 11.97
1790887069.534 10.92 11.97
1790887070.039 13.44 14.50
1790887070.545 13.59 14.65
1790887071.049 13.65 14.71
1790887071.554 115.64 116.69
1790887072.060 115.65 116.71
1790887072.565 115.65 116.71
1790887073.071 115.65 116.71
1790887073.576 115.65 116.71
1790887074.081 115.65 116.71
1790887074.587 115.65 116.71
1790887075.092 115.65 116.71
1790887075.598 115.65 116.70
1790887076.103 115.65 116.70
1790887076.609 115.65 116.70
1790887077.114 115.65 116.70
1790887077.620 115.65 116.71
1790887078.125 115.65 116.70
1790887078.631 115.65 116.70
1790887079.137 115.65 116.70
1790887079.642 115.65 116.70
1790887080.148 115.65 116.70
1790887080.653 115.65 116.70
1790887081.159 115.65 116.70
1790887081.664 115.65 116.70
1790887082.170 115.65 116.70
1790887082.675 115.65 116.70
1790887083.181 115.64 116.69
1790887083.686 115.64 116.69
1790887084.192 115.64 116.69
1790887084.697 115.64 116.69
1790887085.203 115.64 116.69
1790887085.708 115.62 116.67
1790887086.214 115.62 116.67
1790887086.720 115.62 116.67
1790887087.224 115.62 116.67
1790887087.730 115.62 116.67
1790887088.236 115.62 116.67
1790887088.742 115.62 116.67
1790887089.247 115.62 116.67
1790887089.753 115.62 116.67
1790887090.258 115.62 116.67
1790887090.764 115.62 116.67
1790887091.269 115.62 116.67
1790887091.774 115.58 116.65
1790887092.279 115.58 116.65
1790887092.784 115.55 116.63
1790887093.289 115.41 116.48
1790887093.795 115.26 116.34
1790887094.299 114.84 115.92
1790887094.805 114.93 116.01
1790887095.310 114.89 116.00
1790887095.815 114.85 115.95
1790887096.319 114.82 115.93
1790887096.825 114.80 115.91
1790887097.330 114.77 115.87
1790887097.835 114.72 115.83
1790887098.340 114.70 115.81
1790887098.845 114.67 115.78
1790887099.351 114.64 115.75
1790887099.855 114.61 115.72
1790887100.360 114.58 115.70
1790887100.865 114.56 115.68
1790887101.371 114.53 115.64
1790887101.876 114.52 115.63
1790887102.380 114.51 115.62
1790887102.885 114.48 115.60
1790887103.390 114.45 115.57
1790887103.896 114.45 115.57
1790887104.401 114.44 115.56
1790887104.906 114.44 115.56
1790887105.412 114.42 115.54
1790887105.916 115.35 116.47
1790887106.422 115.36 116.48
1790887106.927 115.36 116.48
1790887107.432 115.36 116.48
1790887107.937 115.37 116.49
1790887108.443 115.35 116.47
1790887108.948 115.36 116.48
1790887109.454 115.36 116.48
1790887109.959 115.36 116.48
1790887110.464 115.36 116.49
1790887110.970 115.36 116.49
1790887111.475 115.36 116.49
1790887111.981 115.36 116.49
1790887112.486 115.36 116.49
1790887112.992 115.36 116.49
1790887113.497 115.36 116.49
1790887114.003 115.36 116.49
1790887114.508 115.37 116.49
1790887115.014 115.37 116.49
1790887115.520 115.37 116.49
1790887116.026 115.39 116.52
1790887116.531 115.39 116.52
1790887117.035 115.39 116.52
1790887117.540 115.38 116.51
1790887118.045 115.25 116.38
1790887118.550 115.12 116.25
1790887119.056 114.78 115.90
1790887119.561 114.85 115.97
1790887120.066 114.84 115.96
1790887120.572 114.83 115.96
1790887121.077 114.83 115.96
1790887121.582 114.83 115.96
1790887122.088 114.83 115.96
1790887122.593 114.84 115.97
1790887123.097 114.81 115.94
1790887123.603 114.79 115.92
1790887124.107 114.77 115.90
1790887124.612 114.74 115.88
1790887125.117 114.72 115.85
1790887125.622 114.70 115.84
1790887126.128 114.69 115.82
1790887126.633 114.67 115.81
1790887127.138 114.67 115.80
1790887127.643 114.67 115.81
1790887128.154 114.69 115.83
1790887128.659 114.70 115.83
1790887129.164 114.68 115.82
1790887129.670 114.69 115.83
1790887130.175 114.70 115.84
1790887130.679 115.48 116.62
1790887131.184 115.47 116.61
1790887131.693 115.28 116.41
1790887132.201 115.24 116.38
1790887132.706 115.04 116.18
1790887133.211 114.97 116.11
1790887133.717 114.95 116.09
1790887134.221 115.65 116.78
1790887134.727 115.66 116.79
1790887135.232 115.66 116.79
1790887135.738 115.66 116.80
1790887136.243 115.65 116.79
1790887136.749 115.65 116.79
1790887137.254 115.65 116.79
1790887137.759 115.65 116.79
1790887138.265 115.64 116.78
1790887138.771 115.64 116.78
1790887139.276 115.65 116.79
1790887139.782 115.65 116.79
1790887140.287 115.65 116.79
1790887140.793 115.65 116.79
1790887141.298 115.65 116.79
1790887141.804 115.65 116.79
1790887142.309 115.66 116.80
1790887142.815 115.66 116.80
1790887143.320 115.66 116.80
1790887143.826 115.66 116.80
1790887144.332 115.66 116.80
1790887144.837 115.66 116.80
1790887145.343 115.66 116.80
1790887145.849 115.66 116.80
1790887146.354 115.67 116.81
1790887146.860 115.67 116.81
1790887147.365 115.67 116.81
1790887147.871 115.67 116.81
1790887148.376 115.66 116.79
1790887148.882 115.66 116.79
1790887149.387 115.66 116.80
1790887149.891 115.67 116.81
1790887150.396 115.67 116.81
1790887150.901 115.67 116.81
1790887151.407 115.67 116.81
1790887151.913 115.67 116.81
1790887152.418 115.67 116.81
1790887152.924 115.68 116.81
1790887153.430 115.68 116.82
1790887153.935 115.68 116.82
1790887154.441 115.68 116.82
1790887154.946 115.68 116.81
1790887155.452 115.68 116.82
1790887155.957 115.68 116.81
1790887156.463 115.69 116.83
1790887156.968 115.70 116.84
1790887157.474 115.70 116.84
1790887157.979 115.70 116.84
1790887158.484 115.70 116.84
1790887158.990 115.70 116.84
1790887159.495 115.70 116.84
1790887160.001 115.70 116.84
1790887160.506 115.71 116.85
1790887161.012 115.71 116.85
1790887161.518 115.71 116.85
1790887162.023 115.71 116.85
1790887162.528 115.71 116.85
1790887163.034 115.71 116.85
1790887163.539 115.71 116.85
1790887164.045 115.72 116.86
1790887164.551 115.72 116.86
1790887165.056 115.72 116.86
1790887165.562 115.72 116.86
1790887166.068 115.73 116.86
1790887166.573 115.73 116.86
1790887167.079 115.73 116.87
1790887167.584 115.73 116.87
1790887168.090 115.73 116.87
1790887168.595 115.72 116.85
1790887169.101 115.74 116.87
1790887169.606 115.74 116.87
1790887170.112 115.73 116.87
1790887170.617 115.74 116.88
1790887171.123 115.74 116.88
1790887171.628 115.74 116.88
1790887172.134 115.74 116.88
1790887172.638 115.74 116.88
1790887173.143 115.72 116.86
1790887173.649 115.72 116.85
1790887174.155 115.72 116.85
1790887174.659 115.72 116.85
1790887175.165 115.71 116.85
1790887175.669 115.71 116.85
1790887176.175 115.71 116.85
1790887176.696 117.37 116.88
1790887177.218 117.37 116.88
1790887177.724 117.37 116.89
1790887178.230 117.36 116.89
1790887178.735 117.36 116.89
1790887179.240 117.36 116.89
1790887179.746 117.36 116.89
1790887180.251 117.36 116.89
1790887180.757 117.36 116.89
1790887181.262 117.36 116.89
1790887181.768 117.36 116.89
1790887182.273 117.37 116.90
1790887182.779 117.37 116.90
1790887183.284 117.36 116.88
1790887183.790 117.37 116.89
1790887184.295 117.37 116.89
1790887184.800 117.37 116.89
1790887185.306 117.37 116.89
1790887185.812 117.37 116.89
1790887186.316 117.37 116.89
1790887186.821 117.36 116.89
1790887187.326 117.36 116.89
1790887187.832 117.36 116.89
1790887188.337 117.37 116.90
1790887188.842 117.38 116.91
1790887189.347 117.39 116.92
1790887189.853 117.34 116.94
1790887190.358 117.29 116.96
1790887190.863 117.24 116.97
1790887191.369 117.10 116.97
1790887191.874 117.07 116.98
1790887192.378 117.07 116.99
1790887192.884 116.99 116.94
1790887193.390 116.71 116.69
1790887193.895 116.39 116.38
1790887194.400 115.71 115.71
1790887194.905 115.36 115.37
1790887195.410 115.02 115.03
1790887195.915 114.51 114.53
1790887196.420 108.00 108.02
1790887196.927 92.53 92.55
1790887197.432 76.63 76.65
1790887197.938 60.90 60.92
1790887198.443 45.65 45.67
1790887198.949 29.86 29.88
1790887199.454 17.70 17.72
1790887199.959 17.05 17.07
1790887200.464 17.04 17.06
1790887200.969 17.04 17.06
1790887201.475 17.04 17.06
1790887201.979 17.04 17.06
1790887202.485 17.04 17.06
1790887202.990 17.04 17.06
1790887203.494 17.03 17.05
1790887204.000 17.03 17.05
1790887204.505 17.03 17.05
1790887205.010 17.03 17.05
1790887205.515 17.02 17.05
1790887206.020 17.02 17.05
1790887206.526 17.02 17.05
1790887207.031 17.02 17.04
1790887207.536 17.02 17.04
1790887208.041 16.87 16.94
1790887208.546 16.43 16.50
1790887209.052 16.23 16.33
1790887209.557 16.22 16.58
1790887210.062 15.83 16.58
1790887210.567 15.57 16.43
1790887211.073 15.55 16.42
1790887211.578 15.29 16.22
1790887212.084 15.01 16.00
1790887212.589 14.91 15.91
1790887213.096 13.50 14.49
1790887213.602 12.03 13.03
1790887214.108 11.97 12.97
1790887214.613 11.93 12.95
1790887215.119 11.87 12.90
1790887215.624 11.82 12.85
1790887216.131 11.79 12.82
1790887216.636 11.54 12.58
1790887217.142 11.43 12.47
1790887217.647 11.25 12.29
1790887218.152 11.16 12.20
1790887218.657 11.08 12.12
1790887219.163 10.98 12.01
1790887219.668 10.87 11.91
1790887220.174 10.77 11.81
1790887220.679 10.67 11.71
1790887221.185 10.54 11.58
1790887221.690 10.47 11.51
1790887222.196 10.35 11.39
1790887222.702 10.31 11.35
1790887223.207 10.31 11.35
1790887223.712 10.22 11.35
1790887224.217 10.13 11.30
1790887224.722 10.13 11.30
1790887225.228 10.13 11.29
1790887225.733 10.13 11.29
1790887226.238 10.13 11.30
1790887226.743 10.11 11.28
1790887227.248 10.10 11.27
1790887227.754 10.11 11.28
1790887228.259 11.77 12.98
1790887228.764 12.57 13.78
1790887229.269 12.70 13.91
1790887229.774 14.07 15.28
1790887230.280 114.80 116.01
1790887230.785 114.80 116.01
1790887231.291 114.80 116.01
1790887231.797 114.80 116.01
1790887232.302 114.80 116.01
1790887232.808 114.80 116.01
1790887233.313 114.79 116.00
1790887233.819 114.80 116.00
1790887234.325 114.80 116.00
1790887234.831 114.80 116.00
1790887235.336 114.80 116.00
1790887235.842 114.80 116.01
1790887236.347 114.80 116.01
1790887236.852 114.79 116.00
1790887237.358 114.80 116.00
1790887237.864 114.79 116.00
1790887238.370 114.78 115.99
1790887238.875 114.78 115.99
1790887239.381 114.78 115.99
1790887239.887 114.78 115.99
1790887240.392 114.78 115.99
1790887240.897 114.79 116.00
1790887241.401 114.79 116.00
1790887241.907 114.79 116.00
1790887242.413 114.79 116.00
1790887242.918 114.79 116.00
1790887243.423 114.77 115.98
1790887243.929 114.78 115.99
1790887244.435 114.78 115.99
1790887244.940 114.78 115.99
1790887245.446 114.78 115.99
1790887245.951 114.78 115.99
1790887246.456 114.79 116.00
1790887246.960 114.79 116.00
1790887247.465 114.79 116.00
1790887247.971 114.79 116.00
1790887248.476 114.79 116.00
1790887248.982 114.79 116.00
1790887249.487 114.79 116.00
1790887249.992 114.79 116.00
1790887250.498 114.79 116.00
1790887251.004 114.79 116.00
1790887251.509 114.80 116.01
1790887252.015 114.80 116.01
1790887252.520 114.80 116.01
1790887253.026 114.80 116.01
1790887253.531 114.78 115.99
1790887254.037 114.78 115.99
1790887254.543 114.79 116.00
1790887255.047 114.79 116.00
1790887255.553 114.79 116.00
1790887256.058 114.79 116.00
1790887256.563 114.80 116.01
1790887257.069 114.78 115.99
1790887257.574 114.78 115.99
1790887258.080 114.78 115.99
1790887258.585 114.78 115.99
1790887259.091 114.78 115.99
1790887259.596 114.78 115.99
1790887260.102 114.78 115.99
1790887260.608 114.78 115.99
1790887261.113 114.78 115.99
1790887261.619 114.78 115.99
1790887262.124 114.78 115.99
1790887262.630 114.78 115.99
1790887263.135 114.77 115.98
1790887263.641 114.77 115.98
1790887264.146 114.77 115.98
1790887264.652 114.77 115.98
1790887265.158 114.78 115.99
1790887265.663 114.78 115.99
1790887266.168 114.78 115.99
1790887266.674 114.78 115.99
1790887267.179 114.78 115.99
1790887267.685 114.78 115.99
1790887268.190 114.76 115.97
1790887268.696 114.76 115.97
1790887269.202 114.77 115.98
1790887269.708 114.77 115.98
1790887270.213 114.77 115.98
1790887270.719 114.77 115.98
1790887271.224 114.77 115.98
1790887271.729 114.77 115.98
1790887272.235 114.77 115.98
1790887272.739 114.77 115.98
1790887273.245 114.76 115.97
1790887273.750 114.76 115.97
1790887274.255 114.78 115.99
1790887274.761 114.78 115.99
1790887275.266 114.78 115.99
1790887275.772 114.78 115.99
1790887276.277 114.78 115.99
1790887276.783 114.78 115.99
1790887277.288 114.79 116.00
1790887277.794 114.79 116.00
1790887278.300 114.79 116.00
1790887278.805 114.80 116.01
1790887279.311 114.80 116.01
1790887279.817 114.81 116.02
1790887280.323 114.81 116.02
1790887280.828 114.81 116.02
1790887281.333 114.81 116.02
1790887281.838 114.81 116.02
1790887282.343 114.81 116.02
1790887282.849 114.81 116.02
1790887283.355 114.80 116.00
1790887283.860 114.82 116.03
1790887284.366 114.82 116.03
1790887284.871 114.82 116.03
1790887285.377 114.82 116.03
1790887285.882 114.82 116.03
1790887286.387 114.82 116.03
1790887286.893 114.82 116.03
1790887287.398 114.84 116.05
1790887287.903 114.85 116.06
1790887288.407 114.81 116.04
1790887288.913 114.80 116.04
1790887289.418 114.78 116.03
1790887289.924 114.78 116.03
1790887290.430 114.79 116.04
1790887290.935 114.79 116.04
1790887291.440 114.79 116.04
1790887291.946 114.79 116.04
1790887292.452 114.79 116.04
1790887292.957 114.79 116.04
1790887293.463 114.78 116.03
1790887293.969 114.79 116.04
1790887294.474 114.79 116.04
1790887294.980 114.79 116.04
1790887295.485 114.80 116.05
1790887295.990 114.80 116.05
1790887296.495 114.80 116.05
1790887297.000 114.80 116.05
1790887297.506 114.80 116.05
1790887298.010 114.80 116.05
1790887298.514 114.80 116.05
1790887299.026 116.75 116.24
1790887299.549 116.75 116.25
1790887300.054 116.75 116.25
1790887300.559 116.75 116.25
1790887301.065 116.75 116.25
1790887301.570 116.75 116.25
1790887302.076 116.75 116.25
1790887302.581 116.75 116.25
1790887303.087 116.75 116.25
1790887303.593 116.74 116.25
1790887304.099 116.74 116.25
1790887304.604 116.74 116.25
1790887305.110 116.74 116.25
1790887305.615 116.74 116.25
1790887306.120 116.75 116.26
1790887306.626 116.75 116.26
1790887307.131 116.75 116.26
1790887307.637 116.71 116.24
1790887308.142 116.70 116.23
1790887308.648 116.70 116.23
1790887309.154 116.71 116.24
1790887309.659 116.71 116.24
1790887310.165 116.71 116.24
1790887310.670 116.71 116.24
1790887311.176 116.71 116.24
1790887311.682 116.72 116.25
1790887312.186 116.71 116.25
1790887312.691 116.60 116.24
1790887313.196 116.55 116.22
1790887313.701 116.38 116.17
1790887314.206 116.11 116.01
1790887314.711 116.08 116.00
1790887315.217 116.05 115.98
1790887315.722 115.96 115.93
1790887316.227 115.77 115.76
1790887316.733 115.77 115.76
1790887317.238 115.39 115.39
1790887317.742 114.67 114.68
1790887318.247 114.29 114.30
1790887318.752 113.86 113.86
1790887319.257 113.51 113.53
1790887319.763 106.57 106.59
1790887320.268 90.54 90.56
1790887320.774 74.73 74.76
1790887321.279 58.81 58.84
1790887321.784 42.97 42.99
1790887322.290 26.80 26.82
1790887322.795 16.66 16.68
1790887323.301 16.14 16.16
1790887323.806 16.15 16.18
1790887324.311 16.15 16.18
1790887324.816 16.15 16.17
1790887325.321 16.15 16.17
1790887325.826 16.15 16.17
1790887326.331 16.15 16.17
1790887326.836 16.15 16.17
1790887327.341 16.15 16.17
1790887327.846 16.14 16.16
1790887328.352 16.12 16.14
1790887328.857 16.12 16.14
1790887329.362 16.12 16.14
1790887329.867 16.12 16.14
1790887330.372 16.12 16.14
1790887330.877 16.37 16.40
1790887331.383 15.90 15.98
1790887331.887 15.77 15.85
1790887332.393 15.32 15.42
1790887332.898 15.50 15.84
1790887333.403 15.10 15.82
1790887333.908 14.93 15.79
1790887334.412 14.76 15.63
1790887334.917 14.62 15.51
1790887335.422 14.56 15.46
1790887335.927 14.53 15.43
1790887336.433 14.37 15.29
1790887336.938 14.23 15.16
1790887337.443 13.96 14.90
1790887337.948 13.62 14.57
1790887338.453 13.24 14.19
1790887338.958 12.88 13.82
1790887339.463 12.65 13.59
1790887339.968 12.42 13.36
1790887340.473 12.25 13.20
1790887340.978 12.36 13.35
1790887341.483 11.93 12.92
1790887341.989 11.66 12.65
1790887342.494 11.38 12.38
1790887342.999 11.87 12.88
1790887343.503 11.78 12.79
1790887344.009 11.75 12.77
1790887344.514 11.75 12.77
1790887345.019 11.76 12.77
1790887345.524 11.76 12.77
1790887346.029 11.76 12.78
1790887346.535 11.76 12.78
1790887347.040 11.76 12.78
1790887347.545 11.76 12.78
1790887348.049 11.78 12.80
1790887348.555 11.77 12.79
1790887349.060 11.77 12.79
1790887349.565 12.28 13.32
1790887350.070 12.27 13.32
1790887350.576 12.27 13.32
1790887351.081 12.27 13.32
1790887351.586 12.27 13.31
1790887352.091 12.27 13.31
1790887352.596 12.27 13.32
1790887353.101 12.28 13.32
1790887353.606 12.22 13.28
1790887354.112 11.99 13.05
1790887354.617 11.83 12.89
1790887355.122 11.74 12.80
1790887355.627 11.66 12.73
1790887356.132 11.50 12.56
1790887356.637 11.46 12.53
1790887357.143 11.43 12.50
1790887357.648 11.51 12.59
1790887358.152 11.46 12.48
1790887358.658 11.25 12.30
1790887359.163 11.22 12.30
1790887359.669 11.05 12.16
1790887360.174 10.91 12.05
1790887360.679 10.68 11.82
1790887361.185 9.96 11.11
1790887361.690 9.11 10.26
1790887362.196 8.23 9.37
1790887362.701 7.44 8.59
1790887363.206 7.13 8.29
1790887363.711 8.12 9.32
1790887364.216 8.40 9.60
1790887364.720 8.36 9.56
1790887365.226 7.67 8.87
1790887365.731 6.72 7.93
1790887366.236 6.21 7.42
1790887366.742 7.39 8.61
1790887367.247 7.39 8.60
1790887367.752 7.39 8.60
1790887368.257 7.27 8.48
1790887368.763 7.20 8.42
1790887369.268 7.10 8.32
1790887369.773 7.47 8.69
1790887370.279 8.49 9.73
1790887370.784 8.57 9.76
1790887371.289 8.57 9.76
1790887371.794 8.57 9.76
1790887372.300 8.57 9.76
1790887372.804 8.61 9.83
1790887373.310 8.64 9.89
1790887373.815 8.65 9.91
1790887374.320 8.65 9.91
1790887374.825 8.65 9.91
1790887375.330 8.55 9.82
1790887375.835 8.39 9.69
1790887376.341 8.64 9.77
1790887376.845 8.82 9.89
1790887377.350 8.83 9.90
1790887377.855 8.83 9.91
1790887378.360 8.83 9.92
1790887378.865 8.83 9.93
1790887379.370 8.84 9.94
1790887379.875 8.73 9.83
1790887380.381 8.58 9.68
1790887380.886 8.26 9.36
1790887381.391 7.95 9.05
1790887381.897 7.76 8.87
1790887382.402 8.12 9.23
1790887382.907 8.12 9.23
1790887383.412 8.05 9.16
1790887383.918 8.66 9.77
1790887384.423 8.44 9.56
1790887384.929 8.33 9.45
1790887385.435 8.32 9.44
1790887385.941 8.32 9.44
1790887386.446 8.32 9.44
1790887386.951 8.86 9.98
1790887387.457 8.86 9.98
1790887387.962 8.96 10.09
1790887388.468 8.94 10.07
1790887388.973 8.94 10.08
1790887389.478 8.94 10.08
1790887389.983 8.95 10.08
1790887390.489 8.95 10.08
1790887390.994 8.91 10.05
1790887391.498 9.01 10.08
1790887392.004 8.63 9.81
1790887392.509 7.16 8.35
1790887393.016 5.67 6.86
1790887393.522 5.62 6.82
1790887394.028 5.63 6.82
1790887394.533 5.63 6.82
1790887395.039 5.63 6.82
1790887395.546 5.63 6.82
1790887396.053 5.63 6.83
1790887396.559 5.63 6.83
1790887397.065 5.65 6.85
1790887397.571 5.65 6.85
1790887398.077 5.66 6.85
1790887398.583 5.64 6.84
1790887399.088 5.64 6.84
1790887399.594 5.64 6.84
1790887400.100 5.64 6.84
1790887400.607 5.64 6.84
1790887401.114 5.65 6.85
1790887401.620 5.66 6.86
1790887402.125 5.67 6.87
1790887402.630 5.67 6.87
1790887403.136 5.66 6.87
1790887403.642 5.68 6.88
1790887404.147 5.68 6.88
1790887404.653 5.69 6.89
1790887405.159 5.70 6.90
1790887405.664 5.70 6.90
1790887406.169 5.70 6.90
1790887406.674 5.70 6.90
1790887407.180 5.70 6.90
1790887407.685 5.71 6.92
1790887408.190 5.72 6.92
1790887408.695 5.74 6.94
1790887409.201 5.73 6.94
1790887409.706 5.73 6.94
1790887410.212 5.74 6.95
1790887410.717 5.74 6.95
1790887411.223 5.75 6.96
1790887411.728 5.75 6.96
1790887412.233 5.75 6.96
1790887412.739 5.76 6.96
1790887413.244 5.77 6.97
1790887413.750 5.78 6.99
1790887414.255 5.79 6.99
1790887414.760 5.80 7.00
1790887415.265 5.80 7.00
1790887415.770 5.80 7.00
1790887416.275 5.82 7.02
1790887416.782 5.82 7.02
1790887417.287 5.82 7.02
1790887417.793 5.82 7.02
1790887418.297 5.82 7.02
1790887418.803 5.81 7.02
1790887419.308 5.81 7.02
1790887419.813 5.82 7.03
1790887420.320 5.82 7.03
1790887420.826 5.82 7.03
1790887421.332 5.83 7.03
1790887421.838 5.83 7.03
1790887422.343 5.83 7.03
1790887422.848 5.83 7.03
1790887423.354 5.84 7.04
1790887423.860 5.84 7.04
1790887424.367 5.84 7.05
1790887424.873 5.84 7.05
1790887425.379 5.85 7.06
1790887425.885 5.86 7.06
1790887426.390 5.86 7.06
1790887426.896 5.88 7.08
1790887427.402 5.88 7.08
1790887427.909 5.89 7.09
1790887428.415 5.89 7.09
1790887428.921 5.93 7.13
1790887429.427 5.93 7.13
1790887429.933 5.93 7.14
1790887430.439 5.93 7.14
1790887430.946 5.93 7.14
1790887431.452 5.93 7.14
1790887431.957 5.94 7.15
1790887432.463 5.94 7.15
1790887432.970 5.94 7.15
1790887433.476 5.93 7.13
1790887433.982 5.93 7.13
1790887434.488 5.93 7.13
1790887434.994 5.93 7.13
1790887435.500 5.93 7.13
1790887436.005 5.93 7.13
1790887436.511 5.94 7.14
1790887437.017 5.96 7.17
1790887437.523 5.96 7.17
1790887438.029 5.97 7.17
1790887438.534 5.97 7.18
1790887439.040 6.01 7.22
1790887439.546 6.01 7.22
1790887440.051 6.01 7.22
1790887440.558 6.02 7.22
1790887441.063 6.02 7.22
1790887441.569 6.02 7.22
1790887442.076 6.03 7.23
1790887442.582 6.03 7.23
1790887443.086 6.03 7.23
1790887443.591 6.02 7.23
1790887444.097 6.03 7.24
1790887444.604 6.04 7.24
1790887445.110 6.04 7.25
1790887445.615 6.04 7.25
1790887446.120 6.05 7.25
1790887446.626 6.05 7.26
1790887447.132 6.05 7.26
1790887447.637 6.08 7.28
1790887448.141 6.06 7.26
1790887448.646 6.06 7.27
1790887449.152 6.09 7.29
1790887449.657 6.09 7.30
1790887450.163 6.10 7.30
1790887450.668 6.10 7.30
1790887451.174 6.11 7.31
1790887451.679 6.11 7.32
1790887452.185 6.11 7.32
1790887452.690 6.11 7.32
1790887453.195 6.10 7.30
1790887453.701 6.11 7.31
1790887454.206 6.12 7.32
1790887454.711 6.12 7.32
1790887455.216 6.12 7.32
1790887455.722 6.12 7.32
1790887456.227 6.12 7.33
1790887456.732 6.12 7.33
1790887457.238 6.12 7.33
1790887457.743 6.12 7.33
1790887458.248 6.12 7.33
1790887458.754 6.12 7.33
1790887459.260 6.17 7.38
1790887459.766 6.17 7.38
1790887460.271 6.18 7.39
1790887460.777 6.18 7.39
1790887461.282 6.18 7.39
1790887461.787 6.18 7.39
1790887462.293 6.21 7.42
1790887462.798 6.21 7.42
1790887463.304 6.21 7.41
1790887463.809 6.21 7.41
1790887464.316 6.21 7.41
1790887464.824 6.21 7.41
1790887465.329 6.22 7.42
1790887465.837 6.22 7.42
1790887466.343 6.22 7.42
1790887466.849 6.22 7.42
1790887467.354 6.22 7.43
1790887467.861 6.22 7.43
1790887468.366 6.22 7.42
1790887468.872 6.22 7.42
1790887469.377 6.24 7.44
1790887469.882 6.28 7.48
1790887470.388 6.28 7.48
1790887470.893 6.28 7.48
1790887471.398 6.28 7.48
1790887471.904 6.28 7.48
1790887472.409 6.28 7.48
1790887472.914 6.29 7.50
1790887473.419 6.29 7.50
1790887473.925 6.32 7.52
1790887474.430 6.32 7.52
1790887474.936 6.32 7.52
1790887475.441 6.32 7.52
1790887475.947 6.32 7.53
1790887476.452 6.32 7.53
1790887476.958 6.32 7.53
1790887477.463 6.32 7.53
1790887477.969 6.33 7.53
1790887478.474 6.33 7.53
1790887478.980 6.35 7.55
1790887479.485 6.36 7.57
1790887479.991 6.36 7.57
1790887480.496 6.37 7.57
1790887481.001 6.40 7.60
1790887481.507 6.41 7.61
1790887482.012 6.41 7.61
1790887482.518 6.41 7.61
1790887483.023 6.42 7.62
1790887483.529 6.41 7.61
1790887484.035 6.42 7.63
1790887484.540 6.44 7.65
1790887485.047 6.44 7.65
1790887485.553 6.44 7.65
1790887486.060 6.45 7.66
1790887486.565 6.45 7.66
1790887487.071 6.45 7.66
1790887487.577 6.45 7.66
1790887488.084 6.45 7.66
1790887488.590 6.45 7.66
1790887489.097 6.46 7.67
1790887489.602 6.48 7.68
1790887490.108 6.48 7.68
1790887490.614 6.48 7.68
1790887491.121 6.49 7.69
1790887491.627 6.49 7.69
1790887492.132 6.51 7.71
1790887492.637 6.52 7.73
1790887493.143 6.52 7.73
1790887493.649 6.55 7.75
1790887494.155 6.55 7.75
1790887494.660 6.55 7.75
1790887495.166 6.55 7.75
1790887495.672 6.56 7.77
1790887496.178 6.56 7.77
1790887496.682 6.57 7.78
1790887497.187 6.58 7.78
1790887497.693 6.58 7.78
1790887498.198 6.56 7.77
1790887498.704 6.57 7.77
1790887499.209 6.57 7.78
1790887499.714 6.58 7.78
1790887500.220 6.58 7.78
1790887500.726 6.58 7.79
1790887501.231 6.58 7.78
1790887501.737 6.58 7.79
1790887502.242 6.59 7.79
1790887502.748 6.60 7.80
1790887503.253 6.59 7.79
1790887503.758 6.59 7.81
1790887504.263 6.55 7.84
1790887504.768 6.56 7.86
1790887505.273 6.56 7.85
1790887505.778 6.56 7.85
1790887506.283 6.56 7.85
1790887506.788 6.56 7.86
1790887507.293 6.58 7.88
1790887507.798 6.58 7.88
1790887508.304 6.57 7.87
1790887508.809 6.59 7.88
1790887509.315 6.59 7.90
1790887509.820 6.56 7.88
1790887510.328 6.35 7.86
1790887510.834 6.29 7.86
1790887511.340 6.27 7.84
1790887511.845 6.26 7.83
1790887512.350 6.24 7.81
1790887512.855 6.25 7.82
1790887513.362 6.24 7.81
1790887513.868 6.24 7.81
1790887514.374 6.22 7.79
1790887514.880 6.24 7.82
1790887515.386 6.24 7.82
1790887515.892 6.24 7.81
1790887516.396 6.24 7.81
1790887516.901 6.23 7.80
1790887517.407 6.22 7.79
1790887517.912 6.22 7.79
1790887518.417 6.21 7.78
1790887518.923 6.21 7.79
1790887519.428 6.22 7.79
1790887519.933 6.21 7.78
1790887520.440 6.21 7.79
1790887520.949 6.22 7.80
1790887521.454 6.22 7.80
1790887521.961 6.22 7.80
1790887522.470 6.24 7.81
1790887522.977 6.24 7.81
1790887523.483 6.22 7.80
1790887523.988 6.22 7.80
1790887524.495 6.22 7.80
1790887525.002 6.18 7.82
1790887525.509 6.09 7.80
1790887526.016 6.08 7.79
1790887526.522 6.13 7.84
1790887527.028 6.14 7.85
1790887527.533 6.13 7.85
1790887528.040 6.14 7.85
1790887528.547 6.14 7.85
1790887529.053 6.13 7.85
1790887529.558 6.13 7.84
1790887530.063 6.12 7.83
1790887530.568 6.11 7.82
1790887531.075 6.10 7.82
1790887531.580 6.09 7.81
1790887532.086 6.09 7.80
1790887532.591 6.08 7.80
1790887533.095 6.07 7.79
1790887533.601 6.09 7.80
1790887534.106 6.09 7.81
1790887534.615 6.08 7.79
1790887535.122 6.06 7.77
1790887535.629 6.07 7.78
1790887536.137 6.08 7.79
1790887536.646 6.07 7.78
1790887537.153 6.08 7.80
1790887537.661 6.08 7.79
1790887538.165 6.06 7.77
1790887538.672 6.06 7.77
1790887539.180 6.07 7.78
1790887539.687 6.12 7.83
1790887540.195 6.13 7.84
1790887540.701 6.15 7.86
1790887541.209 6.15 7.86
1790887541.716 6.15 7.86
1790887542.224 6.15 7.86
1790887542.729 6.15 7.86
1790887543.234 6.13 7.85
1790887543.739 6.13 7.84
1790887544.244 6.13 7.84
1790887544.749 6.13 7.84
1790887545.254 6.13 7.84
1790887545.759 6.13 7.84
1790887546.264 6.12 7.83
1790887546.772 6.11 7.82
1790887547.278 6.11 7.82
1790887547.786 6.09 7.80
1790887548.292 6.08 7.80
1790887548.799 6.08 7.79
1790887549.306 6.10 7.81
1790887549.811 6.11 7.83
1790887550.317 6.14 7.85
1790887550.824 6.13 7.85
1790887551.331 6.16 7.87
1790887551.840 6.15 7.87
1790887552.346 6.15 7.86
1790887552.853 6.14 7.85
1790887553.359 6.12 7.83
1790887553.867 6.12 7.83
1790887554.375 6.10 7.81
1790887554.882 6.11 7.82
1790887555.390 6.09 7.81
1790887555.895 6.12 7.83
1790887556.402 6.12 7.83
1790887556.907 6.12 7.84
1790887557.413 6.12 7.84
1790887557.919 6.12 7.84
1790887558.425 6.12 7.83
1790887558.931 6.12 7.83
1790887559.437 6.13 7.84
1790887559.943 6.15 7.87
1790887560.448 6.15 7.87
1790887560.954 6.17 7.89
1790887561.460 6.17 7.89
1790887561.965 6.17 7.89
1790887562.470 6.17 7.89
1790887562.976 6.18 7.89
1790887563.482 6.19 7.90
1790887563.988 6.19 7.90
1790887564.494 6.19 7.90
1790887564.999 6.19 7.90
1790887565.505 6.20 7.91
1790887566.011 6.20 7.92
1790887566.516 6.21 7.92
1790887567.021 6.21 7.93
1790887567.526 6.21 7.93
1790887568.032 6.21 7.93
1790887568.538 6.22 7.93
1790887569.044 6.22 7.93
1790887569.550 6.22 7.93
1790887570.055 6.23 7.95
1790887570.561 6.24 7.95
1790887571.066 6.25 7.97
1790887571.572 6.26 7.97
1790887572.077 6.26 7.98
1790887572.583 6.26 7.98
1790887573.088 6.26 7.98
1790887573.593 6.28 8.00
1790887574.099 6.28 8.00
1790887574.604 6.30 8.02
1790887575.110 6.25 7.97
1790887575.615 6.26 7.98
1790887576.122 6.26 7.98
1790887576.628 6.27 7.99
1790887577.135 6.28 8.00
1790887577.641 6.28 8.00
1790887578.147 6.28 8.00
1790887578.653 6.28 8.00
1790887579.159 6.22 7.94
1790887579.665 6.22 7.94
1790887580.170 6.25 7.97
1790887580.676 6.26 7.98
1790887581.182 6.26 7.98
1790887581.688 6.29 8.01
1790887582.193 6.29 8.01
1790887582.699 6.29 8.01
1790887583.205 6.29 8.01
1790887583.710 6.29 8.01
1790887584.216 6.29 8.01
1790887584.721 6.29 8.01
1790887585.226 6.30 8.01
1790887585.732 6.30 8.02
1790887586.237 6.30 8.02
1790887586.743 6.31 8.02
1790887587.249 6.33 8.04
1790887587.754 6.33 8.04
1790887588.259 6.31 8.02
1790887588.765 6.31 8.02
1790887589.271 6.30 8.02
1790887589.776 6.30 8.02
1790887590.282 6.32 8.04
1790887590.788 6.32 8.03
1790887591.293 6.32 8.04
1790887591.798 6.32 8.04
1790887592.303 6.27 8.03
1790887592.809 8.30 10.06
1790887593.314 8.45 10.21
1790887593.819 8.53 10.29
1790887594.323 110.76 112.51
1790887594.829 111.14 112.90
1790887595.335 111.14 112.90
1790887595.841 111.15 112.90
1790887596.346 111.15 112.91
1790887596.852 111.16 112.92
1790887597.357 111.16 112.92
1790887597.862 111.17 112.93
1790887598.367 111.17 112.93
1790887598.873 111.19 112.94
1790887599.378 111.19 112.94
1790887599.884 111.19 112.94
1790887600.389 111.20 112.96
1790887600.895 111.20 112.96
1790887601.400 111.20 112.96
1790887601.906 111.21 112.97
1790887602.411 111.21 112.97
1790887602.917 111.23 112.98
1790887603.423 111.23 112.98
1790887603.928 111.24 112.99
1790887604.433 111.25 113.00
1790887604.939 111.25 113.01
1790887605.445 111.25 113.01
1790887605.951 111.25 113.01
1790887606.456 111.26 113.02
1790887606.961 111.26 113.02
1790887607.467 111.26 113.02
1790887607.973 111.27 113.02
1790887608.478 111.27 113.02
1790887608.984 111.31 113.07
1790887609.490 111.31 113.07
1790887609.995 111.31 113.07
1790887610.500 111.33 113.08
1790887611.006 111.33 113.08
1790887611.510 111.33 113.09
1790887612.014 111.34 113.11
1790887612.521 111.34 113.11
1790887613.033 113.65 113.15
1790887613.554 113.63 113.14
1790887614.060 113.64 113.16
1790887614.565 113.65 113.16
1790887615.070 113.65 113.16
1790887615.576 113.65 113.16
1790887616.082 113.65 113.16
1790887616.587 113.67 113.18
1790887617.093 113.68 113.19
1790887617.598 113.68 113.19
1790887618.104 113.68 113.19
1790887618.609 113.67 113.18
1790887619.115 113.67 113.19
1790887619.621 113.68 113.20
1790887620.126 113.69 113.20
1790887620.631 113.69 113.22
1790887621.137 113.69 113.22
1790887621.643 113.70 113.23
1790887622.148 113.70 113.23
1790887622.654 113.70 113.23
1790887623.160 113.68 113.21
1790887623.664 113.68 113.21
1790887624.170 113.70 113.24
1790887624.676 113.71 113.24
1790887625.182 113.72 113.26
1790887625.687 113.72 113.26
1790887626.192 113.72 113.28
1790887626.696 113.66 113.31
1790887627.201 113.65 113.32
1790887627.707 113.54 113.34
1790887628.211 113.44 113.35
1790887628.717 113.42 113.35
1790887629.222 113.42 113.36
1790887629.727 113.11 113.10
1790887630.233 113.11 113.11
1790887630.738 113.45 113.46
1790887631.243 113.08 113.09
1790887631.748 112.69 112.71
1790887632.253 112.24 112.26
1790887632.759 112.17 112.20
1790887633.265 97.76 97.78
1790887633.771 84.15 84.17
1790887634.277 69.50 69.53
1790887634.784 54.92 54.95
1790887635.291 40.34 40.36
1790887635.797 25.87 25.89
1790887636.304 15.71 15.74
1790887636.809 15.47 15.49
1790887637.315 15.47 15.50
1790887637.821 15.47 15.50
1790887638.326 15.47 15.50
1790887638.831 15.48 15.51
1790887639.337 15.48 15.51
1790887639.842 15.48 15.51
1790887640.348 15.48 15.51
1790887640.853 15.50 15.53
1790887641.358 15.50 15.53
1790887641.864 15.50 15.53
1790887642.370 15.50 15.53
1790887642.876 15.50 15.53
1790887643.381 15.49 15.51
1790887643.887 15.49 15.51
1790887644.393 15.52 15.55
1790887644.898 15.35 15.43
1790887645.404 15.17 15.25
1790887645.909 15.16 15.27
1790887646.414 14.85 15.27
1790887646.920 14.49 15.27
1790887647.424 14.26 15.12
1790887647.930 14.05 15.02
1790887648.435 13.88 14.90
1790887648.941 10.96 11.99
1790887649.447 10.95 11.97
1790887649.953 10.91 11.94
1790887650.461 10.92 11.94
1790887650.968 10.90 11.93
1790887651.473 10.90 11.93
1790887651.979 10.90 11.93
1790887652.485 10.90 11.93
1790887652.990 10.90 11.93
1790887653.496 10.90 11.93
1790887654.001 10.90 11.93
1790887654.508 10.90 11.93
1790887655.014 10.90 11.93
1790887655.520 10.90 11.93
1790887656.027 10.90 11.93
1790887656.533 10.90 11.93
1790887657.038 10.91 11.93
1790887657.544 10.91 11.93
1790887658.050 10.91 11.93
1790887658.556 10.90 11.93
1790887659.063 10.92 11.94
1790887659.570 10.92 11.95
1790887660.076 10.92 11.95
1790887660.582 10.92 11.95
1790887661.088 10.91 11.93
1790887661.593 10.91 11.93
1790887662.100 10.91 11.93
1790887662.607 10.91 11.94
1790887663.114 10.91 11.94
1790887663.620 10.89 11.92
1790887664.125 10.90 11.92
1790887664.632 10.90 11.92
1790887665.137 10.90 11.92
1790887665.644 10.90 11.92
1790887666.150 10.90 11.92
1790887666.656 10.90 11.92
1790887667.160 10.90 11.92
1790887667.667 10.90 11.92
1790887668.173 10.89 11.92
1790887668.679 10.91 11.93
1790887669.184 10.91 11.93
1790887669.690 10.91 11.93
1790887670.195 10.92 11.94
1790887670.702 10.92 11.94
1790887671.208 10.91 11.94
1790887671.714 10.91 11.94
1790887672.219 10.92 11.94
1790887672.724 10.92 11.94
1790887673.229 10.90 11.93
1790887673.735 10.90 11.93
1790887674.242 10.91 11.93
1790887674.747 10.91 11.94
1790887675.253 10.91 11.94
1790887675.759 10.91 11.94
1790887676.265 10.91 11.94
1790887676.771 10.91 11.94
1790887677.277 10.91 11.94
1790887677.784 10.91 11.94
1790887678.289 10.90 11.93
1790887678.797 10.90 11.93
1790887679.304 10.91 11.94
1790887679.809 10.91 11.94
1790887680.316 10.91 11.94
1790887680.822 10.91 11.94
1790887681.329 10.89 11.91
1790887681.835 10.89 11.92
1790887682.340 10.89 11.92
1790887682.845 10.90 11.93
1790887683.351 10.89 11.92
1790887683.858 10.92 11.94
1790887684.365 10.92 11.94
1790887684.871 10.92 11.94
1790887685.376 10.92 11.94
1790887685.882 10.92 11.95
1790887686.387 10.92 11.95
1790887686.894 10.92 11.95
1790887687.400 10.92 11.95
1790887687.906 10.92 11.95
1790887688.410 10.90 11.93
1790887688.916 10.90 11.93
1790887689.420 10.90 11.93
1790887689.927 10.90 11.93
1790887690.432 10.91 11.94
1790887690.938 10.91 11.94
1790887691.443 10.92 11.94
1790887691.948 10.92 11.95
1790887692.453 10.92 11.95
1790887692.960 10.93 11.95
1790887693.466 10.92 11.94
1790887693.972 10.92 11.94
1790887694.476 10.92 11.94
1790887694.982 10.92 11.94
1790887695.488 10.92 11.95
1790887695.994 10.92 11.95
1790887696.501 10.92 11.95
1790887697.007 10.92 11.95
1790887697.513 10.92 11.95
1790887698.019 10.92 11.95
1790887698.524 10.91 11.93
1790887699.030 10.91 11.93
1790887699.535 10.91 11.93
1790887700.041 10.91 11.93
1790887700.546 10.91 11.93
1790887701.053 10.91 11.93
1790887701.559 10.93 11.95
1790887702.065 10.93 11.95
1790887702.572 10.94 11.96
1790887703.078 10.94 11.96
1790887703.583 10.94 11.96
1790887704.089 10.94 11.96
1790887704.595 10.94 11.96
1790887705.102 10.94 11.96
1790887705.608 10.94 11.97
1790887706.114 10.94 11.97
1790887706.620 10.94 11.97
1790887707.126 10.94 11.97
1790887707.632 10.94 11.97
1790887708.138 10.94 11.97
1790887708.646 10.96 11.98
1790887709.151 10.96 11.98
1790887709.658 10.96 11.98
1790887710.163 10.96 11.98
1790887710.668 10.96 11.98
1790887711.175 10.96 11.98
1790887711.682 10.96 11.98
1790887712.188 10.96 11.99
1790887712.693 10.97 11.99
1790887713.198 10.97 12.00
1790887713.704 10.97 12.00
1790887714.210 10.97 12.00
1790887714.717 10.97 12.00
1790887715.222 10.98 12.01
1790887715.728 10.98 12.01
1790887716.234 10.99 12.01
1790887716.740 10.99 12.01
1790887717.247 11.00 12.02
1790887717.753 11.00 12.02
1790887718.259 11.00 12.02
1790887718.765 11.01 12.04
1790887719.270 11.01 12.04
1790887719.776 11.03 12.06
1790887720.281 12.75 13.81
1790887720.786 12.89 13.95
1790887721.291 12.95 14.01
1790887721.797 62.36 63.43
1790887722.303 115.09 116.16
1790887722.809 115.09 116.16
1790887723.321 116.64 116.15
1790887723.844 116.64 116.15
1790887724.349 116.67 116.18
1790887724.855 116.67 116.18
1790887725.360 116.67 116.18
1790887725.866 116.68 116.19
1790887726.371 116.68 116.19
1790887726.877 116.68 116.19
1790887727.382 116.68 116.19
1790887727.889 116.69 116.20
1790887728.394 116.69 116.20
1790887728.900 116.70 116.21
1790887729.405 116.70 116.21
1790887729.911 116.70 116.21
1790887730.416 116.70 116.21
1790887730.922 116.70 116.21
1790887731.427 116.71 116.23
1790887731.933 116.70 116.23
1790887732.439 116.70 116.23
1790887732.944 116.71 116.24
1790887733.449 116.71 116.24
1790887733.955 116.71 116.25
1790887734.461 116.71 116.25
1790887734.966 116.72 116.25
1790887735.472 116.73 116.26
1790887735.977 116.73 116.26
1790887736.482 116.69 116.26
1790887736.987 116.59 116.26
1790887737.493 116.56 116.26
1790887737.998 116.27 116.12
1790887738.503 116.13 116.05
1790887739.008 116.08 116.01
1790887739.513 115.97 115.95
1790887740.019 115.72 115.71
1790887740.524 114.79 114.80
1790887741.029 114.48 114.49
1790887741.534 114.00 114.01
1790887742.040 113.67 113.70
1790887742.546 105.35 105.37
1790887743.051 90.59 90.61
1790887743.557 76.66 76.69
1790887744.063 62.04 62.07
1790887744.568 47.33 47.36
1790887745.074 32.43 32.46
1790887745.580 17.71 17.74
1790887746.085 16.38 16.41
1790887746.590 16.38 16.41
1790887747.096 16.38 16.41
1790887747.601 16.38 16.41
1790887748.106 16.38 16.41
1790887748.611 16.38 16.40
1790887749.115 16.38 16.41
1790887749.621 16.38 16.41
1790887750.126 16.38 16.41
1790887750.631 16.38 16.41
1790887751.136 16.38 16.41
1790887751.640 16.38 16.41
1790887752.146 16.38 16.40
1790887752.652 16.38 16.40
1790887753.156 16.37 16.39
1790887753.662 16.38 16.41
1790887754.166 16.69 16.76
1790887754.672 15.99 16.06
1790887755.178 15.83 15.92
1790887755.683 15.81 16.10
1790887756.188 15.40 16.10
1790887756.692 15.08 15.94
1790887757.198 14.59 15.56
1790887757.705 12.57 13.55
1790887758.213 11.59 12.58
1790887758.719 11.56 12.54
1790887759.225 11.56 12.54
1790887759.730 11.56 12.54
1790887760.235 11.57 12.55
1790887760.741 11.57 12.55
1790887761.247 11.57 12.55
1790887761.753 11.57 12.55
1790887762.259 11.56 12.55
1790887762.766 11.56 12.55
1790887763.272 11.55 12.54
1790887763.777 11.55 12.53
1790887764.282 11.55 12.53
1790887764.788 11.55 12.53
1790887765.294 11.55 12.53
1790887765.800 11.55 12.53
1790887766.306 11.55 12.53
1790887766.813 11.54 12.53
1790887767.319 11.53 12.52
1790887767.824 11.53 12.52
1790887768.330 11.52 12.51
1790887768.835 11.52 12.52
1790887769.340 12.97 14.01
1790887769.845 13.11 14.15
1790887770.349 13.20 14.23
1790887770.856 94.54 95.57
1790887771.361 115.26 116.30
1790887771.873 116.82 116.33
1790887772.392 116.81 116.35
1790887772.897 116.81 116.35
1790887773.403 116.81 116.34
1790887773.909 116.82 116.35
1790887774.413 116.82 116.35
1790887774.919 116.81 116.35
1790887775.425 116.81 116.35
1790887775.931 116.82 116.35
1790887776.436 116.82 116.35
1790887776.942 116.82 116.35
1790887777.447 116.82 116.35
1790887777.952 116.82 116.35
1790887778.456 116.80 116.33
1790887778.962 116.82 116.35
1790887779.468 116.82 116.35
1790887779.973 116.82 116.35
1790887780.479 116.82 116.35
1790887780.984 116.82 116.35
1790887781.489 116.82 116.35
1790887781.995 116.82 116.36
1790887782.499 116.81 116.35
1790887783.005 116.81 116.35
1790887783.511 116.82 116.35
1790887784.016 116.82 116.35
1790887784.521 116.82 116.35
1790887785.025 116.78 116.36
1790887785.530 116.70 116.37
1790887786.036 116.68 116.36
1790887786.541 116.38 116.23
1790887787.046 116.24 116.15
1790887787.551 116.21 116.14
1790887788.057 116.17 116.12
1790887788.562 115.91 115.89
1790887789.067 114.99 115.00
1790887789.572 114.47 114.48
1790887790.078 113.97 113.98
1790887790.583 113.68 113.71
1790887791.089 105.73 105.75
1790887791.595 91.51 91.53
1790887792.100 77.29 77.31
1790887792.606 63.61 63.63
1790887793.113 48.92 48.95
1790887793.618 35.68 35.70
1790887794.124 21.03 21.06
1790887794.630 16.46 16.49
1790887795.135 16.40 16.42
1790887795.640 16.40 16.42
1790887796.145 16.40 16.42
1790887796.651 16.40 16.42
1790887797.156 16.40 16.42
1790887797.661 16.40 16.42
1790887798.166 16.38 16.41
1790887798.672 16.38 16.40
1790887799.177 16.38 16.40
1790887799.682 16.38 16.40
1790887800.188 16.38 16.40
1790887800.693 16.38 16.40
1790887801.198 16.39 16.41
1790887801.703 16.38 16.41
1790887802.208 16.38 16.41
1790887802.714 16.75 16.82
1790887803.219 16.06 16.13
1790887803.725 15.83 15.92
1790887804.230 15.83 16.04
1790887804.735 15.43 16.04
1790887805.240 15.19 16.04
1790887805.745 14.70 15.66
1790887806.251 14.50 15.47
1790887806.756 11.51 12.49
1790887807.262 11.46 12.45
1790887807.767 11.43 12.42
1790887808.274 11.43 12.42
1790887808.779 11.43 12.42
1790887809.286 11.43 12.42
1790887809.791 11.43 12.42
1790887810.296 11.43 12.42
1790887810.801 11.43 12.42
1790887811.306 11.43 12.42
1790887811.811 11.43 12.42
1790887812.317 11.43 12.42
1790887812.823 11.43 12.42
1790887813.330 11.41 12.40
1790887813.835 11.42 12.41
1790887814.340 11.42 12.41
1790887814.845 11.43 12.42
1790887815.351 11.43 12.42
1790887815.857 11.41 12.41
1790887816.363 11.41 12.41
1790887816.869 11.41 12.41
1790887817.375 11.41 12.41
1790887817.881 11.37 12.41
1790887818.387 12.87 13.91
1790887818.892 13.01 14.05
1790887819.397 13.06 14.10
1790887819.901 115.05 116.09
1790887820.407 115.07 116.11
1790887820.912 115.07 116.11
1790887821.417 115.07 116.11
1790887821.923 115.08 116.12
1790887822.428 115.08 116.12
1790887822.934 115.07 116.11
1790887823.439 115.07 116.11
1790887823.945 115.07 116.11
1790887824.449 115.07 116.11
1790887824.955 115.07 116.11
1790887825.461 115.07 116.11
1790887825.966 115.07 116.11
1790887826.472 115.07 116.11
1790887826.977 114.98 116.11
1790887827.482 114.93 116.10
1790887827.988 114.93 116.10
1790887828.492 114.91 116.08
1790887828.998 114.91 116.08
1790887829.503 114.91 116.08
1790887830.009 114.91 116.08
1790887830.514 114.91 116.08
1790887831.020 114.91 116.08
1790887831.525 114.91 116.08
1790887832.031 114.91 116.08
1790887832.536 114.91 116.08
1790887833.042 114.91 116.08
1790887833.548 114.90 116.08
1790887834.053 114.91 116.09
1790887834.559 114.91 116.09
1790887835.063 114.91 116.09
1790887835.568 114.91 116.09
1790887836.074 114.91 116.09
1790887836.579 114.91 116.09
1790887837.085 114.91 116.09
1790887837.591 114.91 116.09
1790887838.096 114.92 116.10
1790887838.600 114.92 116.10
1790887839.106 114.90 116.09
1790887839.612 114.91 116.10
1790887840.117 114.91 116.10
1790887840.623 114.91 116.10
1790887841.128 114.91 116.10
1790887841.633 114.91 116.10
1790887842.139 114.91 116.10
1790887842.643 114.90 116.10
1790887843.149 114.91 116.11
1790887843.655 114.90 116.10
1790887844.160 114.90 116.10
1790887844.666 114.90 116.10
1790887845.171 114.90 116.10
1790887845.676 114.90 116.09
1790887846.182 114.90 116.09
1790887846.687 114.90 116.10
1790887847.192 114.90 116.10
1790887847.698 114.90 116.10
1790887848.203 114.89 116.09
1790887848.709 114.88 116.09
1790887849.213 114.88 116.09
1790887849.718 114.88 116.09
1790887850.224 114.88 116.08
1790887850.741 116.62 116.12
1790887851.257 116.63 116.12
1790887851.762 116.62 116.12
1790887852.268 116.62 116.12
1790887852.773 116.62 116.12
1790887853.279 116.59 116.12
1790887853.785 116.59 116.12
1790887854.290 116.59 116.12
1790887854.796 116.60 116.13
1790887855.301 116.60 116.13
1790887855.807 116.60 116.13
1790887856.313 116.60 116.13
1790887856.818 116.59 116.13
1790887857.322 116.59 116.13
1790887857.827 116.59 116.13
1790887858.333 116.58 116.12
1790887858.838 116.60 116.14
1790887859.344 116.60 116.15
1790887859.850 116.60 116.15
1790887860.355 116.60 116.15
1790887860.860 116.59 116.15
1790887861.365 116.50 116.16
1790887861.871 116.45 116.14
1790887862.376 116.39 116.13
1790887862.881 116.08 115.96
1790887863.386 115.93 115.87
1790887863.891 115.90 115.85
1790887864.397 115.85 115.83
1790887864.902 115.73 115.78
1790887865.408 115.28 115.44
1790887865.913 115.15 115.35
1790887866.419 115.07 115.41
1790887866.924 114.68 115.41
1790887867.429 114.47 115.41
1790887867.934 114.40 115.36
1790887868.439 114.36 115.33
1790887868.944 114.35 115.32
1790887869.449 114.34 115.32
1790887869.955 114.35 115.33
1790887870.460 114.35 115.33
1790887870.965 114.37 115.36
1790887871.471 114.37 115.36
1790887871.976 114.37 115.36
1790887872.481 114.35 115.34
1790887872.987 114.36 115.35
1790887873.492 114.34 115.34
1790887873.998 114.36 115.35
1790887874.502 114.36 115.36
1790887875.008 114.36 115.36
1790887875.513 114.36 115.36
1790887876.018 114.37 115.37
1790887876.523 114.39 115.39
1790887877.028 114.40 115.40
1790887877.534 114.40 115.40
1790887878.039 114.40 115.40
1790887878.545 114.39 115.40
1790887879.051 114.39 115.40
1790887879.556 114.39 115.40
1790887880.062 114.39 115.40
1790887880.567 114.39 115.40
1790887881.072 114.37 115.37
1790887881.578 114.37 115.37
1790887882.083 114.37 115.37
1790887882.589 114.38 115.38
1790887883.094 114.37 115.37
1790887883.600 114.37 115.37
1790887884.105 114.37 115.37
1790887884.610 114.37 115.37
1790887885.116 114.37 115.37
1790887885.622 114.38 115.38
1790887886.127 114.38 115.38
1790887886.632 114.38 115.38
1790887887.138 114.24 115.24
1790887887.643 114.24 115.24
1790887888.149 114.24 115.24
1790887888.654 114.22 115.22
1790887889.160 114.22 115.22
1790887889.665 114.13 115.13
1790887890.171 113.98 114.98
1790887890.676 113.70 114.70
1790887891.182 113.64 114.64
1790887891.688 113.64 114.64
1790887892.193 113.64 114.64
1790887892.699 113.64 114.64
1790887893.203 113.60 114.61
1790887893.709 113.60 114.60
1790887894.215 113.28 114.29
1790887894.720 113.01 114.02
1790887895.225 112.84 113.85
1790887895.731 112.77 113.78
1790887896.237 112.64 113.65
1790887896.742 112.63 113.64
1790887897.248 112.46 113.47
1790887897.753 112.33 113.34
1790887898.259 112.23 113.24
1790887898.764 112.23 113.24
1790887899.270 112.16 113.19
1790887899.775 112.14 113.17
1790887900.281 112.12 113.15
1790887900.786 112.09 113.12
1790887901.292 112.04 113.07
1790887901.797 112.02 113.05
1790887902.303 111.99 113.02
1790887902.808 111.96 112.99
1790887903.313 111.92 112.95
1790887903.818 111.92 112.94
1790887904.324 111.87 112.89
1790887904.829 111.84 112.87
1790887905.334 111.81 112.84
1790887905.839 111.79 112.81
1790887906.343 111.75 112.78
1790887906.849 111.74 112.77
1790887907.354 111.74 112.77
1790887907.859 111.74 112.77
1790887908.365 111.74 112.77
1790887908.870 111.74 112.77
1790887909.375 111.74 112.77
1790887909.881 111.74 112.77
1790887910.386 111.73 112.77
1790887910.891 111.73 112.76
1790887911.396 111.73 112.76
1790887911.901 111.72 112.76
1790887912.405 111.71 112.76
1790887912.910 111.69 112.75
1790887913.415 111.68 112.73
1790887913.931 111.65 112.70
1790887914.436 111.64 112.69
1790887914.941 111.59 112.64
1790887915.446 111.59 112.64
1790887915.951 111.59 112.65
1790887916.456 111.56 112.61
1790887916.961 111.50 112.55
1790887917.465 111.52 112.58
1790887917.971 111.54 112.59
1790887918.476 111.50 112.55
1790887918.982 111.44 112.50
1790887919.486 111.38 112.43
1790887919.991 111.36 112.41
1790887920.496 111.28 112.33
1790887921.000 111.19 112.25
1790887921.505 111.20 112.26
1790887922.011 111.16 112.21
1790887922.516 111.15 112.21
1790887923.021 111.15 112.21
1790887923.527 111.21 112.26
1790887924.032 111.16 112.22
1790887924.537 111.09 112.15
1790887925.043 111.22 112.27
1790887925.547 111.22 112.27
1790887926.053 111.22 112.27
1790887926.558 111.22 112.27
1790887927.063 111.22 112.27
1790887927.568 111.22 112.27
1790887928.074 111.22 112.27
1790887928.579 111.23 112.29
1790887929.084 111.23 112.28
1790887929.589 111.23 112.28
1790887930.093 111.23 112.28
1790887930.599 111.22 112.27
1790887931.103 111.24 112.30
1790887931.608 111.19 112.24
1790887932.113 111.18 112.23
1790887932.619 111.22 112.27
1790887933.124 111.22 112.27
1790887933.630 111.19 112.24
1790887934.135 111.14 112.20
1790887934.640 111.11 112.16
1790887935.146 111.11 112.16
1790887935.651 111.17 112.23
1790887936.157 111.13 112.18
1790887936.663 111.11 112.16
1790887937.168 111.18 112.23
1790887937.673 111.12 112.18
1790887938.179 111.08 112.13
1790887938.684 111.10 112.15
1790887939.189 111.12 112.17
1790887939.694 111.11 112.16
1790887940.198 111.12 112.17
1790887940.703 111.16 112.21
1790887941.209 111.16 112.21
1790887941.714 111.16 112.21
1790887942.219 111.16 112.21
1790887942.724 111.16 112.21
1790887943.229 111.16 112.21
1790887943.734 111.16 112.21
1790887944.239 111.15 112.21
1790887944.746 111.16 112.21
1790887945.252 111.16 112.21
1790887945.758 111.16 112.21
1790887946.263 111.15 112.20
1790887946.768 111.12 112.17
1790887947.273 111.20 112.25
1790887947.778 111.25 112.30
1790887948.284 111.25 112.30
1790887948.790 111.20 112.25
1790887949.305 111.15 112.21
1790887949.810 111.16 112.22
1790887950.315 111.11 112.17
1790887950.821 111.18 112.23
1790887951.327 111.19 112.25
1790887951.832 111.24 112.29
1790887952.337 111.18 112.23
1790887952.842 111.22 112.27
1790887953.346 111.20 112.26
1790887953.851 111.20 112.25
1790887954.356 111.23 112.28
1790887954.861 111.24 112.29
1790887955.367 111.26 112.31
1790887955.872 111.26 112.31
1790887956.377 111.23 112.28
1790887956.882 111.36 112.41
1790887957.387 111.36 112.41
1790887957.892 111.36 112.41
1790887958.397 111.34 112.39
1790887958.902 111.34 112.39
1790887959.407 111.34 112.39
1790887959.912 111.34 112.39
1790887960.417 111.34 112.39
1790887960.924 111.34 112.39
1790887961.429 111.34 112.39
1790887961.933 111.33 112.38
1790887962.439 111.31 112.36
1790887962.944 111.28 112.33
1790887963.449 111.30 112.35
1790887963.955 111.27 112.33
1790887964.460 111.28 112.33
1790887964.967 111.26 112.31
1790887965.472 111.20 112.25
1790887965.977 111.20 112.26
1790887966.482 111.21 112.27
1790887966.987 111.20 112.25
1790887967.492 111.17 112.22
1790887967.998 111.25 112.30
1790887968.503 111.29 112.34
1790887969.008 111.22 112.27
1790887969.513 111.27 112.32
1790887970.018 111.25 112.30
1790887970.523 111.26 112.31
1790887971.027 111.32 112.37
1790887971.532 111.34 112.39
1790887972.038 111.37 112.42
1790887972.543 111.42 112.47
1790887973.048 111.45 112.50
1790887973.553 111.43 112.49
1790887974.059 111.43 112.48
1790887974.564 111.43 112.48
1790887975.070 111.65 112.70
1790887975.575 111.62 112.67
1790887976.081 111.59 112.64
1790887976.586 111.58 112.63
1790887977.091 111.56 112.61
1790887977.597 111.52 112.57
1790887978.102 111.50 112.55
1790887978.607 111.48 112.53
1790887979.111 111.46 112.51
1790887979.617 111.46 112.51
1790887980.122 111.46 112.51
1790887980.627 111.45 112.50
1790887981.132 111.44 112.50
1790887981.637 111.43 112.48
1790887982.141 111.42 112.47
1790887982.647 111.41 112.46
1790887983.152 111.40 112.45
1790887983.657 111.40 112.45
1790887984.162 111.39 112.44
1790887984.668 111.37 112.43
1790887985.173 111.38 112.43
1790887985.678 111.34 112.40
1790887986.184 111.28 112.33
1790887986.689 111.34 112.39
1790887987.194 111.34 112.39
1790887987.699 111.37 112.43
1790887988.204 111.44 112.50
1790887988.709 111.39 112.44
1790887989.213 111.47 112.52
1790887989.718 111.45 112.51
1790887990.223 111.45 112.50
1790887990.728 111.42 112.48
1790887991.233 111.48 112.53
1790887991.738 111.48 112.53
1790887992.242 111.46 112.51
1790887992.754 111.53 112.58
1790887993.260 111.50 112.55
1790887993.765 111.48 112.53
1790887994.270 111.47 112.53
1790887994.775 111.42 112.47
1790887995.286 111.48 112.54
1790887995.791 111.49 112.54
1790887996.296 111.46 112.51
1790887996.801 111.44 112.50
1790887997.306 111.49 112.55
1790887997.811 111.50 112.55
1790887998.316 111.56 112.62
1790887998.822 111.53 112.58
1790887999.326 111.51 112.56
1790887999.831 111.52 112.57
1790888000.336 111.48 112.54
1790888000.841 111.55 112.60
1790888001.346 111.57 112.62
1790888001.851 111.59 112.64
1790888002.357 111.54 112.60
1790888002.863 111.48 112.53
1790888003.368 111.46 112.51
1790888003.873 111.50 112.55
1790888004.378 111.48 112.53
1790888004.885 111.57 112.62
1790888005.389 111.56 112.61
1790888005.897 111.54 112.59
1790888006.401 111.54 112.59
1790888006.907 111.54 112.59
1790888007.412 111.53 112.58
1790888007.917 111.53 112.58
1790888008.422 111.53 112.58
1790888008.927 111.52 112.57
1790888009.432 111.52 112.57
1790888009.937 111.51 112.56
1790888010.442 111.57 112.62
1790888010.947 111.56 112.61
1790888011.453 111.54 112.59
1790888011.959 111.52 112.57
1790888012.464 111.49 112.55
1790888012.970 111.49 112.55
1790888013.475 111.49 112.54
1790888013.980 111.55 112.60
1790888014.486 111.56 112.61
1790888014.991 111.57 112.62
1790888015.497 111.56 112.61
1790888016.002 111.66 112.72
1790888016.507 111.65 112.70
1790888017.012 111.57 112.63
1790888017.517 111.60 112.65
1790888018.021 111.65 112.70
1790888018.526 111.59 112.64
1790888019.031 111.63 112.68
1790888019.536 111.62 112.67
1790888020.041 111.66 112.71
1790888020.547 111.63 112.69
1790888021.052 111.62 112.67
1790888021.557 111.62 112.67
1790888022.062 111.67 112.72
1790888022.567 111.64 112.69
1790888023.073 111.62 112.67
1790888023.578 111.63 112.68
1790888024.084 111.66 112.71
1790888024.589 111.66 112.71
1790888025.094 111.64 112.69
1790888025.599 111.62 112.67
1790888026.105 111.62 112.67
1790888026.611 111.65 112.70
1790888027.115 111.70 112.75
1790888027.622 111.69 112.75
1790888028.127 111.68 112.73
1790888028.631 111.66 112.72
1790888029.137 111.65 112.70
1790888029.642 111.69 112.74
1790888030.147 111.71 112.76
1790888030.653 111.72 112.77
1790888031.158 111.73 112.78
1790888031.663 111.72 112.77
1790888032.168 111.71 112.76
1790888032.673 111.66 112.72
1790888033.177 111.65 112.70
1790888033.682 111.72 112.77
1790888034.187 111.71 112.76
1790888034.692 111.69 112.74
1790888035.197 111.68 112.73
1790888035.702 111.68 112.73
1790888036.208 111.67 112.72
1790888036.713 111.65 112.70
1790888037.219 111.63 112.68
1790888037.724 111.60 112.65
1790888038.230 111.54 112.59
1790888038.735 111.52 112.58
1790888039.240 111.49 112.54
1790888039.745 111.46 112.51
1790888040.250 111.46 112.51
1790888040.755 111.45 112.50
1790888041.260 111.45 112.50
1790888041.765 111.44 112.50
1790888042.271 111.44 112.49
1790888042.776 111.44 112.49
1790888043.281 111.45 112.50
1790888043.785 111.42 112.47
1790888044.291 111.45 112.50
1790888044.796 111.40 112.45
1790888045.301 111.39 112.44
1790888045.808 111.33 112.38
1790888046.313 111.32 112.38
1790888046.818 111.33 112.39
1790888047.322 111.32 112.37
1790888047.828 111.33 112.39
1790888048.333 111.34 112.39
1790888048.838 111.34 112.40
1790888049.344 111.40 112.45
1790888049.849 111.42 112.47
1790888050.354 111.46 112.51
1790888050.859 111.50 112.55
1790888051.365 111.43 112.48
1790888051.870 111.48 112.53
1790888052.374 111.48 112.54
1790888052.880 111.48 112.53
1790888053.385 111.48 112.54
1790888053.891 111.59 112.64
1790888054.395 111.59 112.64
1790888054.901 111.56 112.62
1790888055.406 111.56 112.62
1790888055.911 111.56 112.62
1790888056.417 111.56 112.62
1790888056.922 111.56 112.62
1790888057.427 111.56 112.62
1790888057.934 111.56 112.61
1790888058.439 111.53 112.59
1790888058.944 111.51 112.56
1790888059.450 111.46 112.51
1790888059.955 111.44 112.49
1790888060.460 111.43 112.48
1790888060.964 111.42 112.47
1790888061.470 111.40 112.46
1790888061.975 111.43 112.48
1790888062.480 111.40 112.45
1790888062.986 111.41 112.46
1790888063.491 111.49 112.55
1790888063.998 111.54 112.59
1790888064.503 111.50 112.55
1790888065.007 111.51 112.56
1790888065.513 111.50 112.56
1790888066.018 111.47 112.53
1790888066.523 111.46 112.52
1790888067.028 111.47 112.52
1790888067.533 111.49 112.54
1790888068.038 111.53 112.58
1790888068.543 111.57 112.62
1790888069.047 111.60 112.66
1790888069.552 111.60 112.66
1790888070.057 111.60 112.66
1790888070.562 111.60 112.65
1790888071.067 111.58 112.63
1790888071.572 111.56 112.61
1790888072.077 111.51 112.56
1790888072.583 111.48 112.53
1790888073.088 111.45 112.51
1790888073.593 111.42 112.48
1790888074.100 111.42 112.48
1790888074.605 111.42 112.48
1790888075.110 111.43 112.48
1790888075.615 111.43 112.48
1790888076.121 111.43 112.48
1790888076.626 111.43 112.48
1790888077.131 111.43 112.48
1790888077.636 111.43 112.48
1790888078.141 111.43 112.49
1790888078.646 111.43 112.49
1790888079.152 111.91 112.96
1790888079.657 111.90 112.96
1790888080.163 111.90 112.96
1790888080.669 111.90 112.96
1790888081.174 111.91 112.96
1790888081.680 111.96 113.01
1790888082.184 111.94 113.00
1790888082.690 111.94 113.00
1790888083.195 111.94 112.99
1790888083.700 111.96 113.01
1790888084.206 111.96 113.01
1790888084.711 111.96 113.01
1790888085.216 111.95 113.00
1790888085.722 111.95 113.00
1790888086.227 111.95 113.00
1790888086.733 111.95 113.00
1790888087.239 111.95 113.00
1790888087.744 111.96 113.01
1790888088.249 111.93 112.98
1790888088.754 111.93 112.98
1790888089.259 111.92 112.98
1790888089.764 111.94 112.99
1790888090.269 111.94 112.99
1790888090.774 111.94 112.99
1790888091.279 111.94 112.99
1790888091.784 111.94 112.99
1790888092.290 111.94 112.99
1790888092.795 111.94 112.99
1790888093.300 111.94 112.99
1790888093.805 111.95 113.01
1790888094.310 111.95 113.01
1790888094.816 111.95 113.01
1790888095.321 111.93 112.99
1790888095.826 111.94 112.99
1790888096.331 111.93 112.99
1790888096.836 111.93 112.99
1790888097.341 111.93 112.99
1790888097.847 111.93 112.99
1790888098.352 111.91 112.96
1790888098.857 111.91 112.96
1790888099.362 111.91 112.96
1790888099.867 111.91 112.97
1790888100.372 111.91 112.97
1790888100.877 112.12 113.17
1790888101.383 112.09 113.14
1790888101.887 112.05 113.10
1790888102.393 112.03 113.08
1790888102.898 112.00 113.05
1790888103.403 111.95 113.00
1790888103.907 111.94 112.99
1790888104.412 111.93 112.98
1790888104.916 111.93 112.98
1790888105.422 111.94 112.99
1790888105.927 111.94 112.99
1790888106.433 112.12 113.18
1790888106.938 112.10 113.15
1790888107.443 112.08 113.13
1790888107.948 112.03 113.08
1790888108.453 112.00 113.05
1790888108.958 111.99 113.05
1790888109.462 111.97 113.02
1790888109.968 111.93 112.98
1790888110.472 111.90 112.95
1790888110.978 111.90 112.95
1790888111.483 111.90 112.95
1790888111.987 111.89 112.95
1790888112.492 111.91 112.97
1790888112.997 111.91 112.96
1790888113.501 111.92 112.98
1790888114.007 111.93 112.98
1790888114.513 111.96 113.01
1790888115.019 111.96 113.01
1790888115.524 111.99 113.04
1790888116.029 111.99 113.04
1790888116.534 112.07 113.12
1790888117.039 112.05 113.10
1790888117.544 112.02 113.08
1790888118.049 112.00 113.06
1790888118.555 112.14 113.20
1790888119.060 112.13 113.19
1790888119.566 112.11 113.17
1790888120.071 112.10 113.16
1790888120.576 112.07 113.12
1790888121.082 112.05 113.10
1790888121.587 112.02 113.07
1790888122.093 111.98 113.04
1790888122.597 111.96 113.02
1790888123.103 111.96 113.01
1790888123.607 111.93 112.98
1790888124.113 111.90 112.95
1790888124.618 111.86 112.92
1790888125.123 111.82 112.87
1790888125.628 111.81 112.86
1790888126.133 111.78 112.83
1790888126.638 111.76 112.82
1790888127.144 112.00 113.06
1790888127.650 112.00 113.06
1790888128.155 112.00 113.06
1790888128.661 112.10 113.15
1790888129.167 112.06 113.11
1790888129.671 111.94 113.07
1790888130.177 111.85 113.04
1790888130.682 111.80 112.99
1790888131.188 111.81 112.99
1790888131.693 111.78 112.97
1790888132.199 111.74 112.93
1790888132.705 111.71 112.89
1790888133.210 111.69 112.87
1790888133.716 111.67 112.86
1790888134.222 111.63 112.82
1790888134.727 111.61 112.79
1790888135.231 111.61 112.79
1790888135.738 111.56 112.75
1790888136.243 111.56 112.75
1790888136.748 111.56 112.75
1790888137.253 111.56 112.75
1790888137.758 111.56 112.75
1790888138.263 111.54 112.73
1790888138.767 111.54 112.73
1790888139.272 111.55 112.73
1790888139.777 111.54 112.73
1790888140.283 111.45 112.64
1790888140.788 111.38 112.56
1790888141.293 111.31 112.50
1790888141.797 111.23 112.42
1790888142.302 111.23 112.42
1790888142.807 111.23 112.42
1790888143.312 111.23 112.42
1790888143.817 111.25 112.43
1790888144.322 111.24 112.43
1790888144.827 111.25 112.43
1790888145.332 111.24 112.43
1790888145.847 111.22 112.41
1790888146.352 111.22 112.41
1790888146.857 111.22 112.41
1790888147.362 111.22 112.41
1790888147.868 111.22 112.41
1790888148.373 111.22 112.41
1790888148.879 111.22 112.41
1790888149.385 111.22 112.41
1790888149.890 111.22 112.41
1790888150.395 111.22 112.41
1790888150.901 111.22 112.41
1790888151.406 111.22 112.41
1790888151.911 111.22 112.41
1790888152.417 111.22 112.41
1790888152.922 111.21 112.39
1790888153.426 111.19 112.38
1790888153.932 111.20 112.39
1790888154.438 111.20 112.39
1790888154.944 111.17 112.36
1790888155.448 111.14 112.33
1790888155.954 111.11 112.30
1790888156.460 111.09 112.28
1790888156.965 111.05 112.24
1790888157.470 111.02 112.21
1790888157.975 110.99 112.18
1790888158.480 110.95 112.14
1790888158.985 110.94 112.13
1790888159.489 110.94 112.13
1790888159.995 110.94 112.13
1790888160.501 110.91 112.10
1790888161.006 110.89 112.07
1790888161.512 110.86 112.05
1790888162.017 110.83 112.02
1790888162.522 110.79 111.98
1790888163.027 110.76 111.95
1790888163.532 110.74 111.93
1790888164.037 110.74 111.93
1790888164.542 110.82 112.00
1790888165.048 110.82 112.00
1790888165.552 110.82 112.01
1790888166.058 110.85 112.04
1790888166.562 110.85 112.04
1790888167.068 110.85 112.04
1790888167.572 110.85 112.04
1790888168.077 110.85 112.03
1790888168.582 110.84 112.03
1790888169.088 111.51 112.70
1790888169.594 114.60 115.83
1790888170.098 115.95 117.15
1790888170.609 117.69 117.19
1790888171.132 117.69 117.19
1790888171.637 117.69 117.19
1790888172.143 117.69 117.19
1790888172.648 117.69 117.19
1790888173.154 117.69 117.19
1790888173.659 117.66 117.17
1790888174.165 117.66 117.17
1790888174.670 117.66 117.17
1790888175.176 117.66 117.17
1790888175.681 117.63 117.16
1790888176.186 117.64 117.17
1790888176.692 117.64 117.17
1790888177.197 117.64 117.17
1790888177.703 117.64 117.17
1790888178.209 117.62 117.16
1790888178.715 117.62 117.16
1790888179.221 117.62 117.16
1790888179.726 117.62 117.16
1790888180.232 117.62 117.16
1790888180.737 117.62 117.16
1790888181.243 117.62 117.16
1790888181.748 117.62 117.16
1790888182.254 117.62 117.16
1790888182.759 117.62 117.16
1790888183.265 117.61 117.14
1790888183.771 117.61 117.14
1790888184.277 117.62 117.16
1790888184.782 117.62 117.16
1790888185.288 117.62 117.16
1790888185.792 117.64 117.18
1790888186.298 117.64 117.18
1790888186.803 117.64 117.18
1790888187.309 117.65 117.18
1790888187.814 117.65 117.19
1790888188.320 117.65 117.19
1790888188.825 117.67 117.21
1790888189.331 117.67 117.21
1790888189.836 117.67 117.21
1790888190.342 117.67 117.21
1790888190.848 117.67 117.21
1790888191.353 117.67 117.21
1790888191.858 117.67 117.21
1790888192.364 117.67 117.21
1790888192.869 117.67 117.21
1790888193.375 117.66 117.19
1790888193.880 117.66 117.20
1790888194.386 117.67 117.20
1790888194.891 117.67 117.20
1790888195.397 117.67 117.20
1790888195.901 117.68 117.22
1790888196.407 117.68 117.22
1790888196.912 117.69 117.22
1790888197.418 117.69 117.22
1790888197.923 117.70 117.23
1790888198.429 117.69 117.23
1790888198.935 117.70 117.24
1790888199.440 117.70 117.24
1790888199.946 117.70 117.24
1790888200.451 117.70 117.24
1790888200.957 117.70 117.24
1790888201.462 117.68 117.23
1790888201.966 117.66 117.22
1790888202.472 117.66 117.22
1790888202.978 117.66 117.22
1790888203.483 117.65 117.21
1790888203.988 117.67 117.23
1790888204.494 117.67 117.23
1790888204.999 117.67 117.23
1790888205.505 117.66 117.22
1790888206.010 117.67 117.23
1790888206.516 117.66 117.22
1790888207.021 117.67 117.26
1790888207.526 117.58 117.26
1790888208.031 117.54 117.24
1790888208.536 117.53 117.23
1790888209.042 117.27 117.13
1790888209.547 117.12 117.07
1790888210.052 117.08 117.05
1790888210.558 117.00 116.99
1790888211.063 116.68 116.72
1790888211.569 116.17 116.33
1790888212.074 115.78 116.01
1790888212.579 115.67 116.04
1790888213.084 115.27 116.04
1790888213.589 114.95 115.93
1790888214.095 114.81 115.80
1790888214.600 114.80 115.80
1790888215.105 114.80 115.80
1790888215.610 114.79 115.78
1790888216.115 114.80 115.79
1790888216.621 114.80 115.79
1790888217.126 114.79 115.79
1790888217.631 114.79 115.79
1790888218.137 114.79 115.79
1790888218.641 114.78 115.77
1790888219.147 114.69 115.69
1790888219.652 114.69 115.69
1790888220.158 114.69 115.69
1790888220.663 114.69 115.69
1790888221.169 114.69 115.69
1790888221.674 114.69 115.69
1790888222.179 114.69 115.69
1790888222.685 114.69 115.69
1790888223.190 114.55 115.55
1790888223.695 114.57 115.56
1790888224.201 114.57 115.56
1790888224.706 114.57 115.56
1790888225.212 114.57 115.56
1790888225.718 114.25 115.25
1790888226.223 113.97 114.97
1790888226.729 113.79 114.79
1790888227.235 113.79 114.79
1790888227.740 113.79 114.78
1790888228.245 113.76 114.76
1790888228.750 113.77 114.77
1790888229.256 113.77 114.77
1790888229.761 113.56 114.57
1790888230.267 113.27 114.28
1790888230.773 113.00 114.01
1790888231.278 113.04 114.05
1790888231.784 112.84 113.84
1790888232.289 112.76 113.77
1790888232.794 112.70 113.71
1790888233.300 112.49 113.49
1790888233.805 112.35 113.36
1790888234.310 112.35 113.36
1790888234.815 112.35 113.36
1790888235.320 112.01 113.04
1790888235.826 112.01 113.05
1790888236.331 111.95 113.00
1790888236.837 111.93 113.00
1790888237.342 111.89 112.95
1790888237.847 111.89 112.95
1790888238.352 111.83 112.90
1790888238.858 111.82 112.89
1790888239.363 111.88 112.95
1790888239.868 111.84 112.91
1790888240.373 111.84 112.91
1790888240.879 111.84 112.91
1790888241.384 111.83 112.91
1790888241.889 111.75 112.84
1790888242.394 111.74 112.83
1790888242.899 111.72 112.81
1790888243.404 111.68 112.77
1790888243.910 111.65 112.74
1790888244.415 111.64 112.72
1790888244.920 111.60 112.69
1790888245.426 111.57 112.66
1790888245.931 111.53 112.62
1790888246.437 111.52 112.61
1790888246.941 111.47 112.56
1790888247.447 111.47 112.56
1790888247.952 111.47 112.56
1790888248.458 111.40 112.49
1790888248.962 111.36 112.49
1790888249.469 115.42 116.54
1790888249.974 115.42 116.54
1790888250.479 115.42 116.54
1790888250.985 115.42 116.54
1790888251.490 115.42 116.54
1790888251.996 115.43 116.54
1790888252.501 115.43 116.54
1790888253.007 115.43 116.54
1790888253.513 115.42 116.54
1790888254.018 115.42 116.54
1790888254.524 115.42 116.54
1790888255.028 115.42 116.54
1790888255.534 115.42 116.54
1790888256.040 115.42 116.54
1790888256.546 115.41 116.52
1790888257.052 115.41 116.52
1790888257.558 115.41 116.52
1790888258.063 115.41 116.52
1790888258.569 115.40 116.51
1790888259.074 115.41 116.52
1790888259.580 115.41 116.52
1790888260.086 115.41 116.52
1790888260.591 115.42 116.53
1790888261.097 115.42 116.53
1790888261.601 115.42 116.53
1790888262.106 115.40 116.51
1790888262.611 115.39 116.50
1790888263.117 115.36 116.47
1790888263.622 115.13 116.24
1790888264.128 115.06 116.18
1790888264.633 114.54 115.67
1790888265.139 114.24 115.37
1790888265.644 114.21 115.35
1790888266.149 114.08 115.22
1790888266.654 114.00 115.14
1790888267.159 113.96 115.09
1790888267.665 113.92 115.06
1790888268.170 113.92 115.06
1790888268.676 113.93 115.07
1790888269.181 113.93 115.07
1790888269.686 113.93 115.07
1790888270.191 113.93 115.07
1790888270.697 113.93 115.07
1790888271.202 113.93 115.07
1790888271.707 113.93 115.07
1790888272.212 113.91 115.04
1790888272.718 113.91 115.04
1790888273.223 113.86 114.99
1790888273.729 113.87 115.00
1790888274.234 113.87 115.00
1790888274.740 113.86 115.00
1790888275.245 113.86 115.00
1790888275.750 113.86 115.00
1790888276.255 113.86 115.00
1790888276.760 113.73 114.86
1790888277.266 113.72 114.85
1790888277.771 113.72 114.85
1790888278.276 113.70 114.84
1790888278.782 113.70 114.84
1790888279.288 113.70 114.84
1790888279.793 113.34 114.48
1790888280.298 113.07 114.20
1790888280.804 112.99 114.12
1790888281.309 112.99 114.12
1790888281.814 112.99 114.13
1790888282.320 112.98 114.12
1790888282.825 112.99 114.12
1790888283.331 112.97 114.10
1790888283.836 112.81 113.95
1790888284.342 112.55 113.68
1790888284.847 112.35 113.49
1790888285.353 112.30 113.43
1790888285.859 112.11 113.25
1790888286.364 112.16 113.29
1790888286.869 111.99 113.13
1790888287.375 111.83 112.96
1790888287.880 111.71 112.84
1790888288.386 111.69 112.82
1790888288.890 111.69 112.82
1790888289.396 113.92 115.05
1790888289.902 115.32 116.44
1790888290.408 115.32 116.44
1790888290.913 115.32 116.44
1790888291.418 115.32 116.44
1790888291.924 115.32 116.44
1790888292.429 115.32 116.44
1790888292.934 115.33 116.44
1790888293.440 115.33 116.44
1790888293.946 115.34 116.46
1790888294.450 115.34 116.46
1790888294.956 115.34 116.46
1790888295.461 115.34 116.46
1790888295.967 115.34 116.46
1790888296.472 115.34 116.46
1790888296.978 115.32 116.44
1790888297.484 115.32 116.44
1790888297.988 115.32 116.44
1790888298.493 115.32 116.44
1790888298.999 115.32 116.44
1790888299.505 115.32 116.44
1790888300.010 115.32 116.44
1790888300.515 115.33 116.44
1790888301.021 115.33 116.45
1790888301.526 115.33 116.45
1790888302.032 115.33 116.44
1790888302.537 115.33 116.45
1790888303.042 115.33 116.45
1790888303.547 115.32 116.43
1790888304.053 115.32 116.44
1790888304.558 115.32 116.44
1790888305.063 115.32 116.44
1790888305.568 115.32 116.44
1790888306.074 115.32 116.44
1790888306.579 115.32 116.44
1790888307.085 115.31 116.43
1790888307.591 115.31 116.43
1790888308.096 115.31 116.43
1790888308.602 115.30 116.42
1790888309.108 115.30 116.42
1790888309.613 115.30 116.42
1790888310.119 115.30 116.42
1790888310.624 115.30 116.42
1790888311.130 115.31 116.43
1790888311.635 115.31 116.43
1790888312.141 115.31 116.43
1790888312.647 115.31 116.43
1790888313.152 115.31 116.43
1790888313.658 115.29 116.41
1790888314.163 115.32 116.44
1790888314.669 115.32 116.44
1790888315.175 115.32 116.44
1790888315.679 115.32 116.44
1790888316.183 115.32 116.44
1790888316.688 115.31 116.43
1790888317.193 115.11 116.23
1790888317.698 115.04 116.19
1790888318.202 114.38 115.53
1790888318.707 114.13 115.27
1790888319.213 113.97 115.12
1790888319.718 113.74 114.88
1790888320.223 113.75 114.89
1790888320.728 113.75 114.89
1790888321.234 113.75 114.89
1790888321.739 113.68 114.82
1790888322.245 113.67 114.81
1790888322.750 113.68 114.81
1790888323.256 113.67 114.81
1790888323.760 115.30 116.43
1790888324.266 115.33 116.45
1790888324.770 115.33 116.45
1790888325.276 115.34 116.46
1790888325.780 115.34 116.46
1790888326.286 115.34 116.46
1790888326.792 115.34 116.46
1790888327.298 115.34 116.46
1790888327.803 115.34 116.46
1790888328.308 115.34 116.46
1790888328.813 115.35 116.47
1790888329.318 115.35 116.47
1790888329.824 115.35 116.48
1790888330.330 115.35 116.48
1790888330.835 115.36 116.48
1790888331.341 115.36 116.48
1790888331.847 115.36 116.49
1790888332.352 115.36 116.49
1790888332.858 115.36 116.49
1790888333.363 115.35 116.47
1790888333.868 115.35 116.47
1790888334.374 115.36 116.48
1790888334.879 115.36 116.48
1790888335.385 115.36 116.48
1790888335.890 115.36 116.48
1790888336.396 115.36 116.48
1790888336.901 115.36 116.49
1790888337.407 115.35 116.47
1790888337.913 115.34 116.47
1790888338.418 115.34 116.47
1790888338.923 115.36 116.49
1790888339.429 115.36 116.49
1790888339.935 115.36 116.49
1790888340.441 115.37 116.49
1790888340.946 115.37 116.49
1790888341.452 115.38 116.50
1790888341.958 115.38 116.50
1790888342.464 115.38 116.50
1790888342.969 115.38 116.50
1790888343.475 115.38 116.50
1790888343.981 115.39 116.52
1790888344.486 115.40 116.52
1790888344.991 115.40 116.52
1790888345.496 115.40 116.52
1790888346.001 115.40 116.52
1790888346.507 115.40 116.52
1790888347.012 115.40 116.52
1790888347.518 115.40 116.52
1790888348.024 115.41 116.53
1790888348.530 115.40 116.52
1790888349.034 115.40 116.52
1790888349.540 115.40 116.52
1790888350.045 115.41 116.53
1790888350.551 115.41 116.53
1790888351.056 115.41 116.53
1790888351.563 115.41 116.53
1790888352.068 115.41 116.53
1790888352.572 115.38 116.51
1790888353.077 115.39 116.51
1790888353.582 115.39 116.51
1790888354.087 115.18 116.30
1790888354.592 115.03 116.17
1790888355.098 114.23 115.37
1790888355.603 114.25 115.39
1790888356.108 113.95 115.09
1790888356.613 113.83 114.97
1790888357.118 113.81 114.95
1790888357.624 113.80 114.95
1790888358.128 115.56 116.70
1790888358.634 115.71 116.83
1790888359.139 115.71 116.83
1790888359.645 115.71 116.83
1790888360.150 115.71 116.83
1790888360.656 115.71 116.83
1790888361.161 115.71 116.83
1790888361.667 115.71 116.83
1790888362.172 115.71 116.84
1790888362.677 115.71 116.84
1790888363.183 115.71 116.84
1790888363.688 115.71 116.84
1790888364.194 115.73 116.85
1790888364.700 115.73 116.85
1790888365.205 115.73 116.86
1790888365.711 115.73 116.86
1790888366.216 115.73 116.86
1790888366.722 115.74 116.86
1790888367.227 115.73 116.85
1790888367.733 115.73 116.85
1790888368.239 115.72 116.84
1790888368.745 115.72 116.84
1790888369.250 115.72 116.84
1790888369.756 115.72 116.84
1790888370.261 115.72 116.84
1790888370.767 115.72 116.84
1790888371.272 115.72 116.84
1790888371.778 115.72 116.84
1790888372.284 115.72 116.84
1790888372.789 115.73 116.85
1790888373.294 115.73 116.85
1790888373.799 115.73 116.85
1790888374.305 115.73 116.85
1790888374.811 115.73 116.85
1790888375.316 115.73 116.85
1790888375.822 115.73 116.85
1790888376.327 115.73 116.85
1790888376.833 115.73 116.85
1790888377.338 115.78 116.90
1790888377.844 115.78 116.90
1790888378.349 115.78 116.90
1790888378.855 115.78 116.90
1790888379.361 115.79 116.91
1790888379.866 115.79 116.91
1790888380.372 115.79 116.91
1790888380.878 115.79 116.91
1790888381.383 115.79 116.91
1790888381.889 115.79 116.92
1790888382.395 115.79 116.92
1790888382.900 115.79 116.92
1790888383.406 115.78 116.90
1790888383.910 115.79 116.91
1790888384.415 115.79 116.91
1790888384.921 115.79 116.91
1790888385.427 115.79 116.91
1790888385.932 115.79 116.91
1790888386.437 115.79 116.91
1790888386.941 115.79 116.92
1790888387.446 115.83 116.95
1790888387.951 115.66 116.78
1790888388.456 115.56 116.69
1790888388.960 115.16 116.31
1790888389.466 114.38 115.52
1790888389.971 114.61 115.75
1790888390.477 114.31 115.45
1790888390.981 114.31 115.46
1790888391.486 114.25 115.39
1790888391.991 114.18 115.33
1790888392.496 114.18 115.33
1790888393.001 114.18 115.32
1790888393.506 114.18 115.32
1790888394.011 114.19 115.33
1790888394.516 114.19 115.33
1790888395.021 114.19 115.33
1790888395.526 114.19 115.33
1790888396.031 114.19 115.33
1790888396.536 114.19 115.33
1790888397.041 114.20 115.34
1790888397.546 114.18 115.32
1790888398.051 115.87 116.99
1790888398.557 115.87 117.00
1790888399.062 115.89 117.01
1790888399.568 115.89 117.01
1790888400.073 115.89 117.01
1790888400.579 115.89 117.01
1790888401.084 115.89 117.01
1790888401.589 115.89 117.01
1790888402.095 115.89 117.01
1790888402.601 115.89 117.01
1790888403.106 115.89 117.01
1790888403.612 115.87 117.00
1790888404.118 115.89 117.01
1790888404.623 115.89 117.01
1790888405.129 115.89 117.01
1790888405.635 115.89 117.01
1790888406.140 115.89 117.01
1790888406.646 115.89 117.01
1790888407.152 115.89 117.01
1790888407.657 115.89 117.01
1790888408.162 115.89 117.01
1790888408.668 115.87 117.00
1790888409.173 115.89 117.02
1790888409.679 115.89 117.02
1790888410.184 115.89 117.02
1790888410.689 115.89 117.02
1790888411.195 115.89 117.01
1790888411.700 115.89 117.01
1790888412.205 115.89 117.01
1790888412.711 115.89 117.01
1790888413.215 115.88 117.00
1790888413.720 115.88 117.00
1790888414.225 115.89 117.01
1790888414.730 115.89 117.01
1790888415.236 115.89 117.01
1790888415.741 115.89 117.01
1790888416.246 115.87 116.99
1790888416.751 115.87 116.99
1790888417.260 115.83 116.96
1790888417.771 115.66 116.79
1790888418.275 115.55 116.67
1790888418.781 115.16 116.31
1790888419.286 114.38 115.53
1790888419.791 114.62 115.76
1790888420.297 114.35 115.50
1790888420.802 114.34 115.49
1790888421.307 114.34 115.49
1790888421.812 114.32 115.47
1790888422.317 114.32 115.47
1790888422.822 114.32 115.47
1790888423.327 114.31 115.46
1790888423.832 114.31 115.46
1790888424.336 114.31 115.46
1790888424.842 114.29 115.43
1790888425.347 114.29 115.43
1790888425.852 114.29 115.43
1790888426.357 114.29 115.43
1790888426.863 114.29 115.44
1790888427.368 114.29 115.43
1790888427.873 114.24 115.39
1790888428.379 114.24 115.38
1790888428.885 114.26 115.40
1790888429.390 114.26 115.40
1790888429.895 114.26 115.40
1790888430.400 114.26 115.40
1790888430.905 114.26 115.40
1790888431.410 114.18 115.40
1790888431.915 115.70 116.97
1790888432.421 115.72 116.97
1790888432.926 115.72 116.97
1790888433.432 115.77 117.03
1790888433.937 115.78 117.04
1790888434.443 115.78 117.04
1790888434.948 115.78 117.04
1790888435.454 115.78 117.04
1790888435.960 115.78 117.04
1790888436.465 115.78 117.04
1790888436.970 115.78 117.04
1790888437.476 115.78 117.04
1790888437.981 115.78 117.04
1790888438.487 115.76 117.02
1790888438.991 115.77 117.03
1790888439.497 115.77 117.03
1790888440.002 115.77 117.03
1790888440.508 115.77 117.03
1790888441.013 115.77 117.03
1790888441.518 115.77 117.03
1790888442.024 115.77 117.03
1790888442.528 115.77 117.03
1790888443.034 115.77 117.03
1790888443.539 115.76 117.02
1790888444.045 115.77 117.03
1790888444.551 115.77 117.03
1790888445.057 115.77 117.03
1790888445.562 115.77 117.03
1790888446.068 115.77 117.03
1790888446.574 115.77 117.03
1790888447.078 115.77 117.03
1790888447.582 115.75 117.01
1790888448.088 115.74 117.00
1790888448.593 115.46 116.72
1790888449.098 115.15 116.43
1790888449.604 114.43 115.71
1790888450.109 114.46 115.75
1790888450.615 114.34 115.62
1790888451.120 114.21 115.50
1790888451.625 114.17 115.45
1790888452.130 114.17 115.45
1790888452.634 114.17 115.45
1790888453.139 114.15 115.43
1790888453.644 114.15 115.43
1790888454.148 114.15 115.43
1790888454.653 114.15 115.43
1790888455.158 114.15 115.43
1790888455.663 114.15 115.43
1790888456.167 114.15 115.43
1790888456.672 114.15 115.43
1790888457.177 114.15 115.43
1790888457.681 114.15 115.43
1790888458.187 114.14 115.41
1790888458.692 114.14 115.41
1790888459.197 114.13 115.41
1790888459.702 114.09 115.37
1790888460.207 114.09 115.37
1790888460.713 114.09 115.37
1790888461.218 114.09 115.37
1790888461.723 114.09 115.37
1790888462.229 114.09 115.37
1790888462.734 114.09 115.37
1790888463.238 114.78 116.05
1790888463.744 115.54 116.80
1790888464.250 115.54 116.80
1790888464.755 115.54 116.80
1790888465.261 115.54 116.80
1790888465.766 115.54 116.80
1790888466.272 115.54 116.80
1790888466.777 115.54 116.80
1790888467.283 115.54 116.80
1790888467.789 115.54 116.80
1790888468.293 115.54 116.80
1790888468.798 115.54 116.80
1790888469.304 115.56 116.82
1790888469.809 115.56 116.82
1790888470.315 115.56 116.82
1790888470.820 115.56 116.82
1790888471.326 115.56 116.82
1790888471.832 115.56 116.82
1790888472.337 115.56 116.82
1790888472.843 115.56 116.82
1790888473.348 115.55 116.81
1790888473.854 115.55 116.81
1790888474.359 115.56 116.82
1790888474.865 115.56 116.82
1790888475.371 115.56 116.82
1790888475.876 115.56 116.82
1790888476.382 115.56 116.82
1790888476.887 115.56 116.82
1790888477.393 115.54 116.80
1790888477.897 115.55 116.81
1790888478.402 115.53 116.79
1790888478.907 115.52 116.78
1790888479.412 115.25 116.51
1790888479.918 115.11 116.39
1790888480.423 114.22 115.51
1790888480.929 114.29 115.58
1790888481.434 114.28 115.56
1790888481.940 114.16 115.45
1790888482.444 114.16 115.45
1790888482.949 114.14 115.43
1790888483.454 114.14 115.43
1790888483.959 114.15 115.43
1790888484.463 114.15 115.43
1790888484.968 114.15 115.43
1790888485.474 114.15 115.43
1790888485.979 114.15 115.43
1790888486.484 114.13 115.40
1790888486.989 114.13 115.40
1790888487.494 114.13 115.40
1790888487.998 114.13 115.40
1790888488.503 114.11 115.39
1790888489.008 114.11 115.39
1790888489.512 114.11 115.39
1790888490.017 114.11 115.39
1790888490.523 113.97 115.25
1790888491.028 113.97 115.25
1790888491.533 113.97 115.25
1790888492.039 113.97 115.25
1790888492.544 113.97 115.25
1790888493.050 113.59 114.86
1790888493.555 113.30 114.58
1790888494.060 113.20 114.48
1790888494.566 113.21 114.48
1790888495.071 113.21 114.48
1790888495.576 113.20 114.48
1790888496.082 113.20 114.48
1790888496.587 113.20 114.48
1790888497.092 112.96 114.24
1790888497.598 112.71 113.99
1790888498.103 112.47 113.75
1790888498.607 112.47 113.75
1790888499.113 112.26 113.54
1790888499.618 112.26 113.53
1790888500.124 112.16 113.44
1790888500.629 112.00 113.27
1790888501.135 111.87 113.14
1790888501.640 111.87 113.14
1790888502.145 111.87 113.14
1790888502.651 113.81 115.09
1790888503.156 115.55 116.81
1790888503.662 115.55 116.81
1790888504.168 115.55 116.81
1790888504.673 115.55 116.81
1790888505.178 115.55 116.81
1790888505.684 115.55 116.81
1790888506.189 115.55 116.81
1790888506.695 115.55 116.81
1790888507.200 115.55 116.81
1790888507.706 115.55 116.81
1790888508.211 115.55 116.81
1790888508.717 115.52 116.78
1790888509.222 115.52 116.78
1790888509.728 115.52 116.78
1790888510.233 115.53 116.79
1790888510.739 115.53 116.79
1790888511.245 115.53 116.79
1790888511.750 115.53 116.79
1790888512.256 115.53 116.79
1790888512.762 115.53 116.79
1790888513.267 115.52 116.78
1790888513.773 115.52 116.78
1790888514.278 115.54 116.80
1790888514.784 115.54 116.80
1790888515.289 115.54 116.80
1790888515.795 115.53 116.80
1790888516.301 115.54 116.80
1790888516.807 115.54 116.80
1790888517.312 115.54 116.80
1790888517.818 115.54 116.80
1790888518.323 115.52 116.78
1790888518.828 115.52 116.78
1790888519.334 115.54 116.80
1790888519.840 115.54 116.80
1790888520.345 115.54 116.80
1790888520.850 115.54 116.80
1790888521.354 115.54 116.80
1790888521.860 115.52 116.78
1790888522.365 115.32 116.58
1790888522.869 115.21 116.49
1790888523.375 114.37 115.65
1790888523.880 114.10 115.38
1790888524.386 113.94 115.22
1790888524.891 113.57 114.84
1790888525.397 113.27 114.55
1790888525.902 113.27 114.55
1790888526.408 113.27 114.55
1790888526.914 113.26 114.54
1790888527.419 113.26 114.54
1790888527.925 113.26 114.54
1790888528.430 113.22 114.50
1790888528.934 115.42 116.70
1790888529.440 115.45 116.71
1790888529.945 115.45 116.71
1790888530.450 115.31 116.59
1790888530.955 114.64 115.92
1790888531.461 114.08 115.36
1790888531.966 114.26 115.54
1790888532.472 114.18 115.46
1790888532.977 114.18 115.46
1790888533.482 114.18 115.46
1790888533.988 114.18 115.46
1790888534.493 114.18 115.46
1790888534.998 114.18 115.45
1790888535.503 114.88 116.16
1790888536.014 115.66 116.92
1790888536.524 115.50 116.76
1790888537.029 115.34 116.60
1790888537.534 114.88 116.15
1790888538.040 114.11 115.39
1790888538.545 114.17 115.45
1790888539.050 113.73 115.01
1790888539.555 113.42 114.70
1790888540.060 113.36 114.64
1790888540.566 113.36 114.63
1790888541.071 113.36 114.63
1790888541.576 113.35 114.63
1790888542.081 113.35 114.63
1790888542.586 113.35 114.63
1790888543.090 115.56 116.84
1790888543.596 115.60 116.86
1790888544.102 115.61 116.87
1790888544.607 115.61 116.87
1790888545.113 115.61 116.87
1790888545.619 115.61 116.87
1790888546.124 115.61 116.87
1790888546.629 115.61 116.87
1790888547.135 115.61 116.87
1790888547.640 115.61 116.87
1790888548.146 115.61 116.87
1790888548.651 115.60 116.86
1790888549.157 115.61 116.87
1790888549.662 115.61 116.87
1790888550.168 115.61 116.87
1790888550.673 115.61 116.87
1790888551.179 115.61 116.87
1790888551.684 115.61 116.87
1790888552.190 115.61 116.87
1790888552.696 115.61 116.87
1790888553.201 115.61 116.87
1790888553.707 115.61 116.87
1790888554.212 115.61 116.87
1790888554.718 115.61 116.87
1790888555.224 115.61 116.87
1790888555.729 115.61 116.87
1790888556.235 115.61 116.87
1790888556.740 115.61 116.87
1790888557.246 115.61 116.87
1790888557.751 115.61 116.87
1790888558.257 115.60 116.86
1790888558.762 115.60 116.87
1790888559.267 115.62 116.88
1790888559.773 115.62 116.88
1790888560.278 115.62 116.88
1790888560.784 115.62 116.88
1790888561.290 115.62 116.88
1790888561.795 115.62 116.88
1790888562.301 115.62 116.88
1790888562.807 115.62 116.88
1790888563.312 115.61 116.87
1790888563.818 115.61 116.87
1790888564.323 115.62 116.88
1790888564.829 115.62 116.88
1790888565.334 115.62 116.88
1790888565.839 115.62 116.88
1790888566.345 115.62 116.88
1790888566.851 115.62 116.88
1790888567.356 115.62 116.88
1790888567.861 115.62 116.88
1790888568.367 115.61 116.87
1790888568.872 115.62 116.88
1790888569.377 115.62 116.88
1790888569.883 115.62 116.88
1790888570.389 115.62 116.88
1790888570.894 115.62 116.88
1790888571.400 115.62 116.88
1790888571.906 115.62 116.88
1790888572.411 115.62 116.88
1790888572.916 115.62 116.88
1790888573.422 115.61 116.87
1790888573.927 115.61 116.87
1790888574.432 115.58 116.85
1790888574.937 115.60 116.87
1790888575.443 115.59 116.87
1790888575.948 115.59 116.87
1790888576.454 115.59 116.87
1790888576.960 115.59 116.87
1790888577.465 115.59 116.87
1790888577.971 115.59 116.87
1790888578.476 115.58 116.86
1790888578.982 115.58 116.86
1790888579.487 115.58 116.86
1790888579.993 115.58 116.86
1790888580.498 115.58 116.86
1790888581.003 115.58 116.86
1790888581.508 115.58 116.86
1790888582.014 115.58 116.86
1790888582.519 115.58 116.86
1790888583.025 115.58 116.86
1790888583.531 115.56 116.84
1790888584.037 115.58 116.86
1790888584.542 115.58 116.86
1790888585.048 115.58 116.86
1790888585.553 115.58 116.86
1790888586.059 115.58 116.86
1790888586.565 115.58 116.86
1790888587.070 115.58 116.86
1790888587.575 115.58 116.86
1790888588.080 115.58 116.86
1790888588.586 115.58 116.86
1790888589.090 115.58 116.86
1790888589.596 115.58 116.86
1790888590.101 115.58 116.86
1790888590.607 115.58 116.86
1790888591.112 115.58 116.86
1790888591.618 115.58 116.86
1790888592.124 115.58 116.86
1790888592.629 115.58 116.86
1790888593.134 115.58 116.86
1790888593.640 115.56 116.84
1790888594.161 117.38 116.88
1790888594.680 117.38 116.88
1790888595.186 117.38 116.88
1790888595.691 117.38 116.88
1790888596.197 117.38 116.88
1790888596.702 117.38 116.88
1790888597.208 117.43 116.93
1790888597.713 117.43 116.93
1790888598.219 117.42 116.93
1790888598.724 117.39 116.90
1790888599.230 117.39 116.93
1790888599.736 117.39 116.93
1790888600.240 117.39 116.93
1790888600.746 117.40 116.94
1790888601.251 117.40 116.94
1790888601.757 117.40 116.94
1790888602.262 117.40 116.94
1790888602.768 117.40 116.94
1790888603.273 117.38 116.92
1790888603.779 117.38 116.92
1790888604.285 117.39 116.93
1790888604.790 117.39 116.93
1790888605.296 117.39 116.93
1790888605.801 117.39 116.93
1790888606.306 117.39 116.93
1790888606.811 117.39 116.93
1790888607.316 117.36 116.93
1790888607.821 117.31 116.98
1790888608.326 117.28 116.96
1790888608.831 117.01 116.85
1790888609.336 116.89 116.80
1790888609.840 116.85 116.77
1790888610.346 116.79 116.73
1790888610.851 116.69 116.67
1790888611.357 116.54 116.53
1790888611.862 116.54 116.53
1790888612.367 116.15 116.16
1790888612.872 115.70 115.71
1790888613.377 115.32 115.33
1790888613.882 114.92 114.94
1790888614.387 114.54 114.56
1790888614.893 108.60 108.62
1790888615.399 93.85 93.87
1790888615.905 78.99 79.01
1790888616.411 64.04 64.07
1790888616.917 49.13 49.16
1790888617.423 34.18 34.21
1790888617.928 19.32 19.34
1790888618.434 17.00 17.02
1790888618.939 17.00 17.02
1790888619.444 16.98 17.01
1790888619.950 16.98 17.01
1790888620.455 16.98 17.01
1790888620.960 16.98 17.01
1790888621.466 16.98 17.01
1790888621.971 16.98 17.01
1790888622.476 16.98 17.01
1790888622.982 16.98 17.00
1790888623.486 16.96 16.99
1790888623.992 16.96 16.99
1790888624.497 16.97 17.00
1790888625.002 16.97 17.00
1790888625.507 16.97 17.00
1790888626.013 16.97 17.00
1790888626.518 17.27 17.35
1790888627.024 17.02 17.13
1790888627.529 16.65 16.77
1790888628.036 16.10 16.24
1790888628.541 16.22 16.38
1790888629.046 15.27 15.45
1790888629.551 15.25 15.44
1790888630.056 15.20 15.40
1790888630.560 14.88 15.09
1790888631.065 14.69 14.93
1790888631.571 13.79 14.03
1790888632.076 13.77 14.04
1790888632.582 13.37 13.65
1790888633.087 13.20 13.50
1790888633.592 13.03 13.34
1790888634.098 12.51 12.93
1790888634.603 11.99 13.02
1790888635.109 12.52 13.05
1790888635.614 11.86 13.04
1790888636.119 12.39 13.05
1790888636.625 11.73 13.04
1790888637.130 12.72 13.04
1790888637.636 12.12 12.44
1790888638.141 11.85 12.19
1790888638.646 11.78 12.14
1790888639.152 11.75 12.13
1790888639.657 11.72 12.13
1790888640.162 11.70 12.13
1790888640.667 11.57 12.00
1790888641.172 11.43 11.88
1790888641.677 11.35 11.89
1790888642.183 10.98 11.88
1790888642.688 10.68 11.88
1790888643.193 10.56 11.80
1790888643.698 10.42 11.67
1790888644.203 10.36 11.62
1790888644.707 10.33 11.59
1790888645.212 10.27 11.54
1790888645.717 10.09 11.37
1790888646.222 9.77 11.07
1790888646.727 9.52 10.83
1790888647.232 9.32 10.64
1790888647.737 9.00 10.31
1790888648.242 8.64 9.95
1790888648.747 8.40 9.72
1790888649.252 8.24 9.55
1790888649.757 8.49 9.81
1790888650.262 8.08 9.45
1790888650.767 7.62 8.99
1790888651.272 7.28 8.64
1790888651.777 7.05 8.42
1790888652.282 6.86 8.23
1790888652.787 7.13 8.51
1790888653.291 7.50 8.89
1790888653.797 7.50 8.89
1790888654.302 7.50 8.89
1790888654.807 7.50 8.89
1790888655.312 7.50 8.89
1790888655.817 7.50 8.89
1790888656.322 7.50 8.89
1790888656.828 7.50 8.89
1790888657.333 7.50 8.89
1790888657.838 7.50 8.89
1790888658.343 8.14 9.55
1790888658.847 8.10 9.54
1790888659.352 8.10 9.53
1790888659.857 8.10 9.53
1790888660.363 8.11 9.54
1790888660.868 8.11 9.54
1790888661.373 8.11 9.54
1790888661.879 8.12 9.55
1790888662.383 8.24 9.69
1790888662.889 8.24 9.69
1790888663.394 8.24 9.69
1790888663.899 8.24 9.69
1790888664.405 8.24 9.69
1790888664.910 8.13 9.58
1790888665.415 8.08 9.54
1790888665.920 8.06 9.52
1790888666.424 8.14 9.59
1790888666.930 8.05 9.46
1790888667.434 8.00 9.41
1790888667.940 7.64 9.07
1790888668.445 7.24 8.71
1790888668.950 6.58 8.07
1790888669.456 6.34 7.87
1790888669.961 6.06 7.60
1790888670.465 5.41 6.94
1790888670.971 4.71 6.25
1790888671.476 3.80 5.33
1790888671.981 2.92 4.46
1790888672.486 2.55 4.09
1790888672.992 2.34 3.93
1790888673.497 4.02 5.61
1790888674.002 4.02 5.61
1790888674.508 3.42 5.01
1790888675.013 3.10 4.70
1790888675.518 2.58 4.18
1790888676.024 2.40 4.00
1790888676.529 2.87 4.47
1790888677.035 2.87 4.47
1790888677.540 2.87 4.47
1790888678.045 2.86 4.47
1790888678.551 2.86 4.47
1790888679.056 2.78 4.38
1790888679.561 3.75 5.37
1790888680.066 4.30 5.88
1790888680.572 4.30 5.88
1790888681.077 4.32 5.90
1790888681.582 4.32 5.90
1790888682.087 4.34 5.94
1790888682.593 4.33 5.95
1790888683.098 4.27 5.92
1790888683.603 4.27 5.92
1790888684.108 4.14 5.79
1790888684.614 4.01 5.66
1790888685.119 3.92 5.59
1790888685.624 3.88 5.48
1790888686.130 3.80 5.41
1790888686.635 4.47 5.90
1790888687.141 4.47 5.93
1790888687.646 4.47 5.94
1790888688.151 4.47 5.94
1790888688.656 4.47 5.95
1790888689.161 4.49 5.98
1790888689.667 4.43 5.92
1790888690.172 4.39 5.88
1790888690.677 4.12 5.61
1790888691.182 3.80 5.28
1790888691.688 3.53 5.01
1790888692.193 3.36 4.86
1790888692.698 3.76 5.26
1790888693.203 3.54 5.04
1790888693.709 3.22 4.73
1790888694.215 3.77 5.28
1790888694.720 3.62 5.12
1790888695.225 3.55 5.05
1790888695.731 3.54 5.05
1790888696.237 3.53 5.03
1790888696.743 3.53 5.03
1790888697.248 4.48 5.99
1790888697.753 4.48 5.99
1790888698.258 4.51 6.03
1790888698.763 4.51 6.03
1790888699.268 4.51 6.03
1790888699.774 4.51 6.03
1790888700.279 4.54 6.06
1790888700.784 4.49 6.02
1790888701.290 4.52 5.98
1790888701.795 4.40 5.97
1790888702.301 4.41 5.98
1790888702.806 4.41 5.98
1790888703.310 4.43 6.00
1790888703.816 4.42 5.99
1790888704.321 4.36 5.93
1790888704.826 4.37 5.94
1790888705.331 4.27 5.85
1790888705.837 4.28 5.86
1790888706.342 2.99 4.57
1790888706.847 3.00 4.58
1790888707.352 2.68 4.26
1790888707.858 2.43 4.01
1790888708.363 2.20 3.78
1790888708.869 2.20 3.79
1790888709.374 2.21 3.80
1790888709.880 2.21 3.80
1790888710.385 8.41 10.00
1790888710.890 8.40 9.99
1790888711.396 8.40 9.99
1790888711.901 8.39 9.98
1790888712.406 8.35 9.94
1790888712.911 8.35 9.94
1790888713.416 8.34 9.93
1790888713.922 8.38 9.97
1790888714.428 8.34 9.93
1790888714.933 8.29 9.88
1790888715.440 8.25 9.84
1790888715.947 8.21 9.80
1790888716.454 8.16 9.75
1790888716.960 8.12 9.71
1790888717.466 8.08 9.67
1790888717.973 8.08 9.67
1790888718.479 8.02 9.61
1790888718.984 7.97 9.56
1790888719.490 7.97 9.56
1790888719.997 7.92 9.51
1790888720.503 7.83 9.42
1790888721.009 7.83 9.42
1790888721.515 7.79 9.38
1790888722.022 7.78 9.38
1790888722.527 7.74 9.33
1790888723.033 7.72 9.31
1790888723.538 7.70 9.29
1790888724.044 7.67 9.27
1790888724.549 7.62 9.22
1790888725.055 7.60 9.20
1790888725.560 7.43 9.03
1790888726.066 7.42 9.02
1790888726.571 7.42 9.02
1790888727.075 7.42 9.02
1790888727.579 7.42 9.02
1790888728.084 7.42 9.02
1790888728.588 7.41 9.00
1790888729.093 7.41 9.00
1790888729.597 7.41 9.00
1790888730.101 7.40 9.00
1790888730.605 7.40 9.00
1790888731.110 7.40 9.00
1790888731.614 7.40 9.00
1790888732.118 7.40 9.00
1790888732.623 7.40 9.00
1790888733.127 7.38 9.00
1790888733.631 7.20 8.93
1790888734.135 7.20 8.93
1790888734.639 7.19 8.92
1790888735.144 7.19 8.92
1790888735.649 7.19 8.92
1790888736.153 7.19 8.92
1790888736.657 7.19 8.92
1790888737.161 7.19 8.92
1790888737.666 7.19 8.92
1790888738.170 7.19 8.92
1790888738.674 7.19 8.92
1790888739.179 7.19 8.92
1790888739.683 7.19 8.92
1790888740.188 7.19 8.92
1790888740.692 7.17 8.90
1790888741.197 7.17 8.90
1790888741.701 7.17 8.90
1790888742.205 7.17 8.90
1790888742.710 7.17 8.90
1790888743.214 7.17 8.90
1790888743.718 7.16 8.90
1790888744.222 7.16 8.90
1790888744.726 7.16 8.90
1790888745.230 7.16 8.90
1790888745.735 7.16 8.90
1790888746.239 7.16 8.90
1790888746.743 7.16 8.90
1790888747.247 7.16 8.90
1790888747.752 7.16 8.90
1790888748.256 7.16 8.90
1790888748.761 7.16 8.90
1790888749.265 7.16 8.90
1790888749.769 7.16 8.90
1790888750.274 7.16 8.90
1790888750.778 7.16 8.89
1790888751.282 7.16 8.89
1790888751.787 7.16 8.89
1790888752.291 7.16 8.89
1790888752.795 7.16 8.89
1790888753.299 7.16 8.89
1790888753.804 7.16 8.89
1790888754.308 7.16 8.89
1790888754.812 7.16 8.89
1790888755.316 7.16 8.89
1790888755.821 7.16 8.89
1790888756.325 7.16 8.89
1790888756.829 7.16 8.89
1790888757.333 7.16 8.89
1790888757.837 7.16 8.89
1790888758.341 7.14 8.88
1790888758.846 7.14 8.88
1790888759.350 7.14 8.88
1790888759.855 7.14 8.88
1790888760.359 7.14 8.88
1790888760.863 7.13 8.86
1790888761.368 7.13 8.86
1790888761.873 7.13 8.86
1790888762.377 7.13 8.86
1790888762.881 7.13 8.86
1790888763.385 7.13 8.86
1790888763.890 7.14 8.87
1790888764.394 7.14 8.87
1790888764.898 7.14 8.87
1790888765.402 7.14 8.87
1790888765.907 7.14 8.87
1790888766.411 7.14 8.87
1790888766.915 7.14 8.87
1790888767.419 7.14 8.87
1790888767.923 7.14 8.87
1790888768.428 7.14 8.87
1790888768.932 7.15 8.89
1790888769.436 7.15 8.89
1790888769.941 7.15 8.89
1790888770.445 7.15 8.89
1790888770.950 7.15 8.89
1790888771.455 7.15 8.89
1790888771.959 7.15 8.89
1790888772.463 7.15 8.89
1790888772.967 7.15 8.89
1790888773.472 7.15 8.88
1790888773.976 7.15 8.88
1790888774.480 7.15 8.88
1790888774.985 7.15 8.88
1790888775.489 7.14 8.88
1790888775.993 7.14 8.88
1790888776.497 7.14 8.88
1790888777.002 7.14 8.88
1790888777.506 7.14 8.88
1790888778.010 7.14 8.88
1790888778.514 7.13 8.86
1790888779.018 7.15 8.88
1790888779.523 7.15 8.88
1790888780.027 7.15 8.88
1790888780.531 7.15 8.88
1790888781.036 7.16 8.90
1790888781.540 7.16 8.90
1790888782.045 7.16 8.90
1790888782.549 7.16 8.90
1790888783.053 7.16 8.90
1790888783.558 7.16 8.90
1790888784.062 7.16 8.90
1790888784.566 7.16 8.90
1790888785.076 7.16 8.90
1790888785.581 7.16 8.90
1790888786.085 7.16 8.90
1790888786.589 7.16 8.90
1790888787.093 7.16 8.90
1790888787.597 7.16 8.90
1790888788.101 7.16 8.90
1790888788.606 7.15 8.89
1790888789.110 7.15 8.89
1790888789.614 7.15 8.89
1790888790.118 7.15 8.89
1790888790.622 7.14 8.87
1790888791.127 7.15 8.88
1790888791.631 7.15 8.88
1790888792.136 7.15 8.88
1790888792.640 7.15 8.88
1790888793.144 7.15 8.88
1790888793.648 7.13 8.87
1790888794.153 7.13 8.87
1790888794.657 7.13 8.87
1790888795.161 7.13 8.87
1790888795.665 7.13 8.87
1790888796.170 7.13 8.87
1790888796.674 7.13 8.87
1790888797.178 7.13 8.87
1790888797.683 7.13 8.87
1790888798.187 7.13 8.87
1790888798.691 7.15 8.88
1790888799.196 7.15 8.88
1790888799.700 7.15 8.88
1790888800.204 7.15 8.88
1790888800.709 7.15 8.88
1790888801.213 7.14 8.87
1790888801.718 7.14 8.87
1790888802.222 7.14 8.88
1790888802.726 7.14 8.88
1790888803.230 7.14 8.88
1790888803.735 7.15 8.89
1790888804.239 7.15 8.89
1790888804.743 7.15 8.89
1790888805.248 7.15 8.89
1790888805.752 7.15 8.89
1790888806.256 7.15 8.88
1790888806.761 7.15 8.88
1790888807.265 7.15 8.88
1790888807.769 7.15 8.88
1790888808.273 7.14 8.87
1790888808.777 7.14 8.87
1790888809.282 7.14 8.87
1790888809.786 7.14 8.87
1790888810.291 7.14 8.87
1790888810.795 7.14 8.87
1790888811.300 7.14 8.88
1790888811.804 7.14 8.88
1790888812.309 7.14 8.88
1790888812.813 7.14 8.88
1790888813.318 7.14 8.88
1790888813.822 7.14 8.88
1790888814.326 7.14 8.88
1790888814.831 7.14 8.88
1790888815.335 7.14 8.88
1790888815.839 7.14 8.88
1790888816.344 7.14 8.88
1790888816.848 7.15 8.88
1790888817.351 7.15 8.88
1790888817.855 7.15 8.88
1790888818.360 7.15 8.88
1790888818.864 7.16 8.90
1790888819.368 7.16 8.90
1790888819.872 7.16 8.90
1790888820.375 7.16 8.90
1790888820.880 7.15 8.88
1790888821.384 7.17 8.90
1790888821.889 7.17 8.90
1790888822.393 7.17 8.90
1790888822.897 7.17 8.90
1790888823.402 7.17 8.90
1790888823.906 7.18 8.91
1790888824.410 7.18 8.91
1790888824.914 7.18 8.91
1790888825.418 7.18 8.91
1790888825.922 7.18 8.91
1790888826.426 7.18 8.91
1790888826.930 7.18 8.91
1790888827.434 7.18 8.91
1790888827.939 7.18 8.91
1790888828.443 7.18 8.91
1790888828.947 7.19 8.93
1790888829.451 7.19 8.93
1790888829.955 7.19 8.93
1790888830.460 7.19 8.93
1790888830.964 7.19 8.93
1790888831.469 7.20 8.93
1790888831.974 7.20 8.93
1790888832.478 7.20 8.93
1790888832.982 7.20 8.93
1790888833.487 7.20 8.93
1790888833.992 7.20 8.93
1790888834.496 7.20 8.93
1790888835.000 7.20 8.93
1790888835.505 7.20 8.93
1790888836.009 7.20 8.93
1790888836.513 7.20 8.93
1790888837.017 7.20 8.93
1790888837.522 7.20 8.93
1790888838.025 7.20 8.93
1790888838.530 7.20 8.93
1790888839.034 7.20 8.94
1790888839.539 7.20 8.94
1790888840.043 7.20 8.94
1790888840.547 7.20 8.94
1790888841.051 7.20 8.93
1790888841.555 7.20 8.93
1790888842.060 7.20 8.93
1790888842.564 7.20 8.93
1790888843.068 7.20 8.93
1790888843.573 7.18 8.91
1790888844.077 7.18 8.91
1790888844.582 7.18 8.91
1790888845.086 7.18 8.92
1790888845.590 7.18 8.92
1790888846.094 7.18 8.92
1790888846.599 7.18 8.92
1790888847.103 7.18 8.92
1790888847.607 7.18 8.92
1790888848.112 7.18 8.92
1790888848.616 7.18 8.92
1790888849.120 7.18 8.92
1790888849.625 7.18 8.92
1790888850.129 7.18 8.92
1790888850.633 7.18 8.92
1790888851.137 7.16 8.90
1790888851.642 7.16 8.90
1790888852.146 7.16 8.90
1790888852.650 7.16 8.90
1790888853.154 7.17 8.90
1790888853.659 7.17 8.91
1790888854.163 7.17 8.91
1790888854.667 7.17 8.91
1790888855.171 7.17 8.91
1790888855.675 7.17 8.91
1790888856.179 7.17 8.91
1790888856.683 7.18 8.91
1790888857.187 7.18 8.91
1790888857.691 7.18 8.91
1790888858.195 7.18 8.91
1790888858.699 7.16 8.90
1790888859.203 7.16 8.90
1790888859.707 7.16 8.90
1790888860.211 7.16 8.90
1790888860.715 7.16 8.90
1790888861.219 7.15 8.89
1790888861.723 7.15 8.89
1790888862.227 7.15 8.89
1790888862.732 7.15 8.89
1790888863.236 7.15 8.89
1790888863.740 7.15 8.89
1790888864.244 7.15 8.89
1790888864.748 7.15 8.89
1790888865.252 7.15 8.89
1790888865.757 7.15 8.89
1790888866.261 7.15 8.89
1790888866.765 7.15 8.89
1790888867.269 7.16 8.89
1790888867.773 7.15 8.89
1790888868.278 7.14 8.88
1790888868.782 7.15 8.88
1790888869.286 7.15 8.88
1790888869.790 7.15 8.88
1790888870.294 7.15 8.88
1790888870.798 7.15 8.88
1790888871.302 7.15 8.88
1790888871.806 7.15 8.88
1790888872.311 7.15 8.88
1790888872.815 7.15 8.88
1790888873.319 7.15 8.88
1790888873.824 7.16 8.90
1790888874.328 7.16 8.90
1790888874.832 7.16 8.90
1790888875.336 7.16 8.90
1790888875.841 7.16 8.90
1790888876.345 7.16 8.90
1790888876.849 7.16 8.90
1790888877.353 7.16 8.90
1790888877.858 7.16 8.90
1790888878.362 7.16 8.89
1790888878.867 7.16 8.89
1790888879.371 7.16 8.89
1790888879.875 7.16 8.89
1790888880.380 7.16 8.90
1790888880.884 7.16 8.90
1790888881.388 7.15 8.89
1790888881.893 7.15 8.89
1790888882.397 7.15 8.89
1790888882.902 7.15 8.89
1790888883.406 7.15 8.89
1790888883.911 7.15 8.89
1790888884.415 7.15 8.89
1790888884.919 7.15 8.89
1790888885.423 7.15 8.89
1790888885.927 7.15 8.89
1790888886.431 7.15 8.89
1790888886.935 7.15 8.89
1790888887.439 7.15 8.89
1790888887.943 7.15 8.89
1790888888.447 7.15 8.89
1790888888.951 7.15 8.89
1790888889.455 7.16 8.89
1790888889.959 7.16 8.89
1790888890.463 7.16 8.89
1790888890.967 7.15 8.89
1790888891.472 7.14 8.88
1790888891.976 7.14 8.88
1790888892.481 7.14 8.88
1790888892.985 7.14 8.88
1790888893.489 7.14 8.88
1790888893.994 7.14 8.88
1790888894.499 7.14 8.88
1790888895.003 7.14 8.88
1790888895.507 7.14 8.88
1790888896.011 7.14 8.88
1790888896.515 7.14 8.88
1790888897.020 7.14 8.88
1790888897.524 7.14 8.88
1790888898.028 7.14 8.88
1790888898.532 7.14 8.88
1790888899.036 7.16 8.89
1790888899.540 7.16 8.89
1790888900.044 7.16 8.89
1790888900.548 7.16 8.90
1790888901.052 7.16 8.90
1790888901.556 7.14 8.88
1790888902.060 7.15 8.88
1790888902.564 7.15 8.88
1790888903.069 7.15 8.88
1790888903.573 7.13 8.87
1790888904.077 7.15 8.89
1790888904.581 7.15 8.89
1790888905.085 7.15 8.89
1790888905.589 7.15 8.89
1790888906.093 7.15 8.89
1790888906.597 7.15 8.89
1790888907.101 7.15 8.89
1790888907.605 7.15 8.89
1790888908.109 7.15 8.89
1790888908.613 7.15 8.89
1790888909.117 7.15 8.89
1790888909.621 7.15 8.89
1790888910.125 7.15 8.89
1790888910.629 7.15 8.89
1790888911.133 7.15 8.89
1790888911.637 7.14 8.87
1790888912.142 7.14 8.88
1790888912.646 7.14 8.88
1790888913.151 7.14 8.88
1790888913.655 7.15 8.88
1790888914.159 7.15 8.88
1790888914.663 7.15 8.88
1790888915.167 7.15 8.88
1790888915.672 7.15 8.88
1790888916.176 7.15 8.88
1790888916.680 7.15 8.88
1790888917.184 7.15 8.88
1790888917.688 7.15 8.88
1790888918.193 7.15 8.88
1790888918.697 7.15 8.89
1790888919.201 7.15 8.89
1790888919.705 7.15 8.89
1790888920.209 7.15 8.89
1790888920.713 7.16 8.89
1790888921.217 7.16 8.89
1790888921.722 7.16 8.89
1790888922.226 7.16 8.90
1790888922.730 7.16 8.90
1790888923.235 7.16 8.90
1790888923.739 7.17 8.90
1790888924.243 7.17 8.90
1790888924.748 7.17 8.90
1790888925.252 7.17 8.90
1790888925.756 7.17 8.90
1790888926.260 7.17 8.90
1790888926.764 7.17 8.90
1790888927.268 7.17 8.90
1790888927.772 7.17 8.90
1790888928.277 7.17 8.90
1790888928.781 7.18 8.92
1790888929.285 7.18 8.92
1790888929.790 7.18 8.92
1790888930.294 7.18 8.92
1790888930.798 7.18 8.92
1790888931.302 7.18 8.92
1790888931.806 7.17 8.91
1790888932.311 7.19 8.92
1790888932.815 7.19 8.92
1790888933.320 7.18 8.92
1790888933.824 7.20 8.93
1790888934.328 7.20 8.93
1790888934.832 7.20 8.93
1790888935.336 7.20 8.93
1790888935.841 7.20 8.93
1790888936.344 7.20 8.93
1790888936.848 7.20 8.93
1790888937.353 7.20 8.93
1790888937.857 7.20 8.93
1790888938.361 7.18 8.92
1790888938.865 7.18 8.92
1790888939.369 7.18 8.92
1790888939.873 7.18 8.92
1790888940.378 7.18 8.92
1790888940.882 7.18 8.92
1790888941.386 7.18 8.92
1790888941.890 7.18 8.92
1790888942.394 7.18 8.92
1790888942.899 7.18 8.92
1790888943.403 7.17 8.90
1790888943.907 7.18 8.91
1790888944.411 7.18 8.91
1790888944.915 7.18 8.92
1790888945.419 7.18 8.92
1790888945.924 7.18 8.92
1790888946.428 7.18 8.92
1790888946.932 7.18 8.92
1790888947.436 7.18 8.92
1790888947.941 7.18 8.92
1790888948.445 7.19 8.92
1790888948.949 7.19 8.92
1790888949.454 7.18 8.92
1790888949.958 7.18 8.92
1790888950.462 7.19 8.92
1790888950.967 7.18 8.92
1790888951.471 7.18 8.92
1790888951.975 7.17 8.90
1790888952.480 7.17 8.90
1790888952.984 7.17 8.90
1790888953.489 7.17 8.90
1790888953.993 7.17 8.90
1790888954.498 7.17 8.90
1790888955.002 7.17 8.90
1790888955.506 7.17 8.90
1790888956.010 7.17 8.90
1790888956.514 7.17 8.90
1790888957.018 7.17 8.90
1790888957.522 7.17 8.90
1790888958.027 7.17 8.90
1790888958.531 7.15 8.89
1790888959.035 7.17 8.91
1790888959.539 7.17 8.91
1790888960.043 7.17 8.91
1790888960.548 7.17 8.91
1790888961.052 7.17 8.91
1790888961.556 7.17 8.91
1790888962.060 7.17 8.91
1790888962.565 7.17 8.91
1790888963.069 7.17 8.91
1790888963.573 7.16 8.90
1790888964.078 7.17 8.90
1790888964.582 7.17 8.90
1790888965.086 7.17 8.90
1790888965.590 7.17 8.90
1790888966.094 7.17 8.90
1790888966.598 7.17 8.90
1790888967.103 7.17 8.90
1790888967.607 7.17 8.90
1790888968.111 7.17 8.90
1790888968.615 7.17 8.90
1790888969.119 7.17 8.91
1790888969.623 7.17 8.91
1790888970.128 7.17 8.91
1790888970.632 7.17 8.91
1790888971.136 7.17 8.91
1790888971.640 7.17 8.91
1790888972.144 7.18 8.91
1790888972.648 7.19 8.92
1790888973.153 7.19 8.92
1790888973.657 7.17 8.91
1790888974.161 7.17 8.91
1790888974.666 7.17 8.91
1790888975.170 7.17 8.91
1790888975.674 7.17 8.91
1790888976.179 7.17 8.91
1790888976.683 7.17 8.91
1790888977.187 7.17 8.91
1790888977.691 7.17 8.91
1790888978.196 7.17 8.91
1790888978.700 7.16 8.90
1790888979.204 7.16 8.90
1790888979.709 7.16 8.90
1790888980.213 7.16 8.90
1790888980.718 7.16 8.90
1790888981.222 7.17 8.90
1790888981.726 7.17 8.90
1790888982.230 7.18 8.92
1790888982.735 7.20 8.93
1790888983.240 7.20 8.93
1790888983.744 7.20 8.94
1790888984.249 7.20 8.94
1790888984.753 7.20 8.94
1790888985.257 7.20 8.94
1790888985.761 7.20 8.94
1790888986.266 7.20 8.94
1790888986.770 7.20 8.94
1790888987.283 7.20 8.94
1790888987.787 7.20 8.94
1790888988.292 7.18 8.92
1790888988.796 7.19 8.93
1790888989.300 7.19 8.93
1790888989.805 7.19 8.93
1790888990.309 7.19 8.93
1790888990.813 7.19 8.93
1790888991.318 7.19 8.93
1790888991.822 7.19 8.93
1790888992.326 7.20 8.94
1790888992.831 7.20 8.94
1790888993.335 7.18 8.92
1790888993.840 7.20 8.94
1790888994.344 7.20 8.94
1790888994.848 7.20 8.94
1790888995.353 7.20 8.94
1790888995.857 7.20 8.94
1790888996.361 7.20 8.94
1790888996.865 7.20 8.94
1790888997.369 7.20 8.94
1790888997.873 7.20 8.94
1790888998.377 7.20 8.94
1790888998.881 7.22 8.96
1790888999.385 7.22 8.96
1790888999.890 7.22 8.96
1790889000.394 7.22 8.96
1790889000.898 7.22 8.96
1790889001.402 7.22 8.96
1790889001.906 7.22 8.96
1790889002.411 7.22 8.96
1790889002.915 7.22 8.96
1790889003.420 7.22 8.96
1790889003.924 7.24 8.97
1790889004.429 7.24 8.97
1790889004.933 7.24 8.97
1790889005.438 7.24 8.97
1790889005.942 7.24 8.98
1790889006.446 7.24 8.98
1790889006.950 7.24 8.97
1790889007.454 7.24 8.97
1790889007.959 7.24 8.97
1790889008.463 7.22 8.96
1790889008.967 7.24 8.98
1790889009.472 7.24 8.98
1790889009.976 7.24 8.98
1790889010.480 7.24 8.97
1790889010.985 7.24 8.97
1790889011.489 7.24 8.97
1790889011.994 7.24 8.97
1790889012.498 7.25 8.99
1790889013.003 7.25 8.99
1790889013.507 7.24 8.97
1790889014.012 7.24 8.97
1790889014.516 7.24 8.97
1790889015.020 7.24 8.97
1790889015.524 7.24 8.97
1790889016.029 7.24 8.97
1790889016.533 7.24 8.97
1790889017.037 7.24 8.97
1790889017.541 7.24 8.97
1790889018.045 7.24 8.97
1790889018.549 7.22 8.96
1790889019.054 7.23 8.97
1790889019.558 7.23 8.97
1790889020.062 7.23 8.97
1790889020.566 7.23 8.97
1790889021.071 7.23 8.97
1790889021.575 7.23 8.97
1790889022.079 7.24 8.97
1790889022.583 7.25 8.99
1790889023.088 7.25 8.99
1790889023.592 7.23 8.97
1790889024.097 7.23 8.97
1790889024.602 7.23 8.97
1790889025.106 7.23 8.97
1790889025.610 7.23 8.97
1790889026.114 7.23 8.97
1790889026.618 7.23 8.97
1790889027.122 7.23 8.97
1790889027.626 7.23 8.97
1790889028.130 7.23 8.97
1790889028.635 7.24 8.97
1790889029.139 7.24 8.97
1790889029.643 7.24 8.97
1790889030.148 7.24 8.97
1790889030.652 7.24 8.97
1790889031.156 7.24 8.97
1790889031.660 7.24 8.97
1790889032.165 7.24 8.97
1790889032.669 7.22 8.96
1790889033.173 7.22 8.96
1790889033.678 7.21 8.95
1790889034.182 7.21 8.95
1790889034.686 7.21 8.94
1790889035.190 7.15 8.89
1790889035.694 7.15 8.89
1790889036.199 7.19 8.93
1790889036.703 7.19 8.93
1790889037.207 7.19 8.93
1790889037.711 7.20 8.93
1790889038.215 7.20 8.93
1790889038.719 7.18 8.92
1790889039.223 7.18 8.92
1790889039.728 7.18 8.92
1790889040.232 7.18 8.92
1790889040.736 7.18 8.92
1790889041.240 7.18 8.92
1790889041.744 7.18 8.92
1790889042.249 7.18 8.92
1790889042.753 7.21 8.95
1790889043.258 7.21 8.95
1790889043.762 7.23 8.96
1790889044.266 7.23 8.96
1790889044.771 7.23 8.96
1790889045.275 7.23 8.96
1790889045.780 7.23 8.96
1790889046.284 7.23 8.96
1790889046.788 7.23 8.96
1790889047.292 7.23 8.96
1790889047.796 7.23 8.97
1790889048.300 7.23 8.97
1790889048.805 7.23 8.97
1790889049.309 7.23 8.97
1790889049.813 7.23 8.97
1790889050.317 7.23 8.97
1790889050.822 7.23 8.97
1790889051.326 7.23 8.97
1790889051.830 7.23 8.97
1790889052.334 7.23 8.97
1790889052.838 7.25 8.98
1790889053.343 7.25 8.98
1790889053.847 7.25 8.98
1790889054.352 7.25 8.98
1790889054.856 7.25 8.98
1790889055.360 7.24 8.98
1790889055.865 7.24 8.98
1790889056.369 7.24 8.98
1790889056.874 7.24 8.98
1790889057.378 7.24 8.98
1790889057.882 7.24 8.98
1790889058.386 7.24 8.98
1790889058.891 7.25 8.99
1790889059.395 7.25 8.99
1790889059.899 7.25 8.99
1790889060.403 7.25 8.99
1790889060.908 7.25 8.99
1790889061.412 7.25 8.99
1790889061.916 7.25 8.99
1790889062.421 7.25 8.99
1790889062.925 7.27 9.00
1790889063.430 7.27 9.00
1790889063.934 7.27 9.01
1790889064.438 7.27 9.01
1790889064.943 7.27 9.01
1790889065.447 7.28 9.01
1790889065.951 7.27 9.01
1790889066.456 7.27 9.01
1790889066.960 7.27 9.01
1790889067.464 7.27 9.01
1790889067.968 7.27 9.01
1790889068.473 7.27 9.00
1790889068.977 7.28 9.02
1790889069.482 7.28 9.02
1790889069.986 7.28 9.02
1790889070.490 7.28 9.02
1790889070.994 7.28 9.02
1790889071.499 7.28 9.02
1790889072.003 7.28 9.02
1790889072.507 7.28 9.02
1790889073.012 7.30 9.04
1790889073.516 7.29 9.03
1790889074.021 7.31 9.04
1790889074.526 7.31 9.05
1790889075.030 7.31 9.04
1790889075.534 7.31 9.04
1790889076.038 7.31 9.04
1790889076.543 7.31 9.04
1790889077.047 7.31 9.04
1790889077.551 7.31 9.04
1790889078.055 7.31 9.04
1790889078.560 7.31 9.04
1790889079.064 7.31 9.05
1790889079.568 7.31 9.05
1790889080.073 7.31 9.05
1790889080.577 7.31 9.05
1790889081.082 7.31 9.05
1790889081.586 7.32 9.05
1790889082.091 7.31 9.05
1790889082.595 7.31 9.05
1790889083.100 7.32 9.05
1790889083.604 7.33 9.07
1790889084.109 7.33 9.07
1790889084.613 7.33 9.07
1790889085.117 7.33 9.07
1790889085.622 7.33 9.07
1790889086.126 7.33 9.07
1790889086.630 7.33 9.07
1790889087.134 7.33 9.07
1790889087.639 7.33 9.07
1790889088.143 7.33 9.07
1790889088.647 7.31 9.05
1790889089.152 7.31 9.05
1790889089.656 7.31 9.05
1790889090.160 7.31 9.05
1790889090.665 7.31 9.05
1790889091.169 7.31 9.05
1790889091.673 7.31 9.05
1790889092.178 7.31 9.05
1790889092.682 7.31 9.05
1790889093.186 7.32 9.06
1790889093.691 7.30 9.04
1790889094.196 7.30 9.04
1790889094.700 7.30 9.04
1790889095.204 7.30 9.04
1790889095.708 7.30 9.04
1790889096.212 7.30 9.04
1790889096.717 7.30 9.04
1790889097.221 7.30 9.04
1790889097.725 7.30 9.04
1790889098.230 7.30 9.04
1790889098.734 7.30 9.04
1790889099.238 7.30 9.04
1790889099.742 7.30 9.04
1790889100.247 7.30 9.04
1790889100.751 7.30 9.04
1790889101.255 7.30 9.04
1790889101.759 7.30 9.04
1790889102.263 7.30 9.04
1790889102.767 7.30 9.04
1790889103.271 7.30 9.04
1790889103.775 7.30 9.04
1790889104.279 7.30 9.04
1790889104.784 7.30 9.04
1790889105.288 7.30 9.04
1790889105.792 7.30 9.04
1790889106.296 7.30 9.04
1790889106.801 7.30 9.04
1790889107.305 7.30 9.04
1790889107.809 7.30 9.04
1790889108.313 7.29 9.03
1790889108.817 7.30 9.03
1790889109.322 7.30 9.03
1790889109.826 7.30 9.03
1790889110.330 7.30 9.03
1790889110.834 7.30 9.03
1790889111.338 7.30 9.03
1790889111.842 7.30 9.04
1790889112.346 7.30 9.04
1790889112.850 7.30 9.04
1790889113.354 7.29 9.03
1790889113.858 7.31 9.04
1790889114.363 7.31 9.04
1790889114.867 7.31 9.04
1790889115.371 7.31 9.04
1790889115.875 7.31 9.04
1790889116.380 7.31 9.04
1790889116.884 7.31 9.04
1790889117.388 7.31 9.04
1790889117.892 7.31 9.04
1790889118.396 7.29 9.03
1790889118.900 7.30 9.04
1790889119.405 7.30 9.04
1790889119.909 7.30 9.04
1790889120.413 7.30 9.04
1790889120.918 7.30 9.04
1790889121.422 7.30 9.04
1790889121.926 7.30 9.04
1790889122.430 7.30 9.04
1790889122.935 7.30 9.04
1790889123.439 7.29 9.03
1790889123.944 7.32 9.05
1790889124.448 7.32 9.05
1790889124.953 7.32 9.05
1790889125.457 7.32 9.05
1790889125.962 7.32 9.05
1790889126.466 7.32 9.05
1790889126.970 7.32 9.05
1790889127.474 7.32 9.05
1790889127.978 7.32 9.05
1790889128.483 7.30 9.03
1790889128.987 7.30 9.04
1790889129.492 7.30 9.04
1790889129.996 7.30 9.03
1790889130.500 7.30 9.03
1790889131.005 7.29 9.03
1790889131.509 7.29 9.03
1790889132.014 7.29 9.03
1790889132.518 7.29 9.03
1790889133.022 7.29 9.03
1790889133.527 7.31 9.05
1790889134.032 7.31 9.05
1790889134.536 7.31 9.05
1790889135.041 7.31 9.05
1790889135.545 7.31 9.05
1790889136.049 7.31 9.05
1790889136.554 7.31 9.05
1790889137.058 7.31 9.05
1790889137.562 7.31 9.05
1790889138.066 7.31 9.05
1790889138.571 7.31 9.04
1790889139.076 7.31 9.04
1790889139.580 7.31 9.04
1790889140.084 7.31 9.04
1790889140.589 7.31 9.04
1790889141.093 7.31 9.04
1790889141.597 7.31 9.04
1790889142.101 7.31 9.04
1790889142.605 7.31 9.04
1790889143.110 7.31 9.04
1790889143.614 7.28 9.02
1790889144.119 7.28 9.02
1790889144.623 7.28 9.02
1790889145.128 7.28 9.02
1790889145.632 7.28 9.02
1790889146.136 7.28 9.02
1790889146.641 7.28 9.02
1790889147.145 7.28 9.02
1790889147.649 7.28 9.02
1790889148.153 7.28 9.02
1790889148.658 7.30 9.04
1790889149.162 7.30 9.04
1790889149.667 7.30 9.04
1790889150.171 7.30 9.04
1790889150.675 7.30 9.04
1790889151.180 7.30 9.04
1790889151.684 7.30 9.04
1790889152.188 7.30 9.04
1790889152.692 7.30 9.04
1790889153.197 7.30 9.04
1790889153.701 7.32 9.05
1790889154.206 7.32 9.05
1790889154.710 7.32 9.06
1790889155.215 7.32 9.06
1790889155.719 7.32 9.06
1790889156.223 7.32 9.06
1790889156.728 7.32 9.06
1790889157.232 7.32 9.06
1790889157.736 7.32 9.06
1790889158.240 7.32 9.06
1790889158.745 7.32 9.06
1790889159.249 7.32 9.06
1790889159.754 7.32 9.06
1790889160.258 7.32 9.06
1790889160.762 7.32 9.06
1790889161.266 7.32 9.06
1790889161.770 7.32 9.06
1790889162.275 7.32 9.06
1790889162.779 7.32 9.06
1790889163.283 7.31 9.04
1790889163.788 7.31 9.05
1790889164.292 7.31 9.05
1790889164.796 7.31 9.05
1790889165.301 7.32 9.05
1790889165.805 7.32 9.05
1790889166.309 7.32 9.05
1790889166.814 7.32 9.05
1790889167.318 7.32 9.05
1790889167.822 7.32 9.05
1790889168.326 7.30 9.04
1790889168.831 7.31 9.05
1790889169.335 7.31 9.05
1790889169.839 7.31 9.05
1790889170.343 7.31 9.05
1790889170.847 7.31 9.05
1790889171.351 7.31 9.05
1790889171.855 7.32 9.05
1790889172.359 7.32 9.05
1790889172.863 7.32 9.05
1790889173.367 7.30 9.04
1790889173.871 7.28 9.02
1790889174.376 7.28 9.02
1790889174.880 7.28 9.02
1790889175.384 7.28 9.02
1790889175.888 7.29 9.02
1790889176.392 7.29 9.02
1790889176.896 7.29 9.02
1790889177.400 7.29 9.02
1790889177.904 7.29 9.02
1790889178.409 7.27 9.01
1790889178.913 7.29 9.02
1790889179.417 7.29 9.02
1790889179.922 7.29 9.02
1790889180.426 7.29 9.02
1790889180.930 7.29 9.02
1790889181.434 7.29 9.02
1790889181.938 7.29 9.02
1790889182.442 7.29 9.02
1790889182.946 7.29 9.02
1790889183.450 7.27 9.01
1790889183.954 7.30 9.04
1790889184.458 7.30 9.04
1790889184.963 7.30 9.04
1790889185.467 7.30 9.04
1790889185.971 7.30 9.04
1790889186.475 7.31 9.04
1790889186.979 7.31 9.05
1790889187.483 7.31 9.05
1790889187.987 7.31 9.05
1790889188.492 7.29 9.03
1790889188.996 7.31 9.04
1790889189.500 7.31 9.04
1790889190.005 7.31 9.04
1790889190.509 7.31 9.04
1790889191.013 7.30 9.04
1790889191.518 7.30 9.04
1790889192.022 7.30 9.04
1790889192.526 7.30 9.04
1790889193.031 7.30 9.04
1790889193.535 7.30 9.03
1790889194.039 7.29 9.02
1790889194.544 7.29 9.02
1790889195.049 7.29 9.02
1790889195.553 7.29 9.02
1790889196.057 7.29 9.02
1790889196.561 7.29 9.02
1790889197.065 7.29 9.02
1790889197.572 7.29 9.02
1790889198.077 7.29 9.02
1790889198.581 7.27 9.01
1790889199.085 7.29 9.03
1790889199.589 7.29 9.03
1790889200.094 7.29 9.03
1790889200.598 7.29 9.03
1790889201.102 7.29 9.03
1790889201.607 7.29 9.03
1790889202.111 7.29 9.03
1790889202.615 7.29 9.03
1790889203.119 7.29 9.03
1790889203.623 7.30 9.04
1790889204.128 7.31 9.05
1790889204.633 7.31 9.05
1790889205.137 7.31 9.05
1790889205.641 7.31 9.05
1790889206.146 7.31 9.05
1790889206.650 7.31 9.05
1790889207.154 7.31 9.05
1790889207.658 7.31 9.05
1790889208.163 7.31 9.05
1790889208.667 7.31 9.05
1790889209.171 7.31 9.05
1790889209.676 7.31 9.05
1790889210.180 7.31 9.04
1790889210.684 7.31 9.04
1790889211.188 7.31 9.05
1790889211.692 7.31 9.05
1790889212.196 7.31 9.05
1790889212.701 7.31 9.05
1790889213.205 7.31 9.05
1790889213.709 7.31 9.05
1790889214.213 7.33 9.07
1790889214.718 7.33 9.07
1790889215.223 7.33 9.07
1790889215.727 7.33 9.07
1790889216.231 7.33 9.07
1790889216.736 7.33 9.07
1790889217.240 7.33 9.07
1790889217.744 7.33 9.07
1790889218.248 7.33 9.07
1790889218.753 7.31 9.05
1790889219.257 7.31 9.05
1790889219.762 7.31 9.05
1790889220.266 7.31 9.05
1790889220.770 7.31 9.05
1790889221.274 7.31 9.05
1790889221.778 7.31 9.05
1790889222.283 7.31 9.05
1790889222.787 7.31 9.05
1790889223.291 7.30 9.03
1790889223.795 7.30 9.03
1790889224.300 7.30 9.04
1790889224.804 7.30 9.04
1790889225.309 7.30 9.04
1790889225.813 7.30 9.04
1790889226.317 7.30 9.04
1790889226.822 7.30 9.04
1790889227.326 7.30 9.04
1790889227.830 7.30 9.04
1790889228.335 7.30 9.04
1790889228.839 7.31 9.05
1790889229.344 7.31 9.05
1790889229.848 7.31 9.05
1790889230.353 7.31 9.05
1790889230.857 7.31 9.05
1790889231.361 7.32 9.05
1790889231.866 7.32 9.05
1790889232.370 7.32 9.05
1790889232.874 7.32 9.05
1790889233.379 7.30 9.04
1790889233.883 7.30 9.04
1790889234.388 7.30 9.04
1790889234.893 7.30 9.04
1790889235.397 7.30 9.04
1790889235.902 7.30 9.04
1790889236.406 7.30 9.04
1790889236.910 7.30 9.04
1790889237.414 7.30 9.04
1790889237.919 7.30 9.04
1790889238.423 7.30 9.03
1790889238.928 7.30 9.04
1790889239.432 7.30 9.04
1790889239.936 7.30 9.04
1790889240.441 7.30 9.04
1790889240.945 7.30 9.04
1790889241.449 7.31 9.04
1790889241.954 7.31 9.04
1790889242.458 7.31 9.05
1790889242.962 7.31 9.05
1790889243.466 7.31 9.04
1790889243.971 7.33 9.06
1790889244.475 7.32 9.06
1790889244.980 7.32 9.06
1790889245.484 7.32 9.06
1790889245.989 7.32 9.06
1790889246.493 7.32 9.06
1790889246.997 7.32 9.06
1790889247.502 7.32 9.06
1790889248.006 7.32 9.06
1790889248.510 7.32 9.06
1790889249.015 7.34 9.07
1790889249.520 7.34 9.07
1790889250.024 7.33 9.07
1790889250.528 7.33 9.07
1790889251.033 7.33 9.07
1790889251.537 7.33 9.07
1790889252.042 7.33 9.07
1790889252.546 7.33 9.07
1790889253.050 7.33 9.07
1790889253.554 7.32 9.06
1790889254.059 7.32 9.06
1790889254.563 7.33 9.07
1790889255.068 7.33 9.07
1790889255.572 7.33 9.07
1790889256.077 7.33 9.07
1790889256.581 7.33 9.07
1790889257.085 7.33 9.07
1790889257.590 7.33 9.07
1790889258.094 7.33 9.07
1790889258.598 7.31 9.05
1790889259.103 7.31 9.05
1790889259.607 7.31 9.05
1790889260.111 7.31 9.05
1790889260.616 7.31 9.05
1790889261.120 7.32 9.05
1790889261.624 7.32 9.05
1790889262.128 7.31 9.05
1790889262.632 7.31 9.05
1790889263.136 7.31 9.05
1790889263.640 7.30 9.04
1790889264.144 7.30 9.04
1790889264.648 7.29 9.03
1790889265.153 7.29 9.03
1790889265.657 7.29 9.03
1790889266.161 7.29 9.03
1790889266.665 7.29 9.03
1790889267.169 7.29 9.03
1790889267.673 7.29 9.03
1790889268.177 7.29 9.03
1790889268.681 7.29 9.03
1790889269.185 7.29 9.03
1790889269.689 7.29 9.03
1790889270.194 7.28 9.02
1790889270.698 7.28 9.02
1790889271.202 7.28 9.02
1790889271.706 7.28 9.02
1790889272.209 7.29 9.02
1790889272.713 7.29 9.02
1790889273.218 7.29 9.02
1790889273.722 7.28 9.02
1790889274.226 7.28 9.02
1790889274.730 7.27 9.01
1790889275.234 7.27 9.01
1790889275.738 7.27 9.01
1790889276.242 7.27 9.01
1790889276.747 7.27 9.01
1790889277.251 7.27 9.01
1790889277.755 7.27 9.01
1790889278.260 7.27 9.01
1790889278.764 7.29 9.03
1790889279.268 7.29 9.03
1790889279.772 7.29 9.03
1790889280.277 7.29 9.03
1790889280.781 7.29 9.03
1790889281.285 7.29 9.03
1790889281.790 7.29 9.02
1790889282.294 7.29 9.02
1790889282.799 7.29 9.02
1790889283.303 7.28 9.02
1790889283.807 7.28 9.02
1790889284.312 7.28 9.02
1790889284.816 7.26 9.00
1790889285.321 7.26 9.00
1790889285.825 7.26 9.00
1790889286.330 7.26 9.00
1790889286.834 7.26 9.00
1790889287.338 7.26 9.00
1790889287.842 7.26 9.00
1790889288.347 7.25 8.98
1790889288.851 7.25 8.99
1790889289.356 7.25 8.99
1790889289.860 7.25 8.99
1790889290.364 7.25 8.99
1790889290.868 7.25 8.99
1790889291.373 7.25 8.99
1790889291.877 7.25 8.99
1790889292.381 7.25 8.99
1790889292.885 7.25 8.99
1790889293.389 7.25 8.99
1790889293.894 7.26 9.00
1790889294.398 7.26 9.00
1790889294.903 7.29 9.03
1790889295.408 7.29 9.03
1790889295.912 7.29 9.03
1790889296.416 7.29 9.03
1790889296.921 7.29 9.03
1790889297.425 7.29 9.03
1790889297.929 7.29 9.03
1790889298.434 7.28 9.01
1790889298.938 7.28 9.01
1790889299.443 7.28 9.01
1790889299.947 7.28 9.01
1790889300.451 7.28 9.01
1790889300.956 7.28 9.01
1790889301.460 7.28 9.01
1790889301.964 7.28 9.01
1790889302.468 7.28 9.01
1790889302.972 7.28 9.01
1790889303.477 7.26 9.00
1790889303.981 7.28 9.02
1790889304.486 7.28 9.02
1790889304.990 7.29 9.02
1790889305.495 7.29 9.02
1790889306.000 7.29 9.02
1790889306.504 7.29 9.02
1790889307.008 7.29 9.02
1790889307.513 7.29 9.02
1790889308.017 7.29 9.02
1790889308.521 7.28 9.02
1790889309.026 7.30 9.03
1790889309.530 7.30 9.03
1790889310.034 7.30 9.03
1790889310.539 7.30 9.03
1790889311.043 7.29 9.03
1790889311.547 7.29 9.03
1790889312.052 7.29 9.03
1790889312.556 7.29 9.03
1790889313.060 7.29 9.03
1790889313.564 7.28 9.02
1790889314.068 7.29 9.03
1790889314.573 7.29 9.03
1790889315.078 7.30 9.04
1790889315.582 7.30 9.04
1790889316.086 7.30 9.04
1790889316.591 7.30 9.04
1790889317.095 7.30 9.04
1790889317.599 7.30 9.04
1790889318.104 7.30 9.04
1790889318.608 7.30 9.04
1790889319.112 7.30 9.04
1790889319.616 7.30 9.04
1790889320.120 7.30 9.04
1790889320.624 7.30 9.04
1790889321.128 7.30 9.04
1790889321.632 7.30 9.04
1790889322.136 7.30 9.04
1790889322.640 7.30 9.04
1790889323.145 9.29 11.03
1790889323.650 9.42 11.15
1790889324.154 9.53 11.27
1790889324.659 66.15 67.89
1790889325.166 115.67 117.39
1790889325.671 115.66 117.39
1790889326.176 115.67 117.40
1790889326.681 115.67 117.40
1790889327.187 115.67 117.40
1790889327.691 115.67 117.40
1790889328.197 115.67 117.40
1790889328.702 115.66 117.39
1790889329.207 115.66 117.39
1790889329.713 115.66 117.39
1790889330.218 115.66 117.39
1790889330.723 115.66 117.39
1790889331.229 115.66 117.39
1790889331.735 115.66 117.39
1790889332.239 115.66 117.39
1790889332.745 115.66 117.39
1790889333.269 117.95 117.45
1790889333.786 117.93 117.45
1790889334.293 117.93 117.45
1790889334.799 117.93 117.45
1790889335.305 117.91 117.45
1790889335.811 117.91 117.45
1790889336.316 117.85 117.45
1790889336.821 117.73 117.40
1790889337.326 117.73 117.40
1790889337.832 117.78 117.45
1790889338.338 117.76 117.44
1790889338.843 117.77 117.44
1790889339.349 117.77 117.44
1790889339.854 117.77 117.44
1790889340.360 117.77 117.44
1790889340.865 117.77 117.44
1790889341.371 117.77 117.44
1790889341.877 117.77 117.44
1790889342.383 117.77 117.44
1790889342.888 117.77 117.44
1790889343.393 117.75 117.43
1790889343.899 117.77 117.44
1790889344.404 117.77 117.44
1790889344.910 117.77 117.44
1790889345.416 117.75 117.42
1790889345.922 117.75 117.42
1790889346.426 117.72 117.42
1790889346.932 117.63 117.42
1790889347.437 117.62 117.43
1790889347.943 117.37 117.32
1790889348.447 117.17 117.21
1790889348.952 117.14 117.21
1790889349.457 117.10 117.18
1790889349.963 116.81 116.93
1790889350.469 116.25 116.40
1790889350.974 115.60 115.75
1790889351.480 115.12 115.27
1790889351.984 114.75 114.90
1790889352.490 114.56 114.72
1790889352.995 113.56 114.09
1790889353.500 113.14 113.32
1790889354.005 112.88 113.09
1790889354.510 112.61 112.85
1790889355.015 112.36 112.62
1790889355.520 110.55 110.82
1790889356.026 110.16 110.47
1790889356.531 109.75 110.08
1790889357.036 111.14 111.48
1790889357.541 110.96 111.32
1790889358.046 110.75 111.13
1790889358.551 110.47 110.87
1790889359.057 108.68 109.09
1790889359.562 108.65 109.09
1790889360.067 108.63 109.09
1790889360.572 108.61 109.09
1790889361.078 108.59 109.09
1790889361.583 107.70 108.22
1790889362.088 107.30 107.84
1790889362.593 107.84 108.40
1790889363.098 107.65 108.23
1790889363.604 107.40 108.00
1790889364.109 107.15 107.76
1790889364.615 105.30 105.94
1790889365.120 105.14 105.79
1790889365.625 105.12 105.78
1790889366.130 105.10 105.78
1790889366.635 105.07 105.78
1790889367.140 104.99 105.72
1790889367.645 104.60 105.35
1790889368.150 104.24 105.02
1790889368.655 104.95 105.74
1790889369.161 104.77 105.58
1790889369.665 104.59 105.41
1790889370.170 104.41 105.25
1790889370.675 102.73 103.59
1790889371.180 102.70 103.59
1790889371.685 102.68 103.59
1790889372.190 102.65 103.59
1790889372.696 102.53 103.49
1790889373.202 102.22 103.19
1790889373.708 101.79 102.80
1790889374.213 102.47 103.49
1790889374.717 102.30 103.33
1790889375.222 102.09 103.14
1790889375.727 101.88 102.95
1790889376.232 100.24 101.32
1790889376.736 100.21 101.32
1790889377.241 100.19 101.32
1790889377.746 100.16 101.32
1790889378.252 99.35 100.52
1790889378.757 100.10 101.30
1790889379.263 99.94 101.17
1790889379.768 99.95 101.19
1790889380.272 99.75 101.01
1790889380.777 99.59 100.86
1790889381.282 99.41 100.70
1790889381.787 97.77 99.07
1790889382.292 97.74 99.07
1790889382.797 97.72 99.07
1790889383.301 97.70 99.07
1790889383.807 97.66 99.06
1790889384.312 97.28 98.71
1790889384.818 96.87 98.32
1790889385.322 96.87 98.34
1790889385.827 96.68 98.16
1790889386.333 96.48 97.98
1790889386.838 96.26 97.77
1790889387.343 94.56 96.09
1790889387.848 94.53 96.09
1790889388.353 94.51 96.09
1790889388.858 94.48 96.09
1790889389.363 94.43 96.06
1790889389.868 94.02 95.67
1790889390.373 93.07 94.75
1790889390.878 93.67 95.36
1790889391.383 93.45 95.15
1790889391.888 93.21 94.93
1790889392.393 93.02 94.76
1790889392.899 91.45 93.21
1790889393.403 91.42 93.20
1790889393.909 91.40 93.20
1790889394.414 91.37 93.20
1790889394.919 91.17 93.02
1790889395.424 90.74 92.62
1790889395.930 89.60 91.49
1790889396.435 90.98 92.89
1790889396.940 90.78 92.71
1790889397.445 90.59 92.53
1790889397.950 90.37 92.33
1790889398.456 88.87 90.83
1790889398.961 88.77 90.76
1790889399.466 88.74 90.76
1790889399.972 88.72 90.76
1790889400.477 88.70 90.76
1790889400.982 88.25 90.33
1790889401.488 87.84 89.95
1790889401.993 88.37 90.49
1790889402.498 88.19 90.33
1790889403.002 87.99 90.14
1790889403.508 87.76 89.94
1790889404.013 87.53 89.72
1790889404.518 85.93 88.14
1790889405.023 85.91 88.14
1790889405.528 85.86 88.12
1790889406.033 85.84 88.12
1790889406.539 85.69 87.99
1790889407.045 85.28 87.61
1790889407.550 85.75 88.10
1790889408.055 85.60 87.97
1790889408.560 85.41 87.79
1790889409.066 85.24 87.64
1790889409.572 85.06 87.47
1790889410.076 83.42 85.85
1790889410.581 83.39 85.85
1790889411.086 83.36 85.85
1790889411.591 83.34 85.85
1790889412.097 83.30 85.83
1790889412.601 82.91 85.46
1790889413.106 82.51 85.08
1790889413.611 82.48 85.07
1790889414.116 82.30 84.90
1790889414.621 82.13 84.75
1790889415.127 81.98 84.62
1790889415.632 80.34 82.99
1790889416.136 80.31 82.99
1790889416.642 80.29 82.99
1790889417.146 80.27 82.99
1790889417.652 80.25 82.99
1790889418.157 79.90 82.66
1790889418.663 79.48 82.27
1790889419.168 79.98 82.79
1790889419.673 79.77 82.59
1790889420.177 79.58 82.41
1790889420.683 79.44 82.29
1790889421.188 77.87 80.74
1790889421.692 77.85 80.74
1790889422.197 77.83 80.74
1790889422.702 77.80 80.74
1790889423.208 76.98 79.94
1790889423.713 77.37 80.35
1790889424.219 76.98 80.00
1790889424.723 76.98 80.00
1790889425.229 76.83 79.87
1790889425.734 76.63 79.69
1790889426.239 76.44 79.52
1790889426.744 74.85 77.94
1790889427.249 74.83 77.94
1790889427.755 74.80 77.94
1790889428.260 74.78 77.94
1790889428.765 74.53 77.71
1790889429.271 74.14 77.34
1790889429.777 73.74 76.97
1790889430.282 74.14 77.39
1790889430.787 73.91 77.17
1790889431.293 73.67 76.95
1790889431.797 73.45 76.75
1790889432.303 71.84 75.14
1790889432.807 71.81 75.14
1790889433.312 71.77 75.13
1790889433.817 71.75 75.13
1790889434.324 71.73 75.13
1790889434.830 70.92 74.35
1790889435.335 70.53 73.98
1790889435.840 70.95 74.42
1790889436.345 70.80 74.29
1790889436.850 70.60 74.10
1790889437.355 70.39 73.91
1790889437.860 68.64 72.24
1790889438.365 68.54 72.09
1790889438.869 68.51 72.09
1790889439.374 68.49 72.10
1790889439.879 68.47 72.10
1790889440.385 68.34 71.99
1790889440.890 67.94 71.62
1790889441.395 68.40 72.09
1790889441.900 68.23 71.94
1790889442.405 68.09 71.81
1790889442.911 67.93 71.67
1790889443.416 66.44 70.19
1790889443.921 66.37 70.15
1790889444.426 66.35 70.15
1790889444.932 66.33 70.16
1790889445.436 66.31 70.16
1790889445.942 65.69 69.56
1790889446.447 65.30 69.19
1790889446.953 65.60 69.51
1790889447.457 65.46 69.39
1790889447.962 65.27 69.22
1790889448.467 65.07 69.04
1790889448.973 63.50 67.47
1790889449.478 63.40 67.40
1790889449.983 63.38 67.40
1790889450.488 63.36 67.40
1790889450.994 63.33 67.40
1790889451.500 63.06 67.14
1790889452.005 62.70 66.81
1790889452.511 62.36 66.49
1790889453.015 62.83 66.98
1790889453.520 62.66 66.82
1790889454.026 62.47 66.65
1790889454.530 62.32 66.51
1790889455.035 60.76 64.97
1790889455.541 60.73 64.97
1790889456.045 60.67 64.95
1790889456.550 60.64 64.94
1790889457.056 60.82 65.15
1790889457.561 60.57 64.93
1790889458.065 60.42 64.79
1790889458.570 60.23 64.63
1790889459.076 60.02 64.44
1790889459.581 59.08 63.53
1790889460.086 59.05 63.53
1790889460.590 59.02 63.53
1790889461.096 58.91 63.45
1790889461.602 58.55 63.12
1790889462.107 58.25 62.84
1790889462.613 58.13 62.75
1790889463.118 58.03 62.68
1790889463.623 56.94 61.61
1790889464.127 56.91 61.61
1790889464.632 56.88 61.61
1790889465.137 56.85 61.61
1790889465.643 56.28 61.08
1790889466.148 56.37 61.19
1790889466.652 56.26 61.10
1790889467.157 56.13 60.99
1790889467.662 55.84 60.72
1790889468.167 55.05 59.95
1790889468.672 55.00 59.94
1790889469.177 54.98 59.94
1790889469.683 54.79 59.78
1790889470.189 54.43 59.46
1790889470.694 54.72 59.77
1790889471.199 54.64 59.71
1790889471.704 54.53 59.63
1790889472.209 53.53 58.65
1790889472.714 53.50 58.65
1790889473.219 53.47 58.65
1790889473.724 53.44 58.65
1790889474.230 53.15 58.39
1790889474.735 53.23 58.50
1790889475.240 53.16 58.44
1790889475.745 53.00 58.31
1790889476.252 51.91 57.24
1790889476.757 51.84 57.18
1790889477.262 51.82 57.19
1790889477.767 51.72 57.11
1790889478.272 51.56 56.97
1790889478.777 50.89 56.33
1790889479.283 50.57 56.02
1790889479.788 50.17 55.65
1790889480.293 50.65 56.13
1790889480.799 50.47 55.98
1790889481.304 50.29 55.82
1790889481.809 50.14 55.68
1790889482.313 48.63 54.19
1790889482.819 48.61 54.19
1790889483.324 48.57 54.17
1790889483.829 48.54 54.17
1790889484.334 48.14 53.79
1790889484.839 47.74 53.42
1790889485.344 47.38 53.08
1790889485.849 48.04 53.76
1790889486.355 47.84 53.57
1790889486.860 47.62 53.37
1790889487.365 47.39 53.16
1790889487.870 45.83 51.62
1790889488.376 45.79 51.60
1790889488.881 45.76 51.60
1790889489.386 46.56 52.42
1790889489.891 45.06 50.94
1790889490.396 44.68 50.58
1790889490.902 44.33 50.26
1790889491.408 45.67 51.61
1790889491.913 45.50 51.46
1790889492.418 45.33 51.31
1790889492.923 45.14 51.14
1790889493.428 43.50 49.51
1790889493.932 43.48 49.51
1790889494.437 43.45 49.51
1790889494.942 43.43 49.51
1790889495.448 43.12 49.23
1790889495.953 42.73 48.86
1790889496.458 43.35 49.50
1790889496.962 43.19 49.35
1790889497.467 43.00 49.18
1790889497.972 42.80 49.00
1790889498.478 41.55 47.76
1790889498.983 41.12 47.35
1790889499.488 41.09 47.35
1790889499.993 41.07 47.35
1790889500.498 41.05 47.35
1790889501.004 40.72 47.05
1790889501.510 40.33 46.69
1790889502.015 40.34 46.71
1790889502.520 40.21 46.60
1790889503.025 40.02 46.43
1790889503.530 39.82 46.25
1790889504.035 38.23 44.68
1790889504.540 38.17 44.63
1790889505.045 38.14 44.63
1790889505.550 38.12 44.63
1790889506.055 38.09 44.63
1790889506.560 37.64 44.19
1790889507.066 37.24 43.81
1790889507.571 37.72 44.32
1790889508.076 37.52 44.14
1790889508.581 37.27 43.90
1790889509.086 37.09 43.74
1790889509.591 35.40 42.07
1790889510.096 35.38 42.07
1790889510.601 35.35 42.07
1790889511.106 35.33 42.07
1790889511.611 35.31 42.07
1790889512.117 34.44 41.23
1790889512.622 34.04 40.85
1790889513.127 34.01 40.84
1790889513.632 33.86 40.71
1790889514.137 33.70 40.57
1790889514.642 33.48 40.37
1790889515.147 31.99 38.89
1790889515.652 31.97 38.89
1790889516.157 31.94 38.89
1790889516.661 31.90 38.87
1790889517.166 31.88 38.87
1790889517.670 31.47 38.48
1790889518.176 31.18 38.21
1790889518.680 31.31 38.36
1790889519.185 31.20 38.27
1790889519.690 31.07 38.15
1790889520.195 30.90 38.00
1790889520.701 29.46 36.57
1790889521.206 29.44 36.58
1790889521.711 29.42 36.58
1790889522.216 29.40 36.58
1790889522.721 29.38 36.58
1790889523.227 28.85 36.07
1790889523.732 28.44 35.68
1790889524.237 28.40 35.66
1790889524.742 28.36 35.64
1790889525.248 28.20 35.50
1790889525.753 28.02 35.34
1790889526.258 27.81 35.14
1790889526.763 26.36 33.70
1790889527.268 26.33 33.70
1790889527.773 26.30 33.70
1790889528.279 26.28 33.70
1790889528.784 26.12 33.56
1790889529.290 25.74 33.20
1790889529.795 25.35 32.83
1790889530.300 26.07 33.58
1790889530.806 25.90 33.42
1790889531.311 25.69 33.23
1790889531.815 25.53 33.08
1790889532.321 24.06 31.63
1790889532.826 24.04 31.63
1790889533.332 24.00 31.62
1790889533.837 23.98 31.62
1790889534.342 23.96 31.62
1790889534.848 23.45 31.12
1790889535.353 23.04 30.75
1790889535.858 23.35 31.07
1790889536.363 23.22 30.96
1790889536.868 23.05 30.80
1790889537.372 22.92 30.69
1790889537.877 21.36 29.14
1790889538.382 21.33 29.14
1790889538.887 21.31 29.14
1790889539.392 21.29 29.15
1790889539.898 21.01 28.89
1790889540.404 20.64 28.55
1790889540.909 20.24 28.17
1790889541.414 20.73 28.68
1790889541.920 20.54 28.51
1790889542.424 20.35 28.34
1790889542.929 20.23 28.23
1790889543.435 18.71 26.72
1790889543.940 18.68 26.72
1790889544.446 18.65 26.72
1790889544.951 18.63 26.72
1790889545.456 18.53 26.64
1790889545.961 18.19 26.32
1790889546.466 17.80 25.95
1790889546.972 18.23 26.40
1790889547.478 18.05 26.24
1790889547.982 17.87 26.07
1790889548.487 17.64 25.86
1790889548.993 16.21 24.45
1790889549.498 16.19 24.45
1790889550.003 16.17 24.45
1790889550.508 16.15 24.45
1790889551.013 16.13 24.45
1790889551.518 15.50 23.83
1790889552.023 15.10 23.46
1790889552.528 15.39 23.78
1790889553.033 15.29 23.69
1790889553.537 15.13 23.55
1790889554.042 14.96 23.40
1790889554.547 13.40 21.85
1790889555.052 13.32 21.80
1790889555.558 13.30 21.80
1790889556.063 13.28 21.80
1790889556.568 13.25 21.79
1790889557.073 12.67 21.24
1790889557.579 12.26 20.85
1790889558.084 12.19 20.80
1790889558.588 12.02 20.65
1790889559.093 11.87 20.51
1790889559.598 11.76 20.42
1790889560.104 11.30 19.97
1790889560.609 10.14 18.84
1790889561.115 11.38 20.10
1790889561.620 11.24 19.98
1790889562.125 11.08 19.84
1790889562.630 9.72 18.51
1790889563.136 9.33 18.14
1790889563.641 10.45 19.27
1790889564.146 10.26 19.11
1790889564.651 10.07 18.93
1790889565.156 9.88 18.76
1790889565.661 9.66 18.56
1790889566.166 8.23 17.14
1790889566.670 8.19 17.12
1790889567.175 8.17 17.12
1790889567.681 8.15 17.12
1790889568.186 8.12 17.12
1790889568.692 7.60 16.62
1790889569.197 7.21 16.26
1790889569.702 7.56 16.62
1790889570.208 7.37 16.45
1790889570.713 7.19 16.29
1790889571.218 7.06 16.17
1790889571.724 4.97 14.09
1790889572.229 6.51 15.69
1790889572.734 6.23 16.03
1790889573.240 6.74 16.05
1790889573.745 6.10 16.04
1790889574.250 6.56 16.05
1790889574.755 5.94 16.04
1790889575.261 6.40 16.05
1790889575.766 6.82 16.05
1790889576.272 6.18 16.04
1790889576.777 6.67 16.04
1790889577.282 6.01 16.03
1790889577.787 6.49 16.04
1790889578.292 5.83 16.01
1790889578.797 6.31 16.02
1790889579.303 6.78 16.02
1790889579.807 6.15 16.02
1790889580.313 6.64 16.02
1790889580.819 6.02 16.01
1790889581.324 6.52 16.02
1790889581.830 5.88 16.01
1790889582.336 6.34 16.02
1790889582.841 6.84 16.03
1790889583.346 6.19 15.99
1790889583.852 6.66 16.01
1790889584.358 6.01 16.00
1790889584.864 6.52 16.00
1790889585.369 5.89 16.00
1790889585.875 6.37 16.01
1790889586.380 6.83 16.02
1790889586.885 6.20 16.00
1790889587.391 6.69 16.01
1790889587.896 6.07 15.99
1790889588.401 6.51 15.98
1790889588.907 5.88 15.98
1790889589.413 6.36 15.99
1790889589.919 6.69 15.99
1790889590.424 6.23 15.98
1790889590.930 6.71 15.99
1790889591.435 6.06 15.98
1790889591.941 6.52 15.98
1790889592.447 5.90 15.98
1790889592.953 6.37 16.00
1790889593.458 6.20 15.98
1790889593.963 6.26 15.99
1790889594.469 6.73 16.01
1790889594.974 6.10 16.00
1790889595.480 6.56 16.00
1790889595.985 6.07 16.14
1790889596.491 6.89 16.49
1790889596.996 6.83 16.47
1790889597.502 6.76 16.50
1790889598.007 7.23 16.52
1790889598.512 6.59 16.51
1790889599.019 7.07 16.51
1790889599.524 6.43 16.51
1790889600.030 6.93 16.51
1790889600.536 7.23 16.51
1790889601.041 6.75 16.51
1790889601.547 7.19 16.51
1790889602.052 6.58 16.51
1790889602.557 7.07 16.51
1790889603.062 6.43 16.51
1790889603.568 6.89 16.50
1790889604.073 6.41 16.43
1790889604.579 6.79 16.53
1790889605.084 7.26 16.55
1790889605.590 6.63 16.54
1790889606.095 7.10 16.54
1790889606.600 6.48 16.53
1790889607.105 6.93 16.52
1790889607.611 6.32 16.50
1790889608.116 6.79 16.53
1790889608.622 7.29 16.55
1790889609.127 6.67 16.54
1790889609.633 7.14 16.54
1790889610.138 6.48 16.53
1790889610.643 7.00 16.54
1790889611.148 6.38 16.52
1790889611.653 6.81 16.54
1790889612.158 7.29 16.54
1790889612.663 6.68 16.54
1790889613.169 7.10 16.54
1790889613.674 6.47 16.52
1790889614.180 6.93 16.53
1790889614.685 7.41 16.55
1790889615.190 6.81 16.60
1790889615.696 7.33 16.61
1790889616.201 6.66 16.59
1790889616.707 7.18 16.60
1790889617.212 6.50 16.58
1790889617.717 6.99 16.59
1790889618.223 7.45 16.59
1790889618.728 6.79 16.57
1790889619.234 7.26 16.58
1790889619.740 6.63 16.57
1790889620.245 7.10 16.58
1790889620.750 6.50 16.62
1790889621.256 7.01 16.63
1790889621.761 7.49 16.64
1790889622.266 6.81 16.62
1790889622.772 7.32 16.64
1790889623.277 6.67 16.63
1790889623.783 7.15 16.64
1790889624.288 6.51 16.63
1790889624.794 6.97 16.64
1790889625.299 7.46 16.65
1790889625.805 6.87 16.69
1790889626.310 7.32 16.70
1790889626.816 6.69 16.69
1790889627.322 7.16 16.68
1790889627.828 6.51 16.67
1790889628.333 7.00 16.68
1790889628.838 7.50 16.70
1790889629.344 6.84 16.69
1790889629.849 7.31 16.69
1790889630.355 6.70 16.69
1790889630.860 7.15 16.70
1790889631.366 6.53 16.70
1790889631.872 7.00 16.71
1790889632.377 7.45 16.71
1790889632.883 6.83 16.70
1790889633.388 7.37 16.69
1790889633.894 6.75 16.68
1790889634.399 7.22 16.69
1790889634.905 6.59 16.69
1790889635.411 7.07 16.70
1790889635.916 7.45 16.73
1790889636.422 6.96 16.71
1790889636.927 7.43 16.73
1790889637.433 6.78 16.72
1790889637.939 7.30 16.73
1790889638.444 6.59 16.66
1790889638.950 7.06 16.69
1790889639.455 7.18 16.69
1790889639.961 6.92 16.68
1790889640.467 7.40 16.70
1790889640.972 6.76 16.69
1790889641.478 7.24 16.69
1790889641.983 6.62 16.68
1790889642.489 7.11 16.69
1790889642.994 6.54 16.73
1790889643.499 7.01 16.75
1790889644.004 7.48 16.76
1790889644.509 6.82 16.75
1790889645.015 7.31 16.75
1790889645.521 6.66 16.75
1790889646.026 7.14 16.76
1790889646.531 7.26 16.77
1790889647.037 7.04 16.82
1790889647.543 7.52 16.83
1790889648.048 6.88 16.82
1790889648.553 7.31 16.82
1790889649.059 6.70 16.82
1790889649.564 7.56 17.24
1790889650.069 8.06 17.25
1790889650.574 7.38 17.25
1790889651.079 7.84 17.25
1790889651.585 7.18 17.24
1790889652.090 7.62 17.25
1790889652.595 8.13 17.26
1790889653.101 7.49 17.18
1790889653.605 7.91 17.10
1790889654.110 7.69 16.89
1790889654.615 6.71 15.94
1790889655.120 6.81 16.05
1790889655.626 6.61 15.86
1790889656.131 5.84 15.12
1790889656.636 5.83 15.11
1790889657.142 5.62 14.93
1790889657.647 5.58 14.91
1790889658.152 5.37 14.70
1790889658.658 4.67 14.02
1790889659.163 4.66 14.02
1790889659.669 4.22 13.60
1790889660.174 4.02 13.42
1790889660.680 3.28 12.72
1790889661.185 3.40 13.26
1790889661.690 2.78 13.25
1790889662.195 3.36 13.40
1790889662.700 3.82 13.40
1790889663.205 3.16 13.39
1790889663.710 3.63 13.38
1790889664.215 3.30 12.71
1790889664.721 3.10 12.53
1790889665.226 3.06 12.51
1790889665.732 3.02 12.50
1790889666.237 2.98 12.48
1790889666.742 2.91 12.43
1790889667.248 2.82 12.34
1790889667.753 2.78 12.30
1790889668.258 2.73 12.25
1790889668.764 2.69 12.29
1790889669.269 2.31 12.29
1790889669.774 2.01 12.29
1790889670.280 1.55 11.94
1790889670.786 1.54 11.63
1790889671.294 1.28 10.51
1790889671.800 1.51 10.29
1790889672.305 1.45 10.24
1790889672.811 1.31 10.11
1790889673.316 1.30 10.09
1790889673.821 1.30 10.09
1790889674.326 1.30 10.09
1790889674.831 1.26 10.06
1790889675.337 1.26 10.06
1790889675.843 1.26 10.06
1790889676.349 1.26 10.06
1790889676.855 1.26 10.06
1790889677.361 1.26 10.05
1790889677.866 1.25 10.04
1790889678.372 1.24 10.04
1790889678.878 1.23 10.03
1790889679.384 1.24 10.03
1790889679.890 1.24 10.03
1790889680.395 1.23 10.03
1790889680.901 1.23 10.03
1790889681.408 1.23 10.03
1790889681.914 1.23 10.03
1790889682.420 1.23 10.03
1790889682.926 1.23 10.03
1790889683.431 1.21 10.01
1790889683.937 1.18 9.98
1790889684.442 1.03 9.83
1790889684.948 1.03 9.83
1790889685.454 1.12 9.92
1790889685.959 1.10 9.90
1790889686.465 1.10 9.90
1790889686.970 1.09 9.89
1790889687.476 1.09 9.89
1790889687.982 1.07 9.87
1790889688.488 1.05 9.85
1790889688.994 1.05 9.85
1790889689.501 1.05 9.85
1790889690.006 1.05 9.85
1790889690.512 1.05 9.85
1790889691.018 1.05 9.85
1790889691.524 1.05 9.85
1790889692.030 1.05 9.85
1790889692.536 1.05 9.85
1790889693.042 1.04 9.85
1790889693.547 1.04 9.85
1790889694.053 1.05 9.85
1790889694.558 1.00 9.80
1790889695.063 0.99 9.79
1790889695.568 0.99 9.79
1790889696.072 0.99 9.79
1790889696.577 0.99 9.79
1790889697.082 0.99 9.79
1790889697.586 0.99 9.79
1790889698.091 0.96 9.77
1790889698.596 0.95 9.75
1790889699.100 0.95 9.75
1790889699.604 0.95 9.75
1790889700.109 0.95 9.75
1790889700.614 0.95 9.75
1790889701.118 0.95 9.75
1790889701.623 0.95 9.75
1790889702.127 0.95 9.75
1790889702.632 0.95 9.75
1790889703.137 0.95 9.75
1790889703.642 0.94 9.74
1790889704.146 0.94 9.74
1790889704.650 0.94 9.74
1790889705.155 0.94 9.74
1790889705.660 0.94 9.74
1790889706.164 0.94 9.74
1790889706.669 0.94 9.74
1790889707.174 0.94 9.74
1790889707.678 0.94 9.74
1790889708.183 0.91 9.72
1790889708.688 0.89 9.70
1790889709.193 0.89 9.70
1790889709.698 0.89 9.70
1790889710.203 0.89 9.70
1790889710.708 0.89 9.70
1790889711.212 0.89 9.70
1790889711.717 0.89 9.70
1790889712.221 0.89 9.70
1790889712.725 0.89 9.70
1790889713.230 0.89 9.70
1790889713.735 0.88 9.69
1790889714.239 0.88 9.69
1790889714.744 0.88 9.69
1790889715.249 0.88 9.69
1790889715.753 0.88 9.69
1790889716.257 0.88 9.69
1790889716.762 0.88 9.69
1790889717.267 0.88 9.69
1790889717.771 0.88 9.69
1790889718.276 0.86 9.67
1790889718.781 0.86 9.67
1790889719.286 0.86 9.67
1790889719.790 0.86 9.67
1790889720.295 0.86 9.67
1790889720.799 0.86 9.67
1790889721.304 0.86 9.67
1790889721.809 0.86 9.67
1790889722.313 0.86 9.67
1790889722.818 0.86 9.67
1790889723.322 0.86 9.67
1790889723.827 0.86 9.67
1790889724.332 0.86 9.67
1790889724.837 0.86 9.67
1790889725.341 0.86 9.67
1790889725.846 0.86 9.67
1790889726.350 0.86 9.67
1790889726.855 0.86 9.67
1790889727.359 0.86 9.67
1790889727.864 0.86 9.67
1790889728.369 0.84 9.65
1790889728.873 0.84 9.65
1790889729.378 0.84 9.65
1790889729.883 0.84 9.65
1790889730.387 0.84 9.65
1790889730.891 0.84 9.65
1790889731.396 0.84 9.65
1790889731.900 0.84 9.65
1790889732.404 0.84 9.65
1790889732.908 0.84 9.65
1790889733.413 0.84 9.65
1790889733.918 0.85 9.66
1790889734.423 0.85 9.66
1790889734.927 0.85 9.66
1790889735.431 0.85 9.66
1790889735.936 0.85 9.66
1790889736.440 0.85 9.66
1790889736.945 0.85 9.66
1790889737.449 0.85 9.66
1790889737.954 0.85 9.66
1790889738.459 0.86 9.66
1790889738.964 0.87 9.68
1790889739.468 0.87 9.68
1790889739.973 0.87 9.68
1790889740.477 0.87 9.68
1790889740.982 0.87 9.68
1790889741.486 0.87 9.68
1790889741.990 0.87 9.68
1790889742.495 0.87 9.68
1790889743.000 0.87 9.68
1790889743.504 0.87 9.68
1790889744.009 0.87 9.68
1790889744.513 0.87 9.68
1790889745.017 0.87 9.68
1790889745.521 0.87 9.68
1790889746.026 0.87 9.68
1790889746.531 0.87 9.68
1790889747.035 0.87 9.68
1790889747.539 0.87 9.68
1790889748.043 0.87 9.68
1790889748.548 0.87 9.67
1790889749.053 0.86 9.67
1790889749.557 0.86 9.67
1790889750.062 0.86 9.67
1790889750.567 0.86 9.67
1790889751.071 0.86 9.67
1790889751.575 0.86 9.67
1790889752.080 0.86 9.67
1790889752.584 0.86 9.67
1790889753.089 0.86 9.67
1790889753.593 0.84 9.65
1790889754.098 0.84 9.65
1790889754.602 0.84 9.65
1790889755.107 0.84 9.65
1790889755.612 0.84 9.65
1790889756.116 0.84 9.65
1790889756.621 0.84 9.65
1790889757.126 0.84 9.65
1790889757.631 0.84 9.65
1790889758.135 0.84 9.65
1790889758.639 0.84 9.65
1790889759.144 0.84 9.65
1790889759.648 0.84 9.65
1790889760.153 0.84 9.65
1790889760.657 0.84 9.65
1790889761.161 0.84 9.65
1790889761.665 0.84 9.65
1790889762.170 0.84 9.65
1790889762.674 0.84 9.65
1790889763.178 0.84 9.65
1790889763.682 0.84 9.65
1790889764.186 0.86 9.67
1790889764.691 0.86 9.67
1790889765.195 0.86 9.67
1790889765.699 0.86 9.67
1790889766.204 0.86 9.67
1790889766.709 0.86 9.67
1790889767.213 0.86 9.67
1790889767.717 0.86 9.67
1790889768.221 0.86 9.67
1790889768.726 0.86 9.67
1790889769.230 0.86 9.67
1790889769.735 0.86 9.67
1790889770.239 0.86 9.67
1790889770.744 0.86 9.66
1790889771.248 0.86 9.66
1790889771.753 0.86 9.66
1790889772.257 0.85 9.66
1790889772.761 0.85 9.66
1790889773.266 0.85 9.66
1790889773.770 0.85 9.66
1790889774.274 0.85 9.66
1790889774.779 0.85 9.66
1790889775.283 0.85 9.66
1790889775.788 0.85 9.66
1790889776.292 0.85 9.66
1790889776.797 0.85 9.66
1790889777.301 0.85 9.66
1790889777.806 0.85 9.66
1790889778.309 0.84 9.65
1790889778.814 0.86 9.67
1790889779.319 0.86 9.67
1790889779.824 0.86 9.67
1790889780.328 0.86 9.67
1790889780.833 0.86 9.67
1790889781.338 0.86 9.67
1790889781.842 0.86 9.67
1790889782.347 0.86 9.67
1790889782.851 0.86 9.67
1790889783.356 0.85 9.66
1790889783.861 0.86 9.67
1790889784.366 0.87 9.68
1790889784.870 0.87 9.68
1790889785.375 0.87 9.68
1790889785.880 0.87 9.68
1790889786.384 0.86 9.67
1790889786.889 0.86 9.67
1790889787.393 0.86 9.67
1790889787.898 0.86 9.67
1790889788.402 0.86 9.67
1790889788.907 0.85 9.66
1790889789.412 0.85 9.66
1790889789.917 0.85 9.66
1790889790.421 0.85 9.66
1790889790.925 0.85 9.66
1790889791.430 0.85 9.66
1790889791.934 0.85 9.66
1790889792.438 0.85 9.66
1790889792.943 0.85 9.66
1790889793.448 0.85 9.66
1790889793.952 0.86 9.67
1790889794.457 0.86 9.67
1790889794.962 0.86 9.67
1790889795.466 0.86 9.67
1790889795.970 0.86 9.67
1790889796.475 0.86 9.67
1790889796.980 0.86 9.67
1790889797.484 0.86 9.67
1790889797.989 0.86 9.67
1790889798.493 0.84 9.65
1790889798.998 0.85 9.66
1790889799.502 0.85 9.66
1790889800.007 0.85 9.66
1790889800.512 0.85 9.66
1790889801.017 0.85 9.66
1790889801.522 0.85 9.66
1790889802.027 0.85 9.66
1790889802.532 0.85 9.66
1790889803.036 0.85 9.66
1790889803.541 0.84 9.65
1790889804.046 0.85 9.66
1790889804.551 0.85 9.66
1790889805.056 0.85 9.66
1790889805.561 0.85 9.66
1790889806.065 0.86 9.67
1790889806.570 0.86 9.67
1790889807.075 0.86 9.67
1790889807.579 0.86 9.67
1790889808.084 0.86 9.67
1790889808.589 0.86 9.67
1790889809.094 0.87 9.68
1790889809.599 0.87 9.68
1790889810.104 0.87 9.68
1790889810.608 0.87 9.68
1790889811.113 0.87 9.68
1790889811.618 0.87 9.68
1790889812.123 0.87 9.68
1790889812.628 0.87 9.68
1790889813.132 0.87 9.68
1790889813.637 0.85 9.66
1790889814.141 0.87 9.68
1790889814.646 0.87 9.68
1790889815.151 0.87 9.68
1790889815.656 0.87 9.68
1790889816.160 0.87 9.68
1790889816.665 0.87 9.68
1790889817.169 0.87 9.68
1790889817.674 0.87 9.68
1790889818.179 0.87 9.68
1790889818.684 0.85 9.66
1790889819.189 0.85 9.66
1790889819.693 0.85 9.66
1790889820.198 0.85 9.66
1790889820.703 0.85 9.66
1790889821.207 0.85 9.66
1790889821.712 0.85 9.66
1790889822.216 0.85 9.66
1790889822.721 0.85 9.66
1790889823.225 0.85 9.66
1790889823.730 0.86 9.67
1790889824.234 0.86 9.67
1790889824.739 0.86 9.67
1790889825.243 0.86 9.67
1790889825.748 0.86 9.67
1790889826.252 0.86 9.67
1790889826.757 0.86 9.67
1790889827.261 0.86 9.67
1790889827.766 0.86 9.67
1790889828.270 0.86 9.67
1790889828.774 0.85 9.66
1790889829.279 0.85 9.66
1790889829.783 0.85 9.66
1790889830.287 0.85 9.66
1790889830.792 0.85 9.66
1790889831.297 0.85 9.66
1790889831.802 0.85 9.66
1790889832.307 0.85 9.66
1790889832.812 0.85 9.66
1790889833.316 0.84 9.65
1790889833.821 0.86 9.67
1790889834.325 0.86 9.67
1790889834.830 0.86 9.67
1790889835.335 0.86 9.67
1790889835.839 0.86 9.67
1790889836.344 0.86 9.67
1790889836.849 0.86 9.67
1790889837.353 0.86 9.67
1790889837.857 0.86 9.67
1790889838.362 0.84 9.65
1790889838.866 0.87 9.68
1790889839.372 0.87 9.68
1790889839.876 0.87 9.68
1790889840.381 0.87 9.68
1790889840.886 0.87 9.68
1790889841.390 0.87 9.68
1790889841.895 0.87 9.68
1790889842.400 0.87 9.68
1790889842.904 0.87 9.68
1790889843.408 0.86 9.67
1790889843.913 0.87 9.68
1790889844.418 0.87 9.68
1790889844.922 0.87 9.68
1790889845.427 0.87 9.68
1790889845.932 0.87 9.68
1790889846.436 0.87 9.68
1790889846.941 0.87 9.68
1790889847.446 0.86 9.67
1790889847.950 0.86 9.67
1790889848.454 0.85 9.66
1790889848.959 0.86 9.67
1790889849.463 0.86 9.67
1790889849.968 0.86 9.67
1790889850.473 0.86 9.67
1790889850.977 0.86 9.67
1790889851.482 0.85 9.66
1790889851.986 0.85 9.66
1790889852.492 0.85 9.66
1790889852.997 0.85 9.66
1790889853.501 0.84 9.65
1790889854.006 0.85 9.66
1790889854.511 0.85 9.66
1790889855.015 0.85 9.66
1790889855.520 0.85 9.66
1790889856.024 0.85 9.66
1790889856.529 0.85 9.66
1790889857.033 0.85 9.66
1790889857.538 0.85 9.66
1790889858.042 0.85 9.66
1790889858.546 0.84 9.65
1790889859.050 0.86 9.67
1790889859.554 0.86 9.67
1790889860.059 0.86 9.67
1790889860.563 0.86 9.67
1790889861.068 0.86 9.67
1790889861.572 0.86 9.67
1790889862.077 0.86 9.67
1790889862.581 0.86 9.67
1790889863.086 0.86 9.67
1790889863.590 0.85 9.66
1790889864.095 0.85 9.66
1790889864.600 0.85 9.66
1790889865.105 0.85 9.66
1790889865.609 0.85 9.66
1790889866.114 0.85 9.66
1790889866.618 0.85 9.66
1790889867.123 0.85 9.66
1790889867.628 0.85 9.66
1790889868.133 0.85 9.66
1790889868.637 0.84 9.65
1790889869.142 0.86 9.67
1790889869.647 0.86 9.67
1790889870.152 0.86 9.67
1790889870.657 0.86 9.67
1790889871.161 0.86 9.67
1790889871.665 0.86 9.67
1790889872.170 0.86 9.67
1790889872.675 0.86 9.67
1790889873.180 0.86 9.67
1790889873.686 0.84 9.65
1790889874.191 0.85 9.66
1790889874.696 0.85 9.66
1790889875.201 0.85 9.66
1790889875.705 0.85 9.66
1790889876.209 0.85 9.66
1790889876.714 0.85 9.66
1790889877.219 0.85 9.66
1790889877.723 0.85 9.66
1790889878.228 0.85 9.66
1790889878.732 0.85 9.66
1790889879.236 0.84 9.65
1790889879.740 0.84 9.65
1790889880.245 0.84 9.65
1790889880.750 0.84 9.65
1790889881.254 0.84 9.65
1790889881.758 0.84 9.65
1790889882.263 0.84 9.65
1790889882.767 0.84 9.65
1790889883.272 0.84 9.65
1790889883.776 0.85 9.66
1790889884.281 0.85 9.66
1790889884.785 0.85 9.66
1790889885.290 0.85 9.66
1790889885.795 0.85 9.66
1790889886.300 0.85 9.66
1790889886.804 0.85 9.66
1790889887.309 0.85 9.66
1790889887.814 0.85 9.66
1790889888.318 0.84 9.65
1790889888.823 0.85 9.66
1790889889.328 0.85 9.66
1790889889.832 0.85 9.66
1790889890.337 0.85 9.66
1790889890.841 0.85 9.66
1790889891.346 0.85 9.67
1790889891.850 0.85 9.66
1790889892.355 0.85 9.66
1790889892.860 0.86 9.67
1790889893.364 0.86 9.67
1790889893.869 0.87 9.68
1790889894.373 0.87 9.68
1790889894.878 0.87 9.68
1790889895.383 0.87 9.68
1790889895.887 0.87 9.68
1790889896.391 0.87 9.68
1790889896.896 0.87 9.68
1790889897.401 0.87 9.68
1790889897.906 0.87 9.68
1790889898.411 0.86 9.67
1790889898.916 0.88 9.69
1790889899.420 0.90 9.71
1790889899.925 0.90 9.71
1790889900.430 0.90 9.71
1790889900.935 0.90 9.71
1790889901.440 0.90 9.71
1790889901.944 0.90 9.71
1790889902.449 0.90 9.71
1790889902.953 0.90 9.71
1790889903.458 0.89 9.70
1790889903.962 0.89 9.70
1790889904.467 0.89 9.70
1790889904.971 0.89 9.70
1790889905.476 0.89 9.70
1790889905.981 0.89 9.70
1790889906.486 0.89 9.70
1790889906.991 0.89 9.70
1790889907.496 0.89 9.70
1790889908.000 0.89 9.70
1790889908.505 0.87 9.68
1790889909.010 0.87 9.68
1790889909.515 0.87 9.68
1790889910.020 0.87 9.68
1790889910.524 0.87 9.68
1790889911.028 0.87 9.68
1790889911.534 0.87 9.68
1790889912.039 0.87 9.68
1790889912.543 0.87 9.68
1790889913.048 0.87 9.68
1790889913.553 0.87 9.68
1790889914.058 0.88 9.69
1790889914.563 0.88 9.69
1790889915.067 0.88 9.69
1790889915.572 0.88 9.69
1790889916.077 0.88 9.69
1790889916.581 0.88 9.69
1790889917.086 0.88 9.69
1790889917.591 0.88 9.69
1790889918.095 0.88 9.69
1790889918.600 0.86 9.67
1790889919.105 0.88 9.69
1790889919.610 0.89 9.70
1790889920.115 0.89 9.70
1790889920.620 0.89 9.70
1790889921.124 0.89 9.70
1790889921.628 0.89 9.70
1790889922.133 0.89 9.70
1790889922.637 0.89 9.70
1790889923.142 0.89 9.70
1790889923.647 0.88 9.69
1790889924.151 0.89 9.70
1790889924.656 0.89 9.70
1790889925.161 0.89 9.70
1790889925.665 0.89 9.70
1790889926.170 0.89 9.70
1790889926.674 0.89 9.70
1790889927.179 0.89 9.70
1790889927.683 0.89 9.70
1790889928.188 0.89 9.70
1790889928.693 0.88 9.69
1790889929.198 0.89 9.70
1790889929.703 0.90 9.71
1790889930.208 0.90 9.71
1790889930.712 0.90 9.71
1790889931.217 0.90 9.71
1790889931.722 0.90 9.71
1790889932.226 0.90 9.71
1790889932.731 0.90 9.71
1790889933.235 0.90 9.71
1790889933.740 0.88 9.69
1790889934.245 0.88 9.69
1790889934.749 0.88 9.69
1790889935.254 0.88 9.69
1790889935.759 0.88 9.69
1790889936.263 0.88 9.69
1790889936.768 0.88 9.69
1790889937.272 0.88 9.70
1790889937.776 0.88 9.70
1790889938.281 0.88 9.69
1790889938.785 0.90 9.71
1790889939.290 0.90 9.71
1790889939.794 0.91 9.72
1790889940.298 0.88 9.72
1790889940.803 0.81 9.68
1790889941.307 0.82 9.69
1790889941.812 0.87 9.74
1790889942.317 0.87 9.74
1790889942.822 0.87 9.74
1790889943.327 0.86 9.73
1790889943.831 0.87 9.74
1790889944.336 0.88 9.76
1790889944.841 0.88 9.76
1790889945.345 0.88 9.75
1790889945.850 0.88 9.75
1790889946.355 0.88 9.75
1790889946.859 0.88 9.75
1790889947.363 0.87 9.75
1790889947.880 9.93 9.79
1790889948.400 9.98 9.81
1790889948.915 9.99 9.83
1790889949.420 9.99 9.83
1790889949.926 9.99 9.83
1790889950.432 9.99 9.83
1790889950.938 9.99 9.83
1790889951.444 9.99 9.83
1790889951.950 9.99 9.83
1790889952.456 9.99 9.83
1790889952.962 9.99 9.83
1790889953.468 9.97 9.81
1790889953.973 9.97 9.81
1790889954.480 9.98 9.82
1790889954.986 9.98 9.82
1790889955.493 9.98 9.82
1790889956.000 9.98 9.82
1790889956.506 9.98 9.82
1790889957.012 9.98 9.82
1790889957.517 9.97 9.81
1790889958.024 9.97 9.81
1790889958.529 9.96 9.80
1790889959.035 9.97 9.81
1790889959.541 9.97 9.81
1790889960.047 9.96 9.80
1790889960.552 9.96 9.80
1790889961.058 9.96 9.80
1790889961.564 9.96 9.80
1790889962.070 9.96 9.80
1790889962.575 9.96 9.80
1790889963.081 9.96 9.80
1790889963.587 9.94 9.78
1790889964.093 9.95 9.80
1790889964.599 9.95 9.80
1790889965.104 9.95 9.80
1790889965.610 9.96 9.80
1790889966.116 9.96 9.80
1790889966.621 9.96 9.80
1790889967.127 9.96 9.80
1790889967.633 9.96 9.80
1790889968.138 9.96 9.80
1790889968.644 9.94 9.78
1790889969.150 9.96 9.80
1790889969.656 9.96 9.80
1790889970.160 9.96 9.80
1790889970.665 9.96 9.80
1790889971.171 9.95 9.80
1790889971.677 9.95 9.80
1790889972.182 9.95 9.80
1790889972.688 9.95 9.80
1790889973.194 9.95 9.80
1790889973.699 9.95 9.80
1790889974.204 9.97 9.81
1790889974.710 9.97 9.81
1790889975.214 9.96 9.81
1790889975.720 9.96 9.81
1790889976.226 9.96 9.81
1790889976.731 9.96 9.81
1790889977.236 9.96 9.81
1790889977.742 9.96 9.81
1790889978.248 9.91 9.77
1790889978.753 9.87 9.73
1790889979.258 9.85 9.71
1790889979.764 9.84 9.70
1790889980.268 9.82 9.68
1790889980.774 9.84 9.70
1790889981.280 9.84 9.70
1790889981.785 9.85 9.71
1790889982.291 9.85 9.70
1790889982.796 9.84 9.69
1790889983.300 9.84 9.70
1790889983.806 9.85 9.71
1790889984.311 9.82 9.67
1790889984.816 9.84 9.69
1790889985.322 9.84 9.70
1790889985.828 9.84 9.70
1790889986.333 9.83 9.68
1790889986.838 9.85 9.70
1790889987.344 9.86 9.71
1790889987.850 9.87 9.72
1790889988.355 9.84 9.69
1790889988.860 9.85 9.71
1790889989.366 9.85 9.71
1790889989.871 9.85 9.70
1790889990.377 9.84 9.69
1790889990.882 9.82 9.68
1790889991.388 9.82 9.68
1790889991.894 9.82 9.68
1790889992.399 9.83 9.69
1790889992.905 9.84 9.70
1790889993.410 9.82 9.68
1790889993.915 9.83 9.69
1790889994.421 9.83 9.68
1790889994.926 9.84 9.70
1790889995.432 9.82 9.68
1790889995.937 9.83 9.68
1790889996.444 9.84 9.70
1790889996.949 9.82 9.68
1790889997.455 9.83 9.69
1790889997.961 9.82 9.67
1790889998.467 9.81 9.67
1790889998.972 9.81 9.67
1790889999.477 9.80 9.66
1790889999.984 9.81 9.66
1790890000.489 9.81 9.66
1790890000.995 9.80 9.66
1790890001.500 9.79 9.65
1790890002.005 9.81 9.67
1790890002.511 9.80 9.66
1790890003.016 9.80 9.66
1790890003.522 9.77 9.63
1790890004.027 9.79 9.65
1790890004.533 9.78 9.64
1790890005.039 9.79 9.65
1790890005.545 9.79 9.65
1790890006.050 9.80 9.66
1790890006.555 9.78 9.64
1790890007.060 9.79 9.65
1790890007.566 9.78 9.63
1790890008.072 9.78 9.63
1790890008.578 9.76 9.62
1790890009.083 9.78 9.64
1790890009.589 9.78 9.63
1790890010.094 9.78 9.63
1790890010.599 9.76 9.62
1790890011.104 9.76 9.62
1790890011.610 9.77 9.63
1790890012.115 9.76 9.61
1790890012.620 9.76 9.62
1790890013.127 9.77 9.63
1790890013.633 9.77 9.63
1790890014.139 9.76 9.61
1790890014.645 9.76 9.61
1790890015.151 9.76 9.62
1790890015.656 9.74 9.60
1790890016.162 9.75 9.61
1790890016.668 9.75 9.61
1790890017.175 9.78 9.64
1790890017.681 9.75 9.61
1790890018.187 9.75 9.61
1790890018.693 9.75 9.60
1790890019.200 9.76 9.61
1790890019.705 9.75 9.61
1790890020.211 9.77 9.63
1790890020.717 9.76 9.62
1790890021.224 9.75 9.61
1790890021.730 9.77 9.63
1790890022.235 9.76 9.62
1790890022.741 9.76 9.62
1790890023.247 9.77 9.63
1790890023.754 9.78 9.63
1790890024.259 9.78 9.64
1790890024.765 9.78 9.64
1790890025.272 9.79 9.65
1790890025.778 9.79 9.64
1790890026.284 9.77 9.63
1790890026.790 9.77 9.63
1790890027.296 9.80 9.65
1790890027.803 9.77 9.63
1790890028.308 9.77 9.63
1790890028.814 9.78 9.64
1790890029.319 9.78 9.64
1790890029.825 9.78 9.64
1790890030.329 9.78 9.64
1790890030.834 9.77 9.63
1790890031.340 9.77 9.63
1790890031.846 9.77 9.63
1790890032.351 9.77 9.62
1790890032.857 9.77 9.62
1790890033.362 9.77 9.62
1790890033.868 9.78 9.63
1790890034.374 9.78 9.63
1790890034.880 9.78 9.63
1790890035.386 9.78 9.63
1790890035.891 9.78 9.63
1790890036.398 9.78 9.63
1790890036.903 9.78 9.63
1790890037.410 9.78 9.63
1790890037.916 9.78 9.63
1790890038.421 9.76 9.62
1790890038.927 9.76 9.62
1790890039.433 9.76 9.62
1790890039.939 9.76 9.62
1790890040.445 9.76 9.62
1790890040.951 9.76 9.62
1790890041.456 9.76 9.62
1790890041.963 9.76 9.62
1790890042.468 9.76 9.62
1790890042.974 9.76 9.62
1790890043.479 9.76 9.61
1790890043.985 9.77 9.63
1790890044.491 9.77 9.63
1790890044.997 9.77 9.63
1790890045.503 9.77 9.63
1790890046.010 9.77 9.63
1790890046.515 9.77 9.63
1790890047.020 9.77 9.63
1790890047.526 9.77 9.63
1790890048.032 9.77 9.63
1790890048.537 9.76 9.61
1790890049.043 9.78 9.63
1790890049.549 9.78 9.63
1790890050.054 9.78 9.63
1790890050.560 9.78 9.63
1790890051.066 9.77 9.63
1790890051.572 9.77 9.63
1790890052.077 9.77 9.63
1790890052.583 9.77 9.63
1790890053.088 9.77 9.63
1790890053.593 9.75 9.61
1790890054.099 9.75 9.61
1790890054.604 9.75 9.61
1790890055.110 9.75 9.61
1790890055.615 9.75 9.61
1790890056.121 9.75 9.61
1790890056.626 9.75 9.61
1790890057.132 9.75 9.61
1790890057.637 9.75 9.61
1790890058.143 9.75 9.61
1790890058.648 9.74 9.60
1790890059.154 9.75 9.61
1790890059.659 9.75 9.61
1790890060.163 9.75 9.61
1790890060.670 9.75 9.61
1790890061.176 9.77 9.63
1790890061.682 9.77 9.63
1790890062.188 9.77 9.63
1790890062.694 9.77 9.63
1790890063.198 9.77 9.63
1790890063.704 9.75 9.60
1790890064.210 9.77 9.62
1790890064.716 9.76 9.62
1790890065.222 9.76 9.62
1790890065.728 9.76 9.62
1790890066.233 9.76 9.62
1790890066.739 9.76 9.62
1790890067.245 9.76 9.62
1790890067.751 9.76 9.62
1790890068.256 9.76 9.62
1790890068.762 9.75 9.60
1790890069.268 9.75 9.60
1790890069.774 9.75 9.60
1790890070.280 9.75 9.60
1790890070.785 9.75 9.60
1790890071.290 9.75 9.60
1790890071.796 9.75 9.60
1790890072.301 9.75 9.61
1790890072.806 9.75 9.61
1790890073.312 9.75 9.61
1790890073.817 9.75 9.61
1790890074.322 9.75 9.61
1790890074.828 9.75 9.61
1790890075.334 9.75 9.61
1790890075.839 9.75 9.61
1790890076.345 9.75 9.61
1790890076.851 9.75 9.61
1790890077.356 9.75 9.61
1790890077.861 9.75 9.61
1790890078.366 9.75 9.61
1790890078.872 9.75 9.61
1790890079.377 9.75 9.61
1790890079.883 9.75 9.61
1790890080.389 9.75 9.61
1790890080.895 9.75 9.61
1790890081.400 9.75 9.61
1790890081.906 9.75 9.61
1790890082.412 9.75 9.61
1790890082.918 9.76 9.62
1790890083.423 9.74 9.60
1790890083.929 9.76 9.62
1790890084.433 9.76 9.62
1790890084.939 9.76 9.62
1790890085.445 9.76 9.62
1790890085.951 9.76 9.62
1790890086.456 9.76 9.62
1790890086.962 9.76 9.62
1790890087.468 9.76 9.62
1790890087.975 9.76 9.62
1790890088.480 9.75 9.61
1790890088.985 9.75 9.61
1790890089.491 9.75 9.61
1790890089.997 9.75 9.61
1790890090.502 9.75 9.61
1790890091.007 9.74 9.60
1790890091.513 9.76 9.62
1790890092.019 9.76 9.62
1790890092.524 9.76 9.62
1790890093.030 9.76 9.62
1790890093.536 9.74 9.60
1790890094.041 9.75 9.61
1790890094.548 9.75 9.61
1790890095.053 9.76 9.62
1790890095.559 9.76 9.62
1790890096.065 9.76 9.62
1790890096.571 9.76 9.62
1790890097.076 9.76 9.62
1790890097.582 9.76 9.62
1790890098.088 9.76 9.62
1790890098.593 9.74 9.60
1790890099.100 9.75 9.61
1790890099.606 9.75 9.61
1790890100.111 9.75 9.61
1790890100.617 9.75 9.61
1790890101.122 9.73 9.59
1790890101.628 9.74 9.60
1790890102.133 9.74 9.60
1790890102.639 9.74 9.60
1790890103.144 9.74 9.60
1790890103.650 9.74 9.60
1790890104.156 9.74 9.60
1790890104.661 9.74 9.60
1790890105.167 9.75 9.60
1790890105.672 9.75 9.60
1790890106.178 9.75 9.60
1790890106.683 9.75 9.60
1790890107.189 9.75 9.60
1790890107.694 9.75 9.60
1790890108.200 9.75 9.60
1790890108.705 9.73 9.59
1790890109.210 9.73 9.59
1790890109.716 9.73 9.59
1790890110.222 9.73 9.59
1790890110.728 9.73 9.59
1790890111.233 9.75 9.61
1790890111.738 9.75 9.61
1790890112.244 9.75 9.61
1790890112.749 9.75 9.61
1790890113.255 9.75 9.61
1790890113.760 9.76 9.61
1790890114.266 9.76 9.61
1790890114.771 9.76 9.61
1790890115.278 9.76 9.61
1790890115.783 9.76 9.61
1790890116.288 9.76 9.62
1790890116.794 9.76 9.62
1790890117.300 9.76 9.62
1790890117.805 9.76 9.62
1790890118.311 9.76 9.62
1790890118.816 9.75 9.61
1790890119.321 9.75 9.61
1790890119.827 9.75 9.61
1790890120.332 9.75 9.61
1790890120.837 9.75 9.61
1790890121.343 9.76 9.62
1790890121.848 9.76 9.62
1790890122.354 9.77 9.63
1790890122.860 9.76 9.62
1790890123.366 9.75 9.61
1790890123.872 9.75 9.61
1790890124.377 9.75 9.61
1790890124.883 9.77 9.62
1790890125.388 9.76 9.61
1790890125.894 9.75 9.61
1790890126.398 9.75 9.61
1790890126.903 9.76 9.62
1790890127.409 9.76 9.61
1790890127.914 9.76 9.62
1790890128.419 9.74 9.60
1790890128.925 9.75 9.61
1790890129.430 9.75 9.61
1790890129.936 9.75 9.61
1790890130.441 9.75 9.61
1790890130.947 9.74 9.60
1790890131.452 9.75 9.61
1790890131.958 9.75 9.61
1790890132.463 9.76 9.62
1790890132.968 9.75 9.61
1790890133.474 9.74 9.60
1790890133.981 9.74 9.60
1790890134.486 9.73 9.59
1790890134.992 9.73 9.59
1790890135.498 9.72 9.58
1790890136.004 9.72 9.58
1790890136.510 9.72 9.58
1790890137.015 9.72 9.58
1790890137.521 9.72 9.58
1790890138.027 9.74 9.60
1790890138.533 9.72 9.57
1790890139.039 9.74 9.60
1790890139.544 9.73 9.59
1790890140.050 9.74 9.59
1790890140.556 9.73 9.59
1790890141.061 9.73 9.59
1790890141.567 9.73 9.59
1790890142.071 9.72 9.58
1790890142.577 9.73 9.58
1790890143.082 9.73 9.59
1790890143.588 9.71 9.57
1790890144.094 9.72 9.58
1790890144.600 9.73 9.58
1790890145.106 9.72 9.58
1790890145.612 9.72 9.58
1790890146.117 9.73 9.59
1790890146.623 9.74 9.60
1790890147.129 9.74 9.60
1790890147.635 9.75 9.60
1790890148.140 9.73 9.59
1790890148.646 9.72 9.57
1790890149.151 9.71 9.57
1790890149.656 9.72 9.58
1790890150.161 9.73 9.59
1790890150.666 9.72 9.58
1790890151.171 9.72 9.58
1790890151.676 9.71 9.57
1790890152.182 9.70 9.56
1790890152.688 9.71 9.57
1790890153.194 9.70 9.56
1790890153.699 9.71 9.57
1790890154.205 9.71 9.57
1790890154.711 9.72 9.58
1790890155.216 9.72 9.58
1790890155.721 9.71 9.57
1790890156.227 9.72 9.58
1790890156.732 9.71 9.57
1790890157.237 9.71 9.57
1790890157.742 9.70 9.56
1790890158.248 9.71 9.57
1790890158.754 9.70 9.56
1790890159.260 9.70 9.56
1790890159.765 9.70 9.56
1790890160.271 9.71 9.57
1790890160.777 9.71 9.56
1790890161.283 9.71 9.56
1790890161.788 9.70 9.56
1790890162.292 9.70 9.56
1790890162.797 9.70 9.55
1790890163.302 9.71 9.57
1790890163.807 9.70 9.56
1790890164.312 9.71 9.57
1790890164.818 9.70 9.56
1790890165.323 9.70 9.56
1790890165.829 9.71 9.57
1790890166.334 9.71 9.57
1790890166.839 9.72 9.58
1790890167.344 9.72 9.58
1790890167.850 9.72 9.58
1790890168.354 9.72 9.58
1790890168.860 9.73 9.59
1790890169.365 9.73 9.59
1790890169.871 9.73 9.58
1790890170.377 9.73 9.59
1790890170.884 9.73 9.59
1790890171.388 9.73 9.59
1790890171.894 9.75 9.61
1790890172.399 9.73 9.59
1790890172.905 9.73 9.58
1790890173.410 9.71 9.56
1790890173.915 9.73 9.59
1790890174.420 9.73 9.59
1790890174.926 9.73 9.58
1790890175.431 9.74 9.60
1790890175.936 9.73 9.59
1790890176.441 9.73 9.59
1790890176.946 9.74 9.59
1790890177.452 9.73 9.59
1790890177.959 9.73 9.59
1790890178.465 9.73 9.59
1790890178.971 9.74 9.60
1790890179.477 9.74 9.60
1790890179.983 9.73 9.59
1790890180.489 9.73 9.59
1790890180.995 9.72 9.58
1790890181.502 9.72 9.58
1790890182.007 9.73 9.59
1790890182.513 9.72 9.58
1790890183.020 9.72 9.57
1790890183.525 9.70 9.56
1790890184.032 9.70 9.56
1790890184.538 9.70 9.55
1790890185.044 9.70 9.55
1790890185.550 9.70 9.55
1790890186.056 9.68 9.54
1790890186.562 9.68 9.54
1790890187.068 9.68 9.54
1790890187.574 9.73 9.58
1790890188.080 9.72 9.57
1790890188.586 9.70 9.56
1790890189.093 9.71 9.57
1790890189.598 9.71 9.57
1790890190.105 9.73 9.58
1790890190.611 9.72 9.58
1790890191.117 9.73 9.59
1790890191.624 9.73 9.59
1790890192.128 9.72 9.58
1790890192.634 9.72 9.58
1790890193.139 9.72 9.58
1790890193.644 9.72 9.57
1790890194.150 9.74 9.59
1790890194.656 9.74 9.59
1790890195.162 9.74 9.59
1790890195.667 9.74 9.60
1790890196.173 9.74 9.60
1790890196.679 9.74 9.60
1790890197.184 9.74 9.60
1790890197.690 9.74 9.60
1790890198.195 9.74 9.60
1790890198.701 9.72 9.58
1790890199.206 9.73 9.59
1790890199.712 9.73 9.59
1790890200.217 9.73 9.59
1790890200.723 9.73 9.59
1790890201.228 9.73 9.59
1790890201.734 9.73 9.59
1790890202.240 9.72 9.58
1790890202.746 9.72 9.58
1790890203.252 9.72 9.58
1790890203.758 9.70 9.56
1790890204.264 9.71 9.57
1790890204.770 9.71 9.57
1790890205.276 9.71 9.57
1790890205.782 9.71 9.57
1790890206.288 9.71 9.57
1790890206.793 9.71 9.57
1790890207.298 9.71 9.57
1790890207.804 9.71 9.57
1790890208.309 9.71 9.57
1790890208.815 9.72 9.58
1790890209.321 9.72 9.58
1790890209.827 9.72 9.58
1790890210.332 9.72 9.58
1790890210.837 9.72 9.58
1790890211.343 9.72 9.58
1790890211.848 9.72 9.58
1790890212.353 9.72 9.58
1790890212.858 9.72 9.58
1790890213.363 9.72 9.58
1790890213.869 9.73 9.59
1790890214.375 9.73 9.59
1790890214.881 9.73 9.59
1790890215.386 9.73 9.59
1790890215.891 9.73 9.59
1790890216.396 9.73 9.59
1790890216.902 9.74 9.60
1790890217.408 9.74 9.60
1790890217.913 9.74 9.60
1790890218.419 9.72 9.58
1790890218.925 9.72 9.58
1790890219.430 9.72 9.58
1790890219.935 9.72 9.58
1790890220.441 9.72 9.58
1790890220.947 9.72 9.58
1790890221.452 9.72 9.58
1790890221.957 9.72 9.58
1790890222.462 9.72 9.58
1790890222.968 9.72 9.58
1790890223.473 9.70 9.56
1790890223.978 9.72 9.58
1790890224.483 9.72 9.58
1790890224.989 9.72 9.58
1790890225.495 9.72 9.58
1790890226.000 9.72 9.58
1790890226.506 9.72 9.58
1790890227.011 9.72 9.58
1790890227.517 9.72 9.58
1790890228.022 9.72 9.58
1790890228.527 9.71 9.57
1790890229.032 9.71 9.57
1790890229.538 9.71 9.57
1790890230.043 9.71 9.57
1790890230.548 9.71 9.57
1790890231.054 9.72 9.58
1790890231.560 9.73 9.59
1790890232.066 9.73 9.59
1790890232.572 9.75 9.61
1790890233.078 9.74 9.60
1790890233.584 9.72 9.58
1790890234.090 9.72 9.58
1790890234.595 9.72 9.58
1790890235.100 9.72 9.58
1790890235.605 9.72 9.58
1790890236.111 9.72 9.58
1790890236.617 9.72 9.58
1790890237.123 9.72 9.58
1790890237.628 9.72 9.58
1790890238.134 9.72 9.58
1790890238.640 9.70 9.56
1790890239.146 9.72 9.58
1790890239.652 9.72 9.58
1790890240.158 9.72 9.58
1790890240.664 9.72 9.58
1790890241.170 9.72 9.58
1790890241.675 9.69 9.58
1790890242.180 9.55 9.54
1790890242.685 9.56 9.55
1790890243.190 9.54 9.55
1790890243.696 9.52 9.53
1790890244.202 9.53 9.54
1790890244.708 9.53 9.54
1790890245.213 9.53 9.54
1790890245.720 9.53 9.54
1790890246.225 9.53 9.54
1790890246.730 9.53 9.54
1790890247.236 9.53 9.54
1790890247.742 9.53 9.54
1790890248.248 9.53 9.54
1790890248.753 9.51 9.52
1790890249.259 9.51 9.52
1790890249.765 9.51 9.52
1790890250.271 9.51 9.52
1790890250.776 9.51 9.52
1790890251.282 9.51 9.52
1790890251.788 9.51 9.52
1790890252.294 9.51 9.53
1790890252.800 9.50 9.51
1790890253.307 9.50 9.51
1790890253.812 9.51 9.52
1790890254.318 9.51 9.52
1790890254.824 9.51 9.52
1790890255.330 9.51 9.52
1790890255.836 9.51 9.52
1790890256.341 9.51 9.52
1790890256.847 9.51 9.52
1790890257.354 9.51 9.52
1790890257.860 9.51 9.52
1790890258.366 9.51 9.52
1790890258.872 9.51 9.52
1790890259.377 9.51 9.52
1790890259.882 9.51 9.52
1790890260.388 9.51 9.52
1790890260.894 9.50 9.51
1790890261.399 9.51 9.53
1790890261.904 9.50 9.51
1790890262.409 9.51 9.52
1790890262.915 9.54 9.55
1790890263.420 9.54 9.55
1790890263.926 9.54 9.56
1790890264.431 9.54 9.56
1790890264.937 9.55 9.56
1790890265.442 9.55 9.57
1790890265.948 9.57 9.58
1790890266.454 9.56 9.58
1790890266.959 9.57 9.59
1790890267.465 9.57 9.58
1790890267.971 9.58 9.59
1790890268.477 9.58 9.59
1790890268.983 9.60 9.61
1790890269.488 9.59 9.60
1790890269.994 9.59 9.60
1790890270.499 9.60 9.62
1790890271.005 9.60 9.61
1790890271.510 9.61 9.62
1790890272.015 9.61 9.63
1790890272.521 9.56 9.58
1790890273.027 9.52 9.53
1790890273.533 9.52 9.54
1790890274.038 9.53 9.54
1790890274.542 9.54 9.56
1790890275.048 9.53 9.55
1790890275.553 9.54 9.55
1790890276.059 9.55 9.57
1790890276.565 9.55 9.56
1790890277.070 9.55 9.56
1790890277.576 9.55 9.56
1790890278.081 9.55 9.56
1790890278.587 9.54 9.55
1790890279.092 9.54 9.55
1790890279.598 9.54 9.56
1790890280.103 9.54 9.55
1790890280.608 9.54 9.55
1790890281.113 9.55 9.57
1790890281.619 9.53 9.54
1790890282.124 9.53 9.54
1790890282.629 9.51 9.53
1790890283.134 9.55 9.56
1790890283.640 9.52 9.53
1790890284.146 9.51 9.53
1790890284.652 9.53 9.54
1790890285.157 9.52 9.53
1790890285.663 9.52 9.53
1790890286.169 9.55 9.56
1790890286.675 9.54 9.55
1790890287.181 9.53 9.54
1790890287.686 9.55 9.56
1790890288.191 9.54 9.55
1790890288.696 9.52 9.53
1790890289.201 9.56 9.57
1790890289.707 9.55 9.56
1790890290.212 9.53 9.55
1790890290.717 9.56 9.58
1790890291.223 9.54 9.55
1790890291.729 9.55 9.57
1790890292.234 9.54 9.55
1790890292.739 9.51 9.52
1790890293.245 9.54 9.55
1790890293.750 9.52 9.53
1790890294.256 9.51 9.52
1790890294.761 9.52 9.54
1790890295.266 9.52 9.53
1790890295.771 9.51 9.52
1790890296.276 9.52 9.54
1790890296.781 9.52 9.54
1790890297.286 9.52 9.53
1790890297.793 9.53 9.54
1790890298.298 9.54 9.55
1790890298.803 9.53 9.54
1790890299.309 9.53 9.54
1790890299.815 9.54 9.55
1790890300.320 9.54 9.55
1790890300.826 9.54 9.55
1790890301.332 9.54 9.55
1790890301.837 9.54 9.56
1790890302.343 9.53 9.54
1790890302.848 9.52 9.54
1790890303.352 9.51 9.52
1790890303.858 9.51 9.52
1790890304.364 9.50 9.52
1790890304.870 9.51 9.52
1790890305.376 9.52 9.53
1790890305.882 9.52 9.53
1790890306.387 9.51 9.52
1790890306.893 9.50 9.51
1790890307.398 9.51 9.52
1790890307.904 9.50 9.52
1790890308.409 9.53 9.54
1790890308.914 9.53 9.54
1790890309.419 9.52 9.53
1790890309.925 9.53 9.54
1790890310.430 9.53 9.54
1790890310.936 9.53 9.55
1790890311.442 9.54 9.55
1790890311.948 9.53 9.54
1790890312.454 9.53 9.54
1790890312.959 9.52 9.54
1790890313.465 9.52 9.53
1790890313.971 9.53 9.54
1790890314.476 9.53 9.54
1790890314.982 9.53 9.55
1790890315.488 9.54 9.55
1790890315.994 9.52 9.54
1790890316.500 9.53 9.54
1790890317.005 9.53 9.54
1790890317.511 9.54 9.55
1790890318.017 9.53 9.54
1790890318.523 9.51 9.53
1790890319.029 9.51 9.52
1790890319.535 9.51 9.53
1790890320.040 9.52 9.53
1790890320.546 9.52 9.54
1790890321.052 9.51 9.52
1790890321.558 9.51 9.52
1790890322.064 9.52 9.53
1790890322.570 9.52 9.53
1790890323.076 9.51 9.52
1790890323.582 9.49 9.51
1790890324.087 9.50 9.51
1790890324.592 9.48 9.50
1790890325.097 9.49 9.50
1790890325.602 9.49 9.50
1790890326.108 9.51 9.53
1790890326.613 9.50 9.51
1790890327.119 9.51 9.52
1790890327.626 9.50 9.52
1790890328.132 9.50 9.52
1790890328.638 9.48 9.49
1790890329.143 9.50 9.51
1790890329.649 9.50 9.51
1790890330.154 9.49 9.50
1790890330.660 9.49 9.51
1790890331.165 9.48 9.49
1790890331.672 9.46 9.47
1790890332.178 9.46 9.47
1790890332.684 9.46 9.47
1790890333.190 9.45 9.47
1790890333.696 9.45 9.46
1790890334.202 9.45 9.46
1790890334.708 9.45 9.46
1790890335.214 9.45 9.46
1790890335.721 9.45 9.46
1790890336.227 9.45 9.46
1790890336.732 9.45 9.46
1790890337.238 9.45 9.46
1790890337.744 9.45 9.46
1790890338.251 9.45 9.46
1790890338.756 9.45 9.46
1790890339.262 9.46 9.47
1790890339.768 9.46 9.47
1790890340.273 9.46 9.47
1790890340.780 9.46 9.47
1790890341.286 9.46 9.48
1790890341.792 9.46 9.48
1790890342.297 9.46 9.48
1790890342.803 9.46 9.48
1790890343.310 9.47 9.48
1790890343.816 9.45 9.47
1790890344.322 9.47 9.48
1790890344.828 9.47 9.48
1790890345.333 9.47 9.48
1790890345.839 9.47 9.48
1790890346.345 9.47 9.48
1790890346.851 9.47 9.48
1790890347.357 9.47 9.48
1790890347.863 9.47 9.48
1790890348.369 9.46 9.48
1790890348.875 9.46 9.47
1790890349.382 9.46 9.47
1790890349.888 9.46 9.47
1790890350.394 9.46 9.47
1790890350.899 9.46 9.47
1790890351.406 9.46 9.47
1790890351.912 9.46 9.47
1790890352.418 9.46 9.47
1790890352.924 9.46 9.47
1790890353.430 9.46 9.47
1790890353.936 9.47 9.49
1790890354.442 9.47 9.49
1790890354.948 9.47 9.49
1790890355.455 9.48 9.49
1790890355.962 9.48 9.49
1790890356.468 9.48 9.49
1790890356.973 9.48 9.49
1790890357.480 9.48 9.49
1790890357.985 9.48 9.49
1790890358.490 9.46 9.48
1790890358.996 9.48 9.50
1790890359.501 9.48 9.49
1790890360.007 9.48 9.49
1790890360.512 9.49 9.50
1790890361.017 9.49 9.50
1790890361.524 9.49 9.50
1790890362.030 9.49 9.50
1790890362.535 9.49 9.50
1790890363.041 9.49 9.50
1790890363.546 9.51 9.52
1790890364.052 9.52 9.53
1790890364.558 9.52 9.53
1790890365.064 9.52 9.53
1790890365.571 9.52 9.53
1790890366.079 9.52 9.53
1790890366.585 9.52 9.53
1790890367.091 9.52 9.53
1790890367.596 9.51 9.52
1790890368.101 9.51 9.52
1790890368.606 9.50 9.51
1790890369.112 9.50 9.51
1790890369.618 9.50 9.51
1790890370.123 9.50 9.52
1790890370.628 9.50 9.52
1790890371.134 9.51 9.52
1790890371.639 9.51 9.52
1790890372.145 9.51 9.52
1790890372.650 9.54 9.55
1790890373.156 9.54 9.55
1790890373.661 9.53 9.54
1790890374.167 9.54 9.56
1790890374.673 9.54 9.56
1790890375.178 9.54 9.56
1790890375.683 9.55 9.56
1790890376.189 9.55 9.56
1790890376.694 9.55 9.56
1790890377.200 9.55 9.56
1790890377.706 9.55 9.56
1790890378.211 9.55 9.56
1790890378.717 9.53 9.54
1790890379.223 9.55 9.56
1790890379.728 9.55 9.56
1790890380.234 9.55 9.56
1790890380.739 9.55 9.56
1790890381.244 9.55 9.56
1790890381.749 9.55 9.57
1790890382.255 9.56 9.57
1790890382.760 9.56 9.57
1790890383.265 9.56 9.57
1790890383.771 9.57 9.58
1790890384.276 9.58 9.59
1790890384.781 9.58 9.59
1790890385.287 9.58 9.59
1790890385.792 9.58 9.59
1790890386.298 9.58 9.60
1790890386.803 9.58 9.60
1790890387.308 9.59 9.60
1790890387.814 9.59 9.60
1790890388.320 9.59 9.60
1790890388.825 9.58 9.59
1790890389.330 9.59 9.60
1790890389.836 9.59 9.61
1790890390.341 9.59 9.61
1790890390.847 9.59 9.60
1790890391.352 9.59 9.61
1790890391.857 9.59 9.61
1790890392.363 9.59 9.61
1790890392.868 9.60 9.61
1790890393.374 9.60 9.61
1790890393.879 9.60 9.61
1790890394.385 9.60 9.61
1790890394.891 9.60 9.61
1790890395.396 9.60 9.61
1790890395.901 9.60 9.61
1790890396.407 9.60 9.61
1790890396.912 9.60 9.61
1790890397.418 9.60 9.61
1790890397.924 9.60 9.61
1790890398.429 9.58 9.59
1790890398.935 9.59 9.60
1790890399.440 9.59 9.60
1790890399.946 9.59 9.60
1790890400.451 9.59 9.60
1790890400.956 9.59 9.60
1790890401.462 9.59 9.60
1790890401.967 9.59 9.60
1790890402.473 9.59 9.60
1790890402.978 9.59 9.60
1790890403.483 9.59 9.60
1790890403.989 9.61 9.62
1790890404.494 9.61 9.62
1790890405.000 9.61 9.62
1790890405.505 9.61 9.62
1790890406.010 9.61 9.62
1790890406.516 9.61 9.62
1790890407.022 9.61 9.62
1790890407.527 9.61 9.62
1790890408.032 9.61 9.62
1790890408.538 9.60 9.61
1790890409.043 9.60 9.61
1790890409.549 9.60 9.61
1790890410.054 9.60 9.61
1790890410.560 9.60 9.61
1790890411.065 9.60 9.61
1790890411.571 9.60 9.61
1790890412.077 9.60 9.61
1790890412.583 9.60 9.61
1790890413.088 9.60 9.61
1790890413.593 9.58 9.60
1790890414.100 9.62 9.63
1790890414.606 9.62 9.63
1790890415.112 9.62 9.63
1790890415.617 9.62 9.63
1790890416.123 9.62 9.63
1790890416.628 9.62 9.63
1790890417.134 9.62 9.63
1790890417.639 9.62 9.63
1790890418.145 9.62 9.63
1790890418.651 9.60 9.61
1790890419.156 9.61 9.63
1790890419.662 9.61 9.63
1790890420.168 9.61 9.63
1790890420.674 9.61 9.63
1790890421.180 9.61 9.63
1790890421.685 9.60 9.62
1790890422.190 9.61 9.63
1790890422.696 9.62 9.63
1790890423.202 9.63 9.64
1790890423.708 9.61 9.63
1790890424.213 9.65 9.66
1790890424.718 9.63 9.65
1790890425.224 9.64 9.66
1790890425.730 9.65 9.67
1790890426.235 9.64 9.65
1790890426.741 9.64 9.66
1790890427.247 9.65 9.66
1790890427.752 9.64 9.66
1790890428.257 9.65 9.66
1790890428.763 9.63 9.64
1790890429.269 9.63 9.65
1790890429.774 9.65 9.66
1790890430.279 9.63 9.65
1790890430.784 9.65 9.66
1790890431.290 9.63 9.65
1790890431.796 9.65 9.66
1790890432.302 9.64 9.65
1790890432.807 9.65 9.66
1790890433.313 9.63 9.65
1790890433.818 9.63 9.64
1790890434.324 9.63 9.64
1790890434.829 9.63 9.65
1790890435.335 9.63 9.64
1790890435.840 9.62 9.63
1790890436.345 9.63 9.65
1790890436.851 9.60 9.61
1790890437.356 9.65 9.66
1790890437.862 9.63 9.64
1790890438.367 9.60 9.61
1790890438.873 9.59 9.60
1790890439.380 9.56 9.58
1790890439.886 9.59 9.60
1790890440.390 9.58 9.59
1790890440.896 9.59 9.60
1790890441.402 9.57 9.58
1790890441.907 9.60 9.61
1790890442.412 9.58 9.60
1790890442.918 9.57 9.58
1790890443.424 9.52 9.54
1790890443.929 9.57 9.59
1790890444.435 9.54 9.56
1790890444.940 9.53 9.54
1790890445.445 9.51 9.52
1790890445.950 9.54 9.56
1790890446.456 9.53 9.54
1790890446.962 9.52 9.53
1790890447.468 9.53 9.55
1790890447.975 9.56 9.57
1790890448.479 9.52 9.53
1790890448.985 9.52 9.53
1790890449.490 9.50 9.52
1790890449.996 9.49 9.50
1790890450.500 9.53 9.54
1790890451.006 9.50 9.52
1790890451.511 9.50 9.51
1790890452.016 9.47 9.48
1790890452.522 9.51 9.53
1790890453.027 9.50 9.51
1790890453.532 9.47 9.48
1790890454.038 9.48 9.49
1790890454.544 9.51 9.52
1790890455.050 9.48 9.50
1790890455.556 9.50 9.52
1790890456.062 9.50 9.51
1790890456.567 9.47 9.48
1790890457.073 9.53 9.54
1790890457.579 9.51 9.52
1790890458.084 9.49 9.50
1790890458.590 9.45 9.46
1790890459.096 9.37 9.39
1790890459.602 9.45 9.47
1790890460.108 9.45 9.46
1790890460.613 9.43 9.45
1790890461.119 9.39 9.40
1790890461.625 9.39 9.40
1790890462.131 9.38 9.39
1790890462.637 9.37 9.38
1790890463.142 9.36 9.37
1790890463.647 9.40 9.41
1790890464.152 9.39 9.41
1790890464.658 9.41 9.42
1790890465.163 9.40 9.41
1790890465.669 9.44 9.45
1790890466.175 9.42 9.43
1790890466.680 9.41 9.42
1790890467.186 9.40 9.42
1790890467.691 9.40 9.41
1790890468.197 9.44 9.45
1790890468.702 9.42 9.43
1790890469.209 9.42 9.43
1790890469.715 9.32 9.34
1790890470.220 9.42 9.43
1790890470.726 9.42 9.43
1790890471.232 9.42 9.43
1790890471.737 9.41 9.42
1790890472.242 9.44 9.45
1790890472.748 9.43 9.44
1790890473.254 9.42 9.43
1790890473.759 9.39 9.41
1790890474.264 9.44 9.45
1790890474.770 9.42 9.43
1790890475.276 9.41 9.42
1790890475.781 9.44 9.45
1790890476.287 9.43 9.44
1790890476.792 9.42 9.44
1790890477.297 9.44 9.45
1790890477.803 9.43 9.44
1790890478.309 9.43 9.44
1790890478.814 9.42 9.43
1790890479.319 9.43 9.45
1790890479.825 9.43 9.45
1790890480.330 9.41 9.43
1790890480.835 9.42 9.43
1790890481.341 9.42 9.43
1790890481.846 9.43 9.44
1790890482.352 9.43 9.45
1790890482.858 9.45 9.46
1790890483.363 9.42 9.43
1790890483.868 9.43 9.45
1790890484.373 9.40 9.41
1790890484.880 9.40 9.41
1790890485.386 9.41 9.42
1790890485.892 9.40 9.41
1790890486.398 9.39 9.41
1790890486.904 9.38 9.39
1790890487.409 9.38 9.40
1790890487.915 9.40 9.42
1790890488.420 9.38 9.40
1790890488.926 9.37 9.39
1790890489.432 9.37 9.38
1790890489.937 9.41 9.43
1790890490.442 9.40 9.41
1790890490.947 9.39 9.41
1790890491.452 9.39 9.41
1790890491.958 9.34 9.36
1790890492.464 9.40 9.41
1790890492.969 9.39 9.40
1790890493.475 9.37 9.39
1790890493.980 9.41 9.42
1790890494.485 9.42 9.44
1790890494.991 9.41 9.43
1790890495.497 9.40 9.42
1790890496.002 9.38 9.40
1790890496.508 9.40 9.41
1790890497.014 9.39 9.41
1790890497.520 9.38 9.39
1790890498.026 9.37 9.38
1790890498.532 9.42 9.43
1790890499.039 9.39 9.41
1790890499.544 9.38 9.39
1790890500.050 9.37 9.39
1790890500.555 9.33 9.34
1790890501.061 9.39 9.41
1790890501.567 9.39 9.40
1790890502.073 9.38 9.40
1790890502.579 9.36 9.38
1790890503.084 9.39 9.41
1790890503.589 9.35 9.37
1790890504.094 9.34 9.35
1790890504.600 9.39 9.40
1790890505.105 9.37 9.38
1790890505.611 9.41 9.42
1790890506.116 9.39 9.40
1790890506.621 9.37 9.39
1790890507.126 9.36 9.37
1790890507.632 9.38 9.39
1790890508.138 9.37 9.38
1790890508.644 9.34 9.36
1790890509.149 9.37 9.38
1790890509.654 9.43 9.45
1790890510.159 9.40 9.41
1790890510.664 9.40 9.41
1790890511.170 9.38 9.39
1790890511.676 9.34 9.36
1790890512.182 9.39 9.40
1790890512.688 9.36 9.38
1790890513.194 9.35 9.37
1790890513.699 9.32 9.33
1790890514.205 9.37 9.38
1790890514.710 9.34 9.35
1790890515.216 9.34 9.35
1790890515.722 9.33 9.35
1790890516.227 9.30 9.32
1790890516.733 9.38 9.40
1790890517.239 9.40 9.41
1790890517.746 9.38 9.40
1790890518.252 9.37 9.39
1790890518.758 9.35 9.36
1790890519.264 9.39 9.41
1790890519.770 9.38 9.39
1790890520.276 9.37 9.39
1790890520.781 9.36 9.37
1790890521.287 9.40 9.41
1790890521.793 9.38 9.40
1790890522.298 9.38 9.39
1790890522.803 9.37 9.38
1790890523.307 9.40 9.42
1790890523.813 9.39 9.40
1790890524.319 9.39 9.40
1790890524.825 9.39 9.41
1790890525.330 9.39 9.41
1790890525.835 9.39 9.41
1790890526.341 9.39 9.41
1790890526.846 9.39 9.41
1790890527.351 9.39 9.41
1790890527.856 9.39 9.41
1790890528.360 9.38 9.39
1790890528.866 9.38 9.39
1790890529.372 9.38 9.39
1790890529.877 9.38 9.39
1790890530.383 9.38 9.39
1790890530.888 9.38 9.39
1790890531.394 9.38 9.39
1790890531.900 9.38 9.39
1790890532.405 9.38 9.39
1790890532.910 9.38 9.39
1790890533.414 9.38 9.39
1790890533.920 9.38 9.39
1790890534.425 9.39 9.40
1790890534.931 9.39 9.41
1790890535.436 9.39 9.41
1790890535.942 9.39 9.40
1790890536.448 9.39 9.40
1790890536.953 9.39 9.40
1790890537.458 9.39 9.40
1790890537.963 9.39 9.40
1790890538.468 9.37 9.39
1790890538.974 9.38 9.39
1790890539.478 9.38 9.39
1790890539.984 9.38 9.39
1790890540.489 9.38 9.39
1790890540.995 9.38 9.39
1790890541.501 9.38 9.39
1790890542.006 9.38 9.39
1790890542.511 9.38 9.39
1790890543.016 9.38 9.39
1790890543.521 9.30 9.32
1790890544.027 9.30 9.31
1790890544.532 9.30 9.32
1790890545.037 9.32 9.34
1790890545.542 9.32 9.34
1790890546.048 9.32 9.34
1790890546.554 9.32 9.34
1790890547.059 9.32 9.34
1790890547.564 9.32 9.34
1790890548.069 9.32 9.34
1790890548.575 9.31 9.32
1790890549.080 9.32 9.34
1790890549.586 9.33 9.34
1790890550.091 9.33 9.34
1790890550.597 9.33 9.34
1790890551.102 9.33 9.35
1790890551.608 9.33 9.35
1790890552.114 9.33 9.35
1790890552.619 9.33 9.35
1790890553.125 9.33 9.35
1790890553.630 9.32 9.33
1790890554.136 9.32 9.34
1790890554.641 9.32 9.34
1790890555.146 9.34 9.35
1790890555.652 9.34 9.35
1790890556.157 9.34 9.35
1790890556.662 9.34 9.35
1790890557.168 9.34 9.36
1790890557.674 9.34 9.36
1790890558.179 9.34 9.36
1790890558.685 9.33 9.34
1790890559.194 9.34 9.36
1790890559.699 9.34 9.36
1790890560.204 9.34 9.36
1790890560.710 9.34 9.36
1790890561.216 9.35 9.36
1790890561.722 9.36 9.37
1790890562.227 9.36 9.37
1790890562.733 9.36 9.37
1790890563.238 9.36 9.37
1790890563.744 9.34 9.35
1790890564.250 9.35 9.36
1790890564.755 9.35 9.37
1790890565.261 9.35 9.36
1790890565.766 9.35 9.37
1790890566.272 9.35 9.37
1790890566.777 9.36 9.37
1790890567.283 9.36 9.37
1790890567.788 9.38 9.39
1790890568.293 9.38 9.39
1790890568.799 9.38 9.39
1790890569.305 9.38 9.39
1790890569.811 9.38 9.39
1790890570.317 9.38 9.39
1790890570.822 9.38 9.39
1790890571.327 9.38 9.39
1790890571.833 9.38 9.40
1790890572.338 9.38 9.40
1790890572.844 9.39 9.40
1790890573.349 9.39 9.40
1790890573.854 9.40 9.41
1790890574.360 9.40 9.41
1790890574.866 9.40 9.42
1790890575.371 9.42 9.44
1790890575.877 9.42 9.44
1790890576.383 9.42 9.44
1790890576.889 9.43 9.44
1790890577.394 9.43 9.44
1790890577.900 9.43 9.44
1790890578.405 9.42 9.44
1790890578.911 9.42 9.44
1790890579.417 9.43 9.44
1790890579.923 9.43 9.44
1790890580.429 9.43 9.44
1790890580.935 9.43 9.44
1790890581.441 9.43 9.44
1790890581.946 9.43 9.44
1790890582.453 9.43 9.44
1790890582.958 9.43 9.44
1790890583.463 9.42 9.44
1790890583.969 9.43 9.44
1790890584.474 9.44 9.45
1790890584.980 9.44 9.46
1790890585.485 9.44 9.45
1790890585.990 9.44 9.45
1790890586.496 9.44 9.45
1790890587.001 9.44 9.46
1790890587.506 9.44 9.46
1790890588.012 9.44 9.46
1790890588.518 9.44 9.46
1790890589.022 9.46 9.48
1790890589.528 9.46 9.48
1790890590.034 9.46 9.48
1790890590.539 9.47 9.48
1790890591.045 9.47 9.48
1790890591.551 9.47 9.48
1790890592.056 9.47 9.49
1790890592.561 9.47 9.49
1790890593.067 9.47 9.49
1790890593.572 9.47 9.49
1790890594.077 9.50 9.52
1790890594.583 9.50 9.52
1790890595.089 9.51 9.52
1790890595.596 9.49 9.51
1790890596.101 9.49 9.51
1790890596.607 9.49 9.51
1790890597.113 9.49 9.51
1790890597.618 9.49 9.51
1790890598.124 9.49 9.51
1790890598.630 9.49 9.50
1790890599.136 9.51 9.53
1790890599.642 9.51 9.53
1790890600.147 9.51 9.53
1790890600.653 9.52 9.53
1790890601.158 9.51 9.53
1790890601.664 9.51 9.53
1790890602.169 9.51 9.53
1790890602.675 9.51 9.53
1790890603.180 9.51 9.52
1790890603.686 9.49 9.51
1790890604.192 9.49 9.51
1790890604.697 9.50 9.51
1790890605.203 9.50 9.51
1790890605.709 9.50 9.51
1790890606.215 9.50 9.51
1790890606.721 9.50 9.52
1790890607.226 9.50 9.52
1790890607.731 9.50 9.52
1790890608.236 9.50 9.52
1790890608.741 9.49 9.50
1790890609.247 9.50 9.52
1790890609.752 9.51 9.52
1790890610.258 9.51 9.52
1790890610.763 9.51 9.52
1790890611.269 9.51 9.52
1790890611.774 9.51 9.52
1790890612.280 9.51 9.53
1790890612.786 9.51 9.52
1790890613.292 9.51 9.52
1790890613.797 9.49 9.51
1790890614.302 9.50 9.51
1790890614.808 9.50 9.52
1790890615.313 9.50 9.51
1790890615.819 9.49 9.50
1790890616.325 9.49 9.50
1790890616.830 9.49 9.50
1790890617.335 9.48 9.49
1790890617.841 9.47 9.49
1790890618.347 9.47 9.49
1790890618.853 9.47 9.48
1790890619.359 9.48 9.49
1790890619.865 9.47 9.49
1790890620.371 9.47 9.48
1790890620.877 9.47 9.48
1790890621.384 9.47 9.48
1790890621.891 9.47 9.48
1790890622.397 9.48 9.50
1790890622.903 9.48 9.49
1790890623.409 9.51 9.53
1790890623.915 9.51 9.53
1790890624.421 9.51 9.52
1790890624.926 9.51 9.52
1790890625.432 9.53 9.55
1790890625.939 9.52 9.54
1790890626.444 9.52 9.54
1790890626.949 9.52 9.54
1790890627.454 9.52 9.54
1790890627.960 9.52 9.54
1790890628.467 9.50 9.52
1790890628.974 9.52 9.53
1790890629.480 9.52 9.53
1790890629.985 9.52 9.53
1790890630.492 9.52 9.53
1790890630.999 9.52 9.53
1790890631.505 9.51 9.53
1790890632.011 9.52 9.53
1790890632.517 9.52 9.53
1790890633.023 9.52 9.53
1790890633.529 9.51 9.53
1790890634.036 9.52 9.54
1790890634.541 9.52 9.54
1790890635.047 9.52 9.54
1790890635.552 9.51 9.53
1790890636.058 9.54 9.56
1790890636.564 9.55 9.56
1790890637.070 9.55 9.56
1790890637.576 9.55 9.56
1790890638.082 9.55 9.56
1790890638.588 9.56 9.57
1790890639.094 9.54 9.55
1790890639.600 9.54 9.55
1790890640.105 9.56 9.57
1790890640.611 9.54 9.56
1790890641.116 9.54 9.55
1790890641.622 9.55 9.56
1790890642.128 9.56 9.58
1790890642.633 9.56 9.58
1790890643.139 9.57 9.59
1790890643.645 9.56 9.57
1790890644.150 9.54 9.55
1790890644.656 9.53 9.55
1790890645.161 9.53 9.54
1790890645.666 9.51 9.53
1790890646.171 9.52 9.53
1790890646.676 9.52 9.54
1790890647.181 9.54 9.55
1790890647.686 9.50 9.51
1790890648.191 9.51 9.52
1790890648.696 9.50 9.52
1790890649.201 9.50 9.52
1790890649.707 9.51 9.52
1790890650.212 9.50 9.52
1790890650.718 9.50 9.52
1790890651.224 9.46 9.47
1790890651.731 9.45 9.46
1790890652.236 9.45 9.47
1790890652.742 9.46 9.48
1790890653.248 9.46 9.47
1790890653.754 9.46 9.48
1790890654.259 9.46 9.48
1790890654.765 9.45 9.47
1790890655.272 9.46 9.47
1790890655.776 9.45 9.47
1790890656.282 9.47 9.48
1790890656.788 9.46 9.48
1790890657.294 9.47 9.49
1790890657.800 9.47 9.49
1790890658.306 9.47 9.49
1790890658.811 9.48 9.49
1790890659.317 9.49 9.50
1790890659.822 9.48 9.49
1790890660.328 9.49 9.51
1790890660.834 9.48 9.50
1790890661.339 9.48 9.49
1790890661.845 9.49 9.50
1790890662.351 9.49 9.50
1790890662.857 9.49 9.51
1790890663.361 9.48 9.49
1790890663.867 9.47 9.48
1790890664.372 9.47 9.49
1790890664.878 9.47 9.49
1790890665.383 9.47 9.49
1790890665.888 9.48 9.49
1790890666.394 9.47 9.49
1790890666.900 9.47 9.49
1790890667.406 9.48 9.50
1790890667.912 9.49 9.50
1790890668.418 9.47 9.48
1790890668.923 9.47 9.48
1790890669.429 9.47 9.48
1790890669.934 9.47 9.49
1790890670.440 9.47 9.49
1790890670.946 9.47 9.49
1790890671.451 9.47 9.49
1790890671.956 9.47 9.49
1790890672.462 9.47 9.49
1790890672.967 9.47 9.49
1790890673.472 9.47 9.49
1790890673.977 9.48 9.50
1790890674.483 9.48 9.50
1790890674.989 9.48 9.50
1790890675.494 9.48 9.50
1790890676.000 9.50 9.51
1790890676.506 9.49 9.51
1790890677.011 9.49 9.51
1790890677.517 9.49 9.51
1790890678.023 9.49 9.51
1790890678.529 9.48 9.49
1790890679.035 9.48 9.49
1790890679.540 9.48 9.49
1790890680.046 9.48 9.49
1790890680.552 9.48 9.49
1790890681.057 9.48 9.49
1790890681.563 9.48 9.49
1790890682.068 9.49 9.50
1790890682.573 9.49 9.50
1790890683.079 9.49 9.50
1790890683.584 9.48 9.50
1790890684.090 9.48 9.50
1790890684.596 9.48 9.49
1790890685.101 9.47 9.49
1790890685.606 8.82 8.84
1790890686.112 8.43 8.44
1790890686.617 8.43 8.45
1790890687.122 8.43 8.44
1790890687.627 8.43 8.44
1790890688.132 8.37 8.38
1790890688.637 8.31 8.32
1790890689.143 8.39 8.41
1790890689.648 8.32 8.34
1790890690.154 8.35 8.36
1790890690.659 8.28 8.30
1790890691.164 8.33 8.35
1790890691.669 8.26 8.28
1790890692.174 8.30 8.31
1790890692.680 8.27 8.28
1790890693.185 8.30 8.32
1790890693.690 8.23 8.24
1790890694.195 8.25 8.27
1790890694.701 8.25 8.26
1790890695.205 8.26 8.28
1790890695.711 8.26 8.27
1790890696.215 8.16 8.18
1790890696.721 8.20 8.22
1790890697.227 8.26 8.27
1790890697.733 8.17 8.18
1790890698.238 8.18 8.19
1790890698.744 8.21 8.23
1790890699.250 8.15 8.17
1790890699.756 8.18 8.19
1790890700.262 8.11 8.12
1790890700.767 8.19 8.20
1790890701.273 8.12 8.13
1790890701.778 8.16 8.17
1790890702.284 8.12 8.14
1790890702.789 8.15 8.17
1790890703.294 8.18 8.20
1790890703.799 8.15 8.17
1790890704.304 8.17 8.18
1790890704.811 8.20 8.21
1790890705.317 8.14 8.16
1790890705.822 8.20 8.22
1790890706.327 8.09 8.10
1790890706.833 8.17 8.18
1790890707.340 8.12 8.13
1790890707.845 8.13 8.15
1790890708.350 8.14 8.16
1790890708.855 8.05 8.07
1790890709.360 8.13 8.14
1790890709.867 8.07 8.09
1790890710.371 8.11 8.13
1790890710.877 8.05 8.06
1790890711.383 8.08 8.10
1790890711.888 8.03 8.04
1790890712.393 8.02 8.03
1790890712.899 8.08 8.10
1790890713.405 7.99 8.01
1790890713.910 8.00 8.02
1790890714.415 8.04 8.05
1790890714.921 7.99 8.01
1790890715.427 7.99 8.00
1790890715.933 7.90 7.92
1790890716.438 7.96 7.98
1790890716.944 7.89 7.91
1790890717.449 7.91 7.92
1790890717.955 7.87 7.89
1790890718.459 7.90 7.92
1790890718.965 7.87 7.89
1790890719.471 7.90 7.91
1790890719.976 7.94 7.96
1790890720.483 7.88 7.89
1790890720.988 7.93 7.95
1790890721.495 7.87 7.88
1790890722.001 7.87 7.89
1790890722.506 7.87 7.88
1790890723.011 7.84 7.85
1790890723.516 7.93 7.94
1790890724.022 7.91 7.93
1790890724.528 7.90 7.91
1790890725.034 7.90 7.91
1790890725.539 7.93 7.95
1790890726.044 7.88 7.90
1790890726.549 7.89 7.90
1790890727.056 7.94 7.95
1790890727.562 7.85 7.87
1790890728.068 7.89 7.91
1790890728.574 7.84 7.86
1790890729.080 7.93 7.94
1790890729.585 7.90 7.92
1790890730.091 7.83 7.84
1790890730.596 7.85 7.87
1790890731.101 7.85 7.87
1790890731.607 7.91 7.92
1790890732.112 7.91 7.92
1790890732.616 7.89 7.91
1790890733.122 7.95 7.96
1790890733.627 7.84 7.86
1790890734.132 7.88 7.90
1790890734.637 7.94 7.96
1790890735.143 7.85 7.87
1790890735.649 7.80 7.81
1790890736.154 7.86 7.88
1790890736.660 7.91 7.93
1790890737.166 7.84 7.85
1790890737.671 7.86 7.88
1790890738.176 7.85 7.86
1790890738.682 7.81 7.83
1790890739.187 7.83 7.85
1790890739.691 7.88 7.90
1790890740.196 7.85 7.86
1790890740.702 7.73 7.74
1790890741.207 7.84 7.86
1790890741.713 7.82 7.83
1790890742.219 7.81 7.82
1790890742.725 7.82 7.83
1790890743.229 7.83 7.84
1790890743.735 7.82 7.83
1790890744.240 7.81 7.82
1790890744.747 7.83 7.84
1790890745.253 7.87 7.88
1790890745.759 7.88 7.90
1790890746.265 7.88 7.89
1790890746.770 7.91 7.92
1790890747.277 7.89 7.91
1790890747.783 7.88 7.90
1790890748.288 7.91 7.92
1790890748.794 7.91 7.92
1790890749.300 7.89 7.91
1790890749.805 7.94 7.95
1790890750.310 7.92 7.94
1790890750.815 7.91 7.93
1790890751.321 7.91 7.92
1790890751.826 7.94 7.95
1790890752.332 7.93 7.94
1790890752.838 7.92 7.93
1790890753.344 7.96 7.98
1790890753.850 7.95 7.96
1790890754.356 7.94 7.95
1790890754.862 7.99 8.00
1790890755.367 7.96 7.98
1790890755.873 7.99 8.01
1790890756.379 7.98 8.00
1790890756.885 7.97 7.98
1790890757.390 7.96 7.98
1790890757.896 7.96 7.98
1790890758.401 7.96 7.98
1790890758.906 7.96 7.98
1790890759.412 7.96 7.98
1790890759.919 7.95 7.97
1790890760.424 7.94 7.96
1790890760.929 7.94 7.95
1790890761.434 7.93 7.94
1790890761.939 7.93 7.94
1790890762.444 7.95 7.97
1790890762.950 7.95 7.96
1790890763.454 7.93 7.94
1790890763.959 7.93 7.95
1790890764.465 7.93 7.94
1790890764.970 7.91 7.93
1790890765.475 7.90 7.92
1790890765.980 7.93 7.94
1790890766.485 7.92 7.94
1790890766.991 7.91 7.92
1790890767.496 7.90 7.92
1790890768.002 7.91 7.92
1790890768.507 7.91 7.93
1790890769.013 7.92 7.94
1790890769.519 7.92 7.93
1790890770.024 7.92 7.93
1790890770.530 7.93 7.94
1790890771.036 7.93 7.95
1790890771.541 7.93 7.94
1790890772.048 7.94 7.96
1790890772.553 7.93 7.95
1790890773.059 7.94 7.96
1790890773.565 7.95 7.97
1790890774.071 7.95 7.96
1790890774.577 7.94 7.96
1790890775.082 7.95 7.96
1790890775.588 7.96 7.98
1790890776.093 7.95 7.97
1790890776.598 7.95 7.96
1790890777.103 7.93 7.95
1790890777.608 7.96 8.00
1790890778.114 9.73 9.79
1790890778.619 9.86 9.93
1790890779.124 9.95 10.02
1790890779.629 108.97 109.04
1790890780.134 117.06 117.14
1790890780.640 117.06 117.15
1790890781.146 117.06 117.15
1790890781.651 117.06 117.15
1790890782.157 117.06 117.15
1790890782.663 117.06 117.15
1790890783.169 117.06 117.15
1790890783.674 117.04 117.13
1790890784.180 117.04 117.13
1790890784.686 117.04 117.13
1790890785.192 117.04 117.13
1790890785.698 117.04 117.13
1790890786.203 117.04 117.13
1790890786.708 117.04 117.13
1790890787.213 117.05 117.14
1790890787.719 117.05 117.14
1790890788.224 117.05 117.14
1790890788.729 117.05 117.14
1790890789.235 117.05 117.14
1790890789.740 117.05 117.14
1790890790.246 117.05 117.14
1790890790.752 117.05 117.14
1790890791.258 117.05 117.14
1790890791.763 117.05 117.14
1790890792.269 117.05 117.14
1790890792.775 117.05 117.14
1790890793.280 117.05 117.14
1790890793.786 117.05 117.14
1790890794.292 117.05 117.15
1790890794.797 117.05 117.15
1790890795.301 117.05 117.14
1790890795.807 117.05 117.14
1790890796.314 117.05 117.14
1790890796.819 117.07 117.16
1790890797.325 117.06 117.15
1790890797.831 117.06 117.15
1790890798.336 117.06 117.15
1790890798.842 117.06 117.15
1790890799.348 117.06 117.15
1790890799.854 117.06 117.15
1790890800.360 117.06 117.15
1790890800.865 117.07 117.16
1790890801.370 117.07 117.16
1790890801.874 117.07 117.16
1790890802.379 117.01 117.16
1790890802.885 116.95 117.14
1790890803.390 116.94 117.14
1790890803.895 116.68 116.92
1790890804.401 116.61 116.86
1790890804.906 116.47 116.75
1790890805.412 115.58 115.96
1790890805.918 115.26 115.66
1790890806.423 115.29 115.93
1790890806.928 114.92 115.91
1790890807.434 114.60 115.76
1790890807.939 114.47 115.63
1790890808.444 114.47 115.63
1790890808.949 114.47 115.63
1790890809.454 114.45 115.61
1790890809.959 114.45 115.61
1790890810.465 114.45 115.61
1790890810.969 114.45 115.61
1790890811.473 114.45 115.61
1790890811.979 114.45 115.61
1790890812.484 114.43 115.59
1790890812.990 114.40 115.56
1790890813.495 114.38 115.54
1790890814.001 114.38 115.54
1790890814.506 114.38 115.54
1790890815.011 114.38 115.54
1790890815.516 114.38 115.54
1790890816.021 114.38 115.54
1790890816.526 114.31 115.48
1790890817.031 114.23 115.40
1790890817.537 114.23 115.40
1790890818.042 114.23 115.40
1790890818.547 114.22 115.38
1790890819.053 114.22 115.38
1790890819.559 113.80 114.96
1790890820.064 113.56 114.72
1790890820.570 113.45 114.61
1790890821.075 113.45 114.61
1790890821.581 113.45 114.61
1790890822.086 113.44 114.61
1790890822.592 113.44 114.61
1790890823.097 113.44 114.61
1790890823.603 113.17 114.34
1790890824.108 112.91 114.09
1790890824.614 112.68 113.85
1790890825.119 112.66 113.83
1790890825.625 112.45 113.62
1790890826.130 112.45 113.62
1790890826.635 112.35 113.53
1790890827.140 112.18 113.35
1790890827.645 112.05 113.22
1790890828.151 112.05 113.22
1790890828.656 112.03 113.20
1790890829.162 114.20 115.37
1790890829.668 115.75 116.91
1790890830.175 115.75 116.91
1790890830.681 115.75 116.91
1790890831.186 115.76 116.91
1790890831.692 115.76 116.91
1790890832.198 115.76 116.91
1790890832.704 115.76 116.91
1790890833.209 115.76 116.91
1790890833.715 115.76 116.91
1790890834.221 115.77 116.92
1790890834.726 115.77 116.92
1790890835.231 115.76 116.92
1790890835.737 115.76 116.92
1790890836.243 115.76 116.92
1790890836.749 115.76 116.92
1790890837.254 115.76 116.91
1790890837.760 115.75 116.91
1790890838.265 115.75 116.91
1790890838.771 115.75 116.91
1790890839.276 115.76 116.92
1790890839.782 115.77 116.92
1790890840.287 115.77 116.92
1790890840.792 115.77 116.92
1790890841.298 115.77 116.92
1790890841.803 115.77 116.92
1790890842.309 115.77 116.93
1790890842.815 115.78 116.93
1790890843.320 115.78 116.93
1790890843.826 115.76 116.91
1790890844.332 115.78 116.93
1790890844.837 115.78 116.93
1790890845.343 115.73 116.88
1790890845.848 115.73 116.88
1790890846.354 115.76 116.92
1790890846.876 117.54 116.97
1790890847.395 117.52 116.99
1790890847.901 117.52 116.99
1790890848.407 117.52 116.99
1790890848.913 117.52 116.99
1790890849.418 117.52 116.99
1790890849.924 117.52 116.99
1790890850.429 117.52 116.99
1790890850.933 117.52 117.00
1790890851.440 117.52 117.00
1790890851.945 117.52 117.00
1790890852.451 117.52 116.99
1790890852.957 117.53 117.00
1790890853.461 117.52 116.99
1790890853.967 117.51 116.99
1790890854.473 117.53 117.01
1790890854.978 117.53 117.01
1790890855.484 117.53 117.01
1790890855.990 117.53 117.01
1790890856.496 117.53 117.01
1790890857.002 117.53 117.01
1790890857.507 117.51 116.99
1790890858.013 117.51 116.99
1790890858.518 117.51 116.98
1790890859.024 117.51 116.98
1790890859.528 117.52 116.99
1790890860.034 117.45 117.02
1790890860.539 117.40 117.01
1790890861.045 117.27 116.99
1790890861.551 116.96 116.80
1790890862.056 116.89 116.76
1790890862.561 116.81 116.70
1790890863.067 116.54 116.47
1790890863.572 116.48 116.41
1790890864.077 115.56 115.51
1790890864.582 115.16 115.11
1790890865.088 114.76 114.71
1790890865.593 114.31 114.27
1790890866.098 113.64 113.65
1790890866.604 113.05 113.65
1790890867.109 112.82 112.82
1790890867.615 112.56 112.58
1790890868.119 112.32 112.37
1790890868.624 112.07 112.14
1790890869.129 110.26 110.35
1790890869.635 109.85 109.97
1790890870.140 110.46 110.60
1790890870.645 111.02 111.17
1790890871.149 110.81 110.98
1790890871.654 110.59 110.78
1790890872.158 110.37 110.57
1790890872.664 108.57 108.77
1790890873.168 108.51 108.74
1790890873.673 108.48 108.73
1790890874.178 108.49 108.76
1790890874.682 108.47 108.76
1790890875.188 107.75 108.07
1790890875.694 107.34 107.68
1790890876.199 107.18 107.54
1790890876.704 107.62 107.99
1790890877.209 107.44 107.83
1790890877.714 107.16 107.57
1790890878.218 106.94 107.36
1790890878.724 105.13 105.57
1790890879.228 105.11 105.57
1790890879.734 105.08 105.57
1790890880.238 105.06 105.57
1790890880.744 105.00 105.54
1790890881.250 104.83 105.38
1790890881.755 103.76 104.35
1790890882.260 104.91 105.51
1790890882.765 104.73 105.34
1790890883.270 104.53 105.16
1790890883.774 104.32 104.97
1790890884.279 102.65 103.31
1790890884.784 102.62 103.31
1790890885.289 102.59 103.31
1790890885.794 102.58 103.32
1790890886.299 102.50 103.26
1790890886.804 102.08 102.87
1790890887.310 101.62 102.42
1790890887.815 101.69 102.52
1790890888.320 101.52 102.36
1790890888.824 101.32 102.18
1790890889.328 101.17 102.05
1790890889.833 99.48 100.37
1790890890.338 99.45 100.37
1790890890.843 99.43 100.37
1790890891.347 99.41 100.37
1790890891.853 99.23 100.22
1790890892.358 98.82 99.83
1790890892.864 98.73 99.77
1790890893.368 98.56 99.60
1790890893.873 98.32 99.39
1790890894.377 98.12 99.19
1790890894.882 97.89 98.99
1790890895.388 96.33 97.44
1790890895.893 96.31 97.44
1790890896.398 96.28 97.44
1790890896.902 96.26 97.45
1790890897.407 95.90 97.11
1790890897.913 95.57 96.80
1790890898.418 94.38 95.63
1790890898.924 95.56 96.84
1790890899.429 95.35 96.64
1790890899.934 95.13 96.43
1790890900.439 94.98 96.31
1790890900.945 93.60 94.93
1790890901.449 93.57 94.93
1790890901.954 93.55 94.93
1790890902.459 93.52 94.94
1790890902.964 93.47 94.90
1790890903.468 93.05 94.50
1790890903.974 92.65 94.12
1790890904.478 93.02 94.52
1790890904.983 92.83 94.34
1790890905.488 92.63 94.15
1790890905.993 92.44 93.98
1790890906.497 91.03 92.59
1790890907.002 91.02 92.60
1790890907.506 91.00 92.60
1790890908.011 91.03 92.65
1790890908.515 90.99 92.64
1790890909.021 90.54 92.20
1790890909.526 90.12 91.81
1790890910.031 90.85 92.56
1790890910.536 90.67 92.40
1790890911.041 90.47 92.21
1790890911.546 90.24 92.00
1790890912.051 88.78 90.56
1790890912.556 88.76 90.55
1790890913.060 88.75 90.56
1790890913.565 88.71 90.54
1790890914.070 88.69 90.54
1790890914.575 87.98 89.85
1790890915.081 87.96 89.85
1790890915.587 87.55 89.47
1790890916.091 87.98 89.91
1790890916.596 87.80 89.75
1790890917.101 87.64 89.61
1790890917.606 87.41 89.40
1790890918.111 85.79 87.79
1790890918.616 85.75 87.78
1790890919.121 85.74 87.79
1790890919.625 85.71 87.79
1790890920.130 85.69 87.79
1790890920.635 85.31 87.43
1790890921.140 84.90 87.04
1790890921.644 85.53 87.69
1790890922.149 85.33 87.51
1790890922.653 85.16 87.35
1790890923.158 84.94 87.15
1790890923.663 83.39 85.61
1790890924.168 83.36 85.61
1790890924.672 83.33 85.61
1790890925.177 83.31 85.61
1790890925.682 82.96 85.28
1790890926.187 82.59 84.94
1790890926.693 82.19 84.56
1790890927.197 82.90 85.28
1790890927.702 82.68 85.08
1790890928.206 82.47 84.89
1790890928.711 82.28 84.72
1790890929.215 80.61 83.06
1790890929.720 80.59 83.06
1790890930.224 80.56 83.06
1790890930.729 80.53 83.06
1790890931.233 80.25 82.80
1790890931.738 79.85 82.42
1790890932.243 79.46 82.05
1790890932.748 79.83 82.44
1790890933.253 79.67 82.29
1790890933.757 79.47 82.11
1790890934.262 79.29 81.96
1790890934.766 77.71 80.38
1790890935.271 77.68 80.38
1790890935.776 77.66 80.38
1790890936.281 77.63 80.39
1790890936.785 77.49 80.26
1790890937.290 77.09 79.89
1790890937.794 76.91 79.72
1790890938.298 76.76 79.60
1790890938.802 76.55 79.41
1790890939.307 76.36 79.23
1790890939.811 76.15 79.03
1790890940.316 74.57 77.47
1790890940.820 74.55 77.47
1790890941.325 74.52 77.47
1790890941.829 74.50 77.47
1790890942.333 74.40 77.39
1790890942.837 74.01 77.03
1790890943.341 74.00 77.03
1790890943.845 74.28 77.34
1790890944.349 74.10 77.17
1790890944.854 73.94 77.03
1790890945.361 73.01 76.11
1790890945.866 72.21 75.33
1790890946.371 72.18 75.33
1790890946.876 72.16 75.33
1790890947.380 72.14 75.33
1790890947.884 71.40 74.62
1790890948.389 70.99 74.23
1790890948.893 70.87 74.13
1790890949.397 70.68 73.97
1790890949.902 70.55 73.85
1790890950.406 70.35 73.67
1790890950.913 69.98 73.31
1790890951.418 68.53 71.88
1790890951.923 68.50 71.88
1790890952.427 68.48 71.88
1790890952.931 68.46 71.88
1790890953.436 68.07 71.51
1790890953.940 67.73 71.19
1790890954.446 67.35 70.84
1790890954.951 68.08 71.59
1790890955.455 67.98 71.50
1790890955.960 67.79 71.33
1790890956.465 67.60 71.15
1790890956.969 66.08 69.65
1790890957.474 66.05 69.65
1790890957.979 66.03 69.65
1790890958.483 66.42 70.07
1790890958.988 66.14 69.81
1790890959.492 65.74 69.44
1790890959.996 65.75 69.46
1790890960.501 66.02 69.76
1790890961.005 65.85 69.60
1790890961.510 65.66 69.42
1790890962.015 64.71 68.49
1790890962.520 63.91 67.71
1790890963.024 63.89 67.71
1790890963.528 63.87 67.71
1790890964.033 63.84 67.71
1790890964.537 63.61 67.50
1790890965.042 63.21 67.13
1790890965.547 63.35 67.29
1790890966.052 63.20 67.16
1790890966.557 63.07 67.04
1790890967.062 62.91 66.90
1790890967.568 61.45 65.46
1790890968.073 61.39 65.41
1790890968.578 61.34 65.40
1790890969.083 61.31 65.40
1790890969.588 61.90 66.01
1790890970.094 61.54 65.68
1790890970.599 61.17 65.34
1790890971.104 61.02 65.21
1790890971.609 60.92 65.14
1790890972.114 59.79 64.02
1790890972.619 59.76 64.02
1790890973.124 59.73 64.02
1790890973.630 59.16 63.49
1790890974.135 59.29 63.65
1790890974.640 59.49 63.87
1790890975.145 59.40 63.81
1790890975.650 59.30 63.74
1790890976.156 58.20 62.66
1790890976.661 58.12 62.61
1790890977.166 58.09 62.61
1790890977.670 58.06 62.61
1790890978.176 57.33 61.92
1790890978.681 57.01 61.62
1790890979.186 57.03 61.66
1790890979.691 56.92 61.57
1790890980.196 56.81 61.48
1790890980.701 55.74 60.43
1790890981.206 55.72 60.44
1790890981.711 55.69 60.44
1790890982.216 55.42 60.20
1790890982.722 55.28 60.10
1790890983.227 55.15 60.00
1790890983.732 54.98 59.84
1790890984.238 54.85 59.73
1790890984.742 54.69 59.59
1790890985.247 53.68 58.60
1790890985.753 53.65 58.61
1790890986.258 53.62 58.61
1790890986.763 53.42 58.43
1790890987.269 53.06 58.11
1790890987.773 53.05 58.12
1790890988.278 52.89 57.98
1790890988.783 52.71 57.82
1790890989.289 51.59 56.72
1790890989.794 51.57 56.72
1790890990.301 51.54 56.72
1790890990.806 51.45 56.64
1790890991.310 51.28 56.50
1790890991.816 50.59 55.83
1790890992.322 50.19 55.46
1790890992.826 50.79 56.08
1790890993.331 50.60 55.91
1790890993.837 50.38 55.70
1790890994.342 50.16 55.50
1790890994.847 48.53 53.88
1790890995.352 48.50 53.87
1790890995.857 48.48 53.87
1790890996.362 48.45 53.87
1790890996.867 48.43 53.87
1790890997.373 47.98 53.45
1790890997.878 47.59 53.09
1790890998.383 47.69 53.20
1790890998.888 47.52 53.05
1790890999.393 47.37 52.92
1790890999.899 47.25 52.82
1790891000.403 45.88 51.46
1790891000.908 45.85 51.46
1790891001.414 45.83 51.47
1790891001.919 46.59 52.25
1790891002.425 45.12 50.80
1790891002.930 44.88 50.59
1790891003.436 44.49 50.22
1790891003.943 45.47 51.21
1790891004.448 45.31 51.07
1790891004.954 45.11 50.88
1790891005.459 44.88 50.66
1790891005.964 43.29 49.09
1790891006.469 43.27 49.09
1790891006.974 43.24 49.09
1790891007.479 43.23 49.10
1790891007.984 43.20 49.10
1790891008.490 42.72 48.63
1790891008.995 42.33 48.26
1790891009.500 42.21 48.16
1790891010.005 42.06 48.04
1790891010.509 41.91 47.90
1790891011.015 41.70 47.71
1790891011.520 40.22 46.24
1790891012.025 40.15 46.19
1790891012.530 40.13 46.19
1790891013.035 40.10 46.19
1790891013.540 40.08 46.19
1790891014.046 39.67 45.81
1790891014.551 39.29 45.45
1790891015.056 39.77 45.95
1790891015.561 39.65 45.85
1790891016.066 39.53 45.74
1790891016.571 39.43 45.65
1790891017.077 37.83 44.07
1790891017.581 37.81 44.07
1790891018.087 37.78 44.07
1790891018.591 38.19 44.50
1790891019.096 38.16 44.50
1790891019.602 37.69 44.05
1790891020.108 37.29 43.68
1790891020.613 37.40 43.80
1790891021.118 37.22 43.64
1790891021.623 37.01 43.45
1790891022.128 36.78 43.23
1790891022.633 35.39 41.86
1790891023.139 35.36 41.86
1790891023.644 35.32 41.84
1790891024.149 35.30 41.84
1790891024.654 35.28 41.84
1790891025.160 34.66 41.24
1790891025.666 34.26 40.87
1790891026.170 34.56 41.19
1790891026.676 34.45 41.09
1790891027.181 34.25 40.91
1790891027.686 34.08 40.76
1790891028.191 32.35 39.05
1790891028.696 32.29 39.00
1790891029.201 32.27 39.00
1790891029.705 32.24 39.01
1790891030.211 32.22 39.01
1790891030.716 31.56 38.37
1790891031.222 31.16 38.00
1790891031.728 31.56 38.41
1790891032.232 31.43 38.30
1790891032.738 31.29 38.17
1790891033.243 31.15 38.05
1790891033.748 29.54 36.46
1790891034.253 29.52 36.46
1790891034.759 29.49 36.46
1790891035.264 29.47 36.46
1790891035.769 29.11 36.12
1790891036.275 28.81 35.85
1790891036.780 28.42 35.48
1790891037.285 28.74 35.81
1790891037.790 28.58 35.67
1790891038.296 28.41 35.52
1790891038.802 28.23 35.35
1790891039.307 26.69 33.83
1790891039.812 26.67 33.82
1790891040.317 26.65 33.83
1790891040.822 26.62 33.83
1790891041.327 26.60 33.83
1790891041.833 26.03 33.28
1790891042.338 25.78 33.04
1790891042.843 25.42 32.71
1790891043.348 25.90 33.20
1790891043.853 25.73 33.05
1790891044.359 25.52 32.86
1790891044.863 25.33 32.69
1790891045.369 23.96 31.33
1790891045.873 23.93 31.33
1790891046.379 23.91 31.33
1790891046.884 23.88 31.33
1790891047.390 23.70 31.17
1790891047.896 23.30 30.79
1790891048.401 22.11 29.63
1790891048.906 23.43 30.97
1790891049.411 23.30 30.85
1790891049.916 23.17 30.73
1790891050.421 22.64 30.22
1790891050.928 21.57 29.17
1790891051.433 21.54 29.16
1790891051.938 21.51 29.16
1790891052.443 21.49 29.16
1790891052.949 21.24 28.94
1790891053.454 20.84 28.56
1790891053.959 21.18 28.92
1790891054.464 21.07 28.83
1790891054.970 20.97 28.74
1790891055.475 20.85 28.64
1790891055.980 19.23 27.05
1790891056.486 19.17 26.99
1790891056.990 19.15 26.99
1790891057.496 19.13 27.00
1790891058.000 19.10 27.00
1790891058.506 18.70 26.62
1790891059.011 18.34 26.28
1790891059.516 17.21 25.17
1790891060.022 18.56 26.53
1790891060.526 18.47 26.46
1790891061.032 18.31 26.32
1790891061.537 17.88 25.90
1790891062.043 16.72 24.76
1790891062.548 16.70 24.76
1790891063.053 16.67 24.77
1790891063.558 16.65 24.77
1790891064.064 16.25 24.39
1790891064.570 15.86 24.02
1790891065.075 15.73 23.91
1790891065.580 15.59 23.79
1790891066.085 15.53 23.75
1790891066.590 15.42 23.65
1790891067.096 13.74 21.99
1790891067.601 13.66 21.93
1790891068.106 13.63 21.93
1790891068.612 13.61 21.93
1790891069.117 13.58 21.92
1790891069.622 12.89 21.25
1790891070.128 12.49 20.88
1790891070.633 12.88 21.29
1790891071.138 12.74 21.16
1790891071.643 12.54 20.98
1790891072.148 12.36 20.82
1790891072.652 12.20 20.68
1790891073.158 10.74 19.23
1790891073.663 12.07 20.58
1790891074.168 11.89 20.43
1790891074.673 11.71 20.27
1790891075.179 10.03 18.62
1790891075.685 9.63 18.24
1790891076.190 10.40 19.03
1790891076.695 10.26 18.90
1790891077.200 10.08 18.74
1790891077.705 9.86 18.54
1790891078.211 9.30 18.00
1790891078.716 8.08 16.79
1790891079.221 8.04 16.77
1790891079.726 8.02 16.78
1790891080.231 8.00 16.78
1790891080.737 7.80 16.60
1790891081.243 7.42 16.25
1790891081.748 7.01 15.86
1790891082.255 7.58 16.45
1790891082.760 7.42 16.31
1790891083.266 7.24 16.14
1790891083.771 7.09 16.01
1790891084.276 5.00 14.12
1790891084.782 6.81 15.99
1790891085.288 6.57 16.41
1790891085.793 7.07 16.44
1790891086.299 6.44 16.42
1790891086.804 6.90 16.44
1790891087.310 7.30 16.44
1790891087.815 6.68 16.43
1790891088.320 7.12 16.43
1790891088.826 6.44 16.42
1790891089.331 6.90 16.41
1790891089.836 7.37 16.42
1790891090.342 6.71 16.41
1790891090.847 7.19 16.42
1790891091.353 6.50 16.40
1790891091.858 6.99 16.42
1790891092.364 7.43 16.42
1790891092.869 6.81 16.41
1790891093.375 7.28 16.42
1790891093.880 6.62 16.40
1790891094.386 7.05 16.41
1790891094.891 6.42 16.41
1790891095.396 6.89 16.41
1790891095.901 7.34 16.42
1790891096.408 6.69 16.42
1790891096.913 7.14 16.42
1790891097.419 6.52 16.41
1790891097.924 6.99 16.42
1790891098.430 7.44 16.43
1790891098.936 6.80 16.42
1790891099.441 7.27 16.43
1790891099.947 6.63 16.42
1790891100.452 7.07 16.42
1790891100.958 6.44 16.41
1790891101.463 6.88 16.42
1790891101.968 7.35 16.43
1790891102.474 6.69 16.42
1790891102.979 7.14 16.42
1790891103.484 6.49 16.40
1790891103.989 6.90 16.41
1790891104.493 7.22 16.36
1790891104.998 6.56 16.35
1790891105.503 7.03 16.36
1790891106.008 6.36 16.34
1790891106.514 6.85 16.36
1790891107.018 7.29 16.37
1790891107.523 6.64 16.36
1790891108.028 7.08 16.36
1790891108.533 6.40 16.32
1790891109.038 6.86 16.33
1790891109.544 6.20 16.30
1790891110.049 6.65 16.30
1790891110.555 7.08 16.31
1790891111.060 6.45 16.30
1790891111.565 6.90 16.30
1790891112.071 6.15 16.28
1790891112.576 6.46 16.26
1790891113.081 6.82 16.24
1790891113.586 6.18 16.24
1790891114.091 6.66 16.23
1790891114.596 6.12 16.23
1790891115.101 6.54 16.19
1790891115.606 6.16 16.10
1790891116.111 6.23 16.16
1790891116.617 6.68 16.18
1790891117.121 6.07 16.18
1790891117.626 6.54 16.18
1790891118.131 5.87 16.16
1790891118.637 6.35 16.18
1790891119.142 6.83 16.19
1790891119.648 6.18 16.18
1790891120.152 6.62 16.18
1790891120.657 5.92 16.15
1790891121.161 6.40 16.15
1790891121.666 5.95 16.13
1790891122.171 6.18 16.13
1790891122.676 6.63 16.13
1790891123.180 5.96 16.11
1790891123.685 6.42 16.11
1790891124.190 5.76 16.07
1790891124.697 6.17 16.09
1790891125.206 6.61 16.10
1790891125.711 5.96 16.09
1790891126.218 6.38 16.09
1790891126.726 5.72 16.09
1790891127.231 6.20 16.10
1790891127.738 6.65 16.09
1790891128.248 6.02 16.08
1790891128.753 6.44 16.07
1790891129.261 5.77 16.06
1790891129.767 6.20 16.06
1790891130.274 6.70 16.14
1790891130.783 6.06 16.11
1790891131.289 6.50 16.13
1790891131.798 5.86 16.12
1790891132.304 6.33 16.12
1790891132.809 6.80 16.14
1790891133.316 6.12 16.12
1790891133.820 6.58 16.14
1790891134.325 5.95 16.12
1790891134.830 6.41 16.12
1790891135.335 5.74 16.10
1790891135.840 6.18 16.11
1790891136.344 6.63 16.11
1790891136.849 5.99 16.09
1790891137.354 6.46 16.12
1790891137.859 5.79 16.10
1790891138.366 6.24 16.10
1790891138.875 6.75 16.13
1790891139.381 6.07 16.11
1790891139.886 6.54 16.12
1790891140.391 5.90 16.14
1790891140.896 6.44 16.21
1790891141.403 6.88 16.21
1790891141.911 6.20 16.19
1790891142.418 6.67 16.22
1790891142.929 6.02 16.20
1790891143.436 6.49 16.21
1790891143.942 5.82 16.19
1790891144.447 6.27 16.19
1790891144.954 6.78 16.22
1790891145.463 6.09 16.20
1790891145.970 6.53 16.21
1790891146.478 5.84 16.20
1790891146.983 6.20 16.16
1790891147.487 6.67 16.17
1790891147.992 5.98 16.15
1790891148.497 7.00 16.68
1790891149.002 6.36 16.68
1790891149.507 6.75 16.64
1790891150.011 6.13 16.63
1790891150.517 6.63 16.64
1790891151.022 7.08 16.64
1790891151.530 6.44 16.63
1790891152.039 6.92 16.62
1790891152.546 6.23 16.60
1790891153.054 6.71 16.60
1790891153.559 6.10 16.60
1790891154.064 6.54 16.60
1790891154.572 7.05 16.61
1790891155.081 6.41 16.60
1790891155.589 6.84 16.60
1790891156.095 6.21 16.59
1790891156.600 6.70 16.60
1790891157.108 6.07 16.57
1790891157.616 6.52 16.58
1790891158.124 7.00 16.59
1790891158.632 6.35 16.59
1790891159.141 6.85 16.62
1790891159.646 6.17 16.60
1790891160.152 6.67 16.62
1790891160.658 7.14 16.63
1790891161.163 6.48 16.61
1790891161.669 6.95 16.62
1790891162.174 6.27 16.61
1790891162.680 6.72 16.62
1790891163.186 6.09 16.61
1790891163.691 6.58 16.60
1790891164.196 6.99 16.50
1790891164.701 6.83 16.36
1790891165.207 5.99 15.53
1790891165.712 6.03 15.59
1790891166.218 5.90 15.48
1790891166.723 5.17 14.76
1790891167.228 5.14 14.76
1790891167.733 4.84 14.47
1790891168.239 4.67 14.32
1790891168.745 4.44 14.09
1790891169.252 3.78 13.46
1790891169.757 3.75 13.44
1790891170.262 3.56 13.26
1790891170.768 3.38 13.09
1790891171.273 3.26 12.98
1790891171.778 2.84 12.76
1790891172.284 2.17 12.75
1790891172.790 2.74 12.83
1790891173.295 2.08 12.82
1790891173.800 2.58 12.83
1790891174.305 3.05 12.84
1790891174.811 2.66 12.39
1790891175.316 2.24 11.97
1790891175.821 2.20 11.96
1790891176.327 2.16 11.94
1790891176.832 2.12 11.93
1790891177.337 2.09 11.93
1790891177.842 1.98 11.82
1790891178.347 1.94 11.78
1790891178.853 1.94 11.78
1790891179.358 2.31 12.18
1790891179.863 1.96 12.17
1790891180.368 1.58 12.17
1790891180.873 1.27 11.93
1790891181.379 0.89 11.63
1790891181.884 0.82 11.57
1790891182.392 0.81 11.56
1790891182.899 1.03 11.63
1790891183.405 1.28 11.03
1790891183.913 1.41 11.32
1790891184.419 1.31 11.22
1790891184.924 2.03 11.36
1790891185.429 1.37 10.75
1790891185.934 1.34 10.76
1790891186.440 3.42 12.84
1790891186.945 3.56 12.98
1790891187.450 3.94 13.37
1790891187.955 108.03 117.45
1790891188.460 108.02 117.45
1790891188.965 108.03 117.45
1790891190.286 108.00 117.44
1790891190.792 108.00 117.44
1790891191.297 108.00 117.44
1790891191.803 108.00 117.44
1790891192.308 108.00 117.44
1790891192.814 108.00 117.44
1790891193.319 108.00 117.44
1790891193.824 108.00 117.44
1790891194.330 108.01 117.44
1790891194.835 108.01 117.44
1790891195.341 108.01 117.44
1790891195.847 108.01 117.44
1790891196.352 108.01 117.44
1790891196.858 108.01 117.44
1790891197.364 108.01 117.44
1790891197.870 108.01 117.44
1790891198.375 108.01 117.44
1790891198.880 108.00 117.44
1790891199.386 108.00 117.44
1790891199.890 108.00 117.43
1790891200.396 108.00 117.43
1790891200.902 108.00 117.43
1790891201.408 108.00 117.43
1790891201.913 108.00 117.43
1790891202.419 108.00 117.43
1790891202.925 108.00 117.43
1790891203.430 108.00 117.43
1790891203.936 107.98 117.41
1790891204.441 107.98 117.41
1790891204.947 107.98 117.41
1790891205.453 107.98 117.41
1790891205.958 107.98 117.41
1790891206.464 107.98 117.41
1790891206.969 107.98 117.41
1790891207.476 107.98 117.41
1790891207.982 107.98 117.41
1790891208.486 107.98 117.41
1790891208.991 107.98 117.41
1790891209.497 107.98 117.41
1790891210.003 107.97 117.40
1790891210.508 107.97 117.40
1790891211.014 107.97 117.40
1790891211.520 107.97 117.40
1790891212.025 107.97 117.40
1790891212.531 107.97 117.40
1790891213.037 107.97 117.40
1790891213.542 107.95 117.39
1790891214.048 107.95 117.39
1790891214.554 107.96 117.39
1790891215.060 107.96 117.39
1790891215.565 107.96 117.39
1790891216.071 107.96 117.39
1790891216.577 107.96 117.39
1790891217.082 107.96 117.39
1790891217.587 107.96 117.39
1790891218.092 107.96 117.39
1790891218.598 107.95 117.38
1790891219.102 107.96 117.40
1790891219.608 107.96 117.39
1790891220.114 107.94 117.37
1790891220.620 107.94 117.37
1790891221.126 107.94 117.37
1790891221.631 107.94 117.37
1790891222.137 107.94 117.37
1790891222.643 107.94 117.37
1790891223.148 107.94 117.37
1790891223.654 107.92 117.36
1790891224.160 107.92 117.36
1790891224.665 107.93 117.36
1790891225.170 107.93 117.36
1790891225.675 107.91 117.35
1790891226.181 107.91 117.36
1790891226.687 107.91 117.36
1790891227.193 107.91 117.36
1790891227.698 107.92 117.36
1790891228.204 107.92 117.36
1790891228.710 107.92 117.36
1790891229.215 107.93 117.38
1790891229.721 107.94 117.38
1790891230.226 107.94 117.39
1790891230.732 107.94 117.39
1790891231.238 107.95 117.39
1790891231.744 107.94 117.39
1790891232.250 107.94 117.39
1790891232.755 107.94 117.39
1790891233.261 107.94 117.39
1790891233.767 107.94 117.39
1790891234.272 107.96 117.40
1790891234.778 107.96 117.40
1790891235.283 107.96 117.40
1790891235.789 107.96 117.40
1790891236.295 107.96 117.40
1790891236.801 107.96 117.40
1790891237.306 107.96 117.40
1790891237.812 107.96 117.40
1790891238.318 107.96 117.40
1790891238.823 107.94 117.39
1790891239.329 107.94 117.39
1790891239.835 107.94 117.39
1790891240.339 107.93 117.38
1790891240.845 107.93 117.37
1790891241.351 107.93 117.38
1790891241.856 107.93 117.38
1790891242.362 107.93 117.38
1790891242.868 107.93 117.38
1790891243.373 107.93 117.38
1790891243.879 107.91 117.36
1790891244.385 107.92 117.37
1790891244.900 118.00 117.46
1790891245.420 118.00 117.46
1790891245.926 118.00 117.46
1790891246.431 118.00 117.45
1790891246.937 118.00 117.45
1790891247.443 118.00 117.46
1790891247.949 118.00 117.46
1790891248.454 118.00 117.45
1790891248.960 117.99 117.45
1790891249.464 118.00 117.46
1790891249.970 117.99 117.46
1790891250.476 117.98 117.48
1790891250.982 117.98 117.48
1790891251.487 117.98 117.48
1790891251.993 117.98 117.48
1790891252.498 117.98 117.48
1790891253.004 117.98 117.48
1790891253.510 117.97 117.46
1790891254.016 117.97 117.46
1790891254.522 117.97 117.46
1790891255.028 117.97 117.46
1790891255.534 117.97 117.46
1790891256.038 117.96 117.46
1790891256.544 117.96 117.46
1790891257.050 117.96 117.46
1790891257.556 117.96 117.46
1790891258.062 117.96 117.46
1790891258.566 117.91 117.44
1790891259.071 117.83 117.45
1790891259.577 117.79 117.45
1790891260.082 117.48 117.30
1790891260.588 117.36 117.24
1790891261.092 117.31 117.20
1790891261.597 117.25 117.15
1790891262.102 116.95 116.89
1790891262.608 116.07 116.04
1790891263.114 115.69 115.66
1790891263.619 115.28 115.25
1790891264.124 114.79 114.77
1790891264.629 114.70 114.70
1790891265.135 113.68 114.07
1790891265.640 113.26 113.27
1790891266.145 113.01 113.05
1790891266.650 112.76 112.82
1790891267.155 112.50 112.58
1790891267.661 110.71 110.81
1790891268.167 110.33 110.45
1790891268.672 109.91 110.06
1790891269.176 110.68 110.85
1790891269.681 110.50 110.68
1790891270.186 110.28 110.48
1790891270.692 110.03 110.24
1790891271.197 108.22 108.45
1790891271.702 108.20 108.45
1790891272.206 108.18 108.45
1790891272.712 108.16 108.45
1790891273.217 108.15 108.45
1790891273.722 107.31 107.64
1790891274.227 107.74 108.09
1790891274.733 107.35 107.72
1790891275.237 107.31 107.69
1790891275.742 107.10 107.50
1790891276.247 106.91 107.33
1790891276.752 106.71 107.15
1790891277.257 104.79 105.24
1790891277.762 104.77 105.24
1790891278.267 104.75 105.25
1790891278.772 104.72 105.24
1790891279.277 104.70 105.24
1790891279.783 104.67 105.24
1790891280.288 104.53 105.12
1790891280.794 104.51 105.12
1790891281.299 104.30 104.93
1790891281.804 104.05 104.70
1790891282.309 103.86 104.51
1790891282.815 102.14 102.81
1790891283.320 102.11 102.81
1790891283.825 102.09 102.81
1790891284.330 102.06 102.81
1790891284.836 102.04 102.81
1790891285.342 101.61 102.40
1790891285.847 101.20 102.01
1790891286.352 101.32 102.16
1790891286.858 101.17 102.02
1790891287.363 100.98 101.85
1790891287.868 100.71 101.62
1790891288.373 99.06 99.97
1790891288.878 99.03 99.97
1790891289.383 99.01 99.97
1790891289.888 98.98 99.97
1790891290.394 98.95 99.96
1790891290.899 98.57 99.61
1790891291.404 98.23 99.29
1790891291.910 98.78 99.85
1790891292.415 98.60 99.69
1790891292.920 98.40 99.51
1790891293.425 98.21 99.33
1790891293.931 96.58 97.72
1790891294.436 96.55 97.71
1790891294.941 96.53 97.71
1790891295.447 96.51 97.71
1790891295.952 96.48 97.72
1790891296.458 96.16 97.42
1790891296.963 95.75 97.03
1790891297.469 96.18 97.48
1790891297.974 96.02 97.33
1790891298.479 95.83 97.16
1790891298.984 95.63 96.97
1790891299.490 93.89 95.25
1790891299.995 93.86 95.25
1790891300.500 93.84 95.25
1790891301.004 93.80 95.23
1790891301.510 93.78 95.23
1790891302.016 93.36 94.84
1790891302.521 92.94 94.45
1790891303.026 93.63 95.15
1790891303.531 93.44 94.97
1790891304.037 93.27 94.82
1790891304.542 93.08 94.65
1790891305.047 91.42 93.00
1790891305.551 91.39 93.00
1790891306.056 91.37 93.00
1790891306.562 91.34 93.00
1790891307.067 91.32 93.00
1790891307.573 90.84 92.54
1790891308.079 90.42 92.15
1790891308.583 90.56 92.30
1790891309.088 90.36 92.12
1790891309.593 90.17 91.95
1790891310.098 89.98 91.77
1790891310.604 88.35 90.16
1790891311.109 88.33 90.16
1790891311.614 88.31 90.16
1790891312.119 88.29 90.16
1790891312.624 88.27 90.15
1790891313.129 88.25 90.15
1790891313.634 87.74 89.66
1790891314.140 87.32 89.27
1790891314.645 87.85 89.81
1790891315.151 87.68 89.67
1790891315.656 87.51 89.51
1790891316.161 87.33 89.34
1790891316.667 85.79 87.82
1790891317.171 85.71 87.76
1790891317.677 85.69 87.76
1790891318.182 85.67 87.76
1790891318.687 85.65 87.76
1790891319.193 85.42 87.55
1790891319.698 85.00 87.17
1790891320.204 85.33 87.51
1790891320.709 85.18 87.38
1790891321.214 84.98 87.19
1790891321.719 84.84 87.08
1790891322.224 84.66 86.91
1790891322.729 83.09 85.36
1790891323.234 83.07 85.36
1790891323.739 83.04 85.35
1790891324.244 83.02 85.35
1790891324.750 82.20 84.55
1790891325.255 82.67 85.05
1790891325.761 82.36 84.75
1790891326.266 82.88 85.30
1790891326.771 82.69 85.12
1790891327.276 82.50 84.95
1790891327.781 82.31 84.77
1790891328.286 80.60 83.07
1790891328.791 80.55 83.05
1790891329.296 80.54 83.07
1790891329.801 80.52 83.07
1790891330.307 80.20 82.77
1790891330.813 80.15 82.75
1790891331.318 79.74 82.36
1790891331.823 79.99 82.64
1790891332.328 79.81 82.47
1790891332.833 79.59 82.26
1790891333.339 79.35 82.04
1790891333.843 77.73 80.43
1790891334.348 77.70 80.43
1790891334.853 77.68 80.43
1790891335.358 77.65 80.43
1790891335.863 77.64 80.44
1790891336.369 77.26 80.08
1790891336.874 76.90 79.75
1790891337.380 77.55 80.41
1790891337.885 77.33 80.20
1790891338.390 77.12 80.01
1790891338.895 76.92 79.83
1790891339.400 75.33 78.25
1790891339.905 75.30 78.25
1790891340.410 75.28 78.25
1790891340.915 75.25 78.25
1790891341.421 75.43 78.45
1790891341.926 75.03 78.08
1790891342.432 74.63 77.70
1790891342.937 75.26 78.34
1790891343.442 75.05 78.15
1790891343.948 74.84 77.96
1790891344.454 74.56 77.70
1790891344.959 73.01 76.16
1790891345.465 72.99 76.16
1790891345.970 72.97 76.17
1790891346.475 72.94 76.17
1790891346.981 72.83 76.07
1790891347.487 72.43 75.71
1790891347.992 71.48 74.77
1790891348.497 72.04 75.35
1790891349.002 71.85 75.18
1790891349.507 71.68 75.03
1790891350.014 71.36 74.73
1790891350.523 69.89 73.28
1790891351.028 69.86 73.26
1790891351.533 69.83 73.26
1790891352.038 69.80 73.26
1790891352.543 69.31 72.79
1790891353.049 68.95 72.45
1790891353.553 68.64 72.16
1790891354.058 69.03 72.57
1790891354.563 68.82 72.37
1790891355.068 68.59 72.16
1790891355.573 68.40 71.99
1790891356.077 66.74 70.34
1790891356.583 66.71 70.34
1790891357.088 66.69 70.34
1790891357.593 66.67 70.34
1790891358.099 65.85 69.54
1790891358.605 66.16 69.88
1790891359.110 65.77 69.51
1790891359.615 66.32 70.08
1790891360.120 66.17 69.94
1790891360.625 65.95 69.74
1790891361.131 65.73 69.54
1790891361.636 64.19 68.01
1790891362.141 64.17 68.01
1790891362.646 64.14 68.01
1790891363.151 64.12 68.01
1790891363.656 64.00 67.91
1790891364.162 63.66 67.60
1790891364.667 63.26 67.23
1790891365.172 63.82 67.80
1790891365.677 63.59 67.59
1790891366.182 63.41 67.43
1790891366.688 63.21 67.24
1790891367.193 61.56 65.61
1790891367.698 61.52 65.60
1790891368.203 61.49 65.60
1790891368.709 61.90 66.04
1790891369.215 61.62 65.80
1790891369.721 61.42 65.61
1790891370.226 61.30 65.52
1790891370.731 61.16 65.40
1790891371.235 59.94 64.20
1790891371.740 59.91 64.20
1790891372.245 59.88 64.20
1790891372.750 59.85 64.20
1790891373.255 59.66 64.04
1790891373.760 59.39 63.80
1790891374.265 59.26 63.69
1790891374.770 59.14 63.60
1790891375.275 59.02 63.50
1790891375.781 57.87 62.37
1790891376.286 57.83 62.37
1790891376.791 57.80 62.37
1790891377.296 57.77 62.37
1790891377.802 57.07 61.70
1790891378.306 56.94 61.60
1790891378.811 56.84 61.51
1790891379.316 56.72 61.42
1790891379.821 55.56 60.27
1790891380.326 55.50 60.24
1790891380.831 55.47 60.24
1790891381.335 55.41 60.22
1790891381.841 55.17 60.00
1790891382.346 54.87 59.72
1790891382.851 55.12 60.00
1790891383.355 55.02 59.92
1790891383.860 54.83 59.76
1790891384.366 53.70 58.64
1790891384.870 53.63 58.61
1790891385.375 53.61 58.61
1790891385.880 53.58 58.61
1790891386.385 53.48 58.54
1790891386.891 53.13 58.22
1790891387.396 53.09 58.20
1790891387.900 53.01 58.14
1790891388.405 52.88 58.03
1790891388.910 51.71 56.88
1790891389.415 51.69 56.88
1790891389.921 51.66 56.88
1790891390.425 51.56 56.80
1790891390.931 50.91 56.17
1790891391.436 50.58 55.87
1790891391.942 50.25 55.55
1790891392.447 50.72 56.04
1790891392.952 50.54 55.88
1790891393.457 50.41 55.76
1790891393.962 50.23 55.60
1790891394.466 48.74 54.13
1790891394.971 48.72 54.13
1790891395.477 48.69 54.13
1790891395.982 48.67 54.13
1790891396.487 48.65 54.13
1790891396.992 48.13 53.63
1790891397.498 47.73 53.26
1790891398.002 48.27 53.81
1790891398.507 48.11 53.67
1790891399.012 47.97 53.55
1790891399.517 47.80 53.40
1790891400.022 46.27 51.88
1790891400.526 46.24 51.88
1790891401.031 46.22 51.88
1790891401.536 46.19 51.88
1790891402.041 45.91 51.62
1790891402.547 45.23 50.96
1790891403.052 44.93 50.67
1790891403.558 46.28 52.05
1790891404.063 46.12 51.91
1790891404.567 45.94 51.74
1790891405.072 45.81 51.63
1790891405.578 44.29 50.12
1790891406.083 44.19 50.04
1790891406.588 44.16 50.04
1790891407.093 44.13 50.04
1790891407.598 44.11 50.04
1790891408.103 43.68 49.62
1790891408.608 43.29 49.26
1790891409.113 43.17 49.16
1790891409.619 42.97 48.98
1790891410.123 42.79 48.81
1790891410.628 42.59 48.62
1790891411.134 40.92 46.97
1790891411.639 40.84 46.91
1790891412.145 40.82 46.91
1790891412.649 40.80 46.91
1790891413.154 40.78 46.91
1790891413.659 40.75 46.90
1790891414.164 40.44 46.61
1790891414.670 40.05 46.25
1790891415.175 40.50 46.71
1790891415.680 40.31 46.54
1790891416.185 40.10 46.35
1790891416.689 39.92 46.18
1790891417.195 38.28 44.56
1790891417.700 38.26 44.56
1790891418.204 38.24 44.56
1790891418.709 38.19 44.55
1790891419.215 37.37 43.75
1790891419.720 37.35 43.75
1790891420.226 36.96 43.38
1790891420.731 37.43 43.87
1790891421.236 37.22 43.68
1790891421.741 37.01 43.49
1790891422.246 36.82 43.31
1790891422.751 35.22 41.73
1790891423.256 35.20 41.74
1790891423.760 35.16 41.72
1790891424.266 35.13 41.72
1790891424.771 34.67 41.28
1790891425.277 34.27 40.90
1790891425.782 33.47 40.13
1790891426.288 33.94 40.61
1790891426.793 33.71 40.39
1790891427.298 33.50 40.20
1790891427.803 33.28 40.00
1790891428.308 31.70 38.43
1790891428.813 31.65 38.40
1790891429.318 31.63 38.41
1790891429.823 31.61 38.41
1790891430.328 31.59 38.41
1790891430.834 31.45 38.29
1790891431.340 31.05 37.91
1790891431.845 31.51 38.39
1790891432.350 31.39 38.29
1790891432.855 31.25 38.17
1790891433.360 31.11 38.04
1790891433.865 29.51 36.46
1790891434.370 29.49 36.46
1790891434.875 29.46 36.46
1790891435.380 29.44 36.46
1790891435.885 29.43 36.46
1790891436.391 29.22 36.27
1790891436.897 28.82 35.90
1790891437.402 29.30 36.40
1790891437.907 29.16 36.27
1790891438.412 28.95 36.08
1790891438.917 28.72 35.87
1790891439.422 28.52 35.68
1790891439.928 26.91 34.08
1790891440.433 26.88 34.08
1790891440.938 26.86 34.08
1790891441.443 26.84 34.08
1790891441.949 26.80 34.07
1790891442.454 26.42 33.70
1790891442.960 26.02 33.33
1790891443.465 26.20 33.53
1790891443.969 26.03 33.38
1790891444.474 25.87 33.23
1790891444.979 25.70 33.09
1790891445.484 24.17 31.57
1790891445.989 24.15 31.57
1790891446.494 24.13 31.58
1790891446.999 24.11 31.57
1790891447.504 24.09 31.58
1790891448.010 23.99 31.49
1790891448.514 23.52 31.13
1790891449.020 23.23 30.91
1790891449.524 23.74 31.44
1790891450.029 23.62 31.33
1790891450.535 23.47 31.21
1790891451.041 22.80 30.55
1790891451.547 21.85 29.61
1790891452.052 21.82 29.61
1790891452.556 21.80 29.61
1790891453.061 21.77 29.61
1790891453.566 21.50 29.36
1790891454.072 21.10 28.98
1790891454.578 21.06 28.97
1790891455.082 21.36 29.29
1790891455.588 21.18 29.12
1790891456.092 21.00 28.95
1790891456.598 20.09 28.06
1790891457.104 19.15 27.14
1790891457.609 19.13 27.14
1790891458.114 19.11 27.15
1790891458.619 19.07 27.14
1790891459.124 18.73 26.82
1790891459.630 18.33 26.44
1790891460.135 18.37 26.50
1790891460.639 18.23 26.38
1790891461.145 18.07 26.23
1790891461.650 17.90 26.08
1790891462.156 16.22 24.41
1790891462.661 16.14 24.36
1790891463.166 16.12 24.36
1790891463.671 16.08 24.35
1790891464.176 16.06 24.35
1790891464.681 15.45 23.76
1790891465.187 15.05 23.39
1790891465.691 15.42 23.77
1790891466.196 15.26 23.63
1790891466.701 15.09 23.48
1790891467.207 14.92 23.33
1790891467.712 13.35 21.77
1790891468.217 13.33 21.77
1790891468.722 13.29 21.76
1790891469.227 13.29 21.78
1790891469.732 13.27 21.78
1790891470.238 12.96 21.48
1790891470.744 12.54 21.09
1790891471.248 11.40 19.98
1790891471.753 12.90 21.49
1790891472.258 12.76 21.36
1790891472.763 12.53 21.15
1790891473.267 12.35 20.98
1790891473.773 10.86 19.51
1790891474.278 10.79 19.46
1790891474.784 11.80 20.50
1790891475.289 11.61 20.33
1790891475.795 11.44 20.18
1790891476.300 9.76 18.52
1790891476.806 9.35 18.13
1790891477.311 10.50 19.30
1790891477.815 10.34 19.16
1790891478.321 10.16 19.00
1790891478.826 9.96 18.82
1790891479.331 8.37 17.23
1790891479.836 8.27 17.16
1790891480.342 8.24 17.16
1790891480.847 8.22 17.16
1790891481.352 8.20 17.16
1790891481.857 8.15 17.13
1790891482.363 7.79 16.79
1790891482.868 8.08 17.10
1790891483.372 7.93 16.97
1790891483.877 7.75 16.81
1790891484.382 7.54 16.61
1790891484.887 7.33 16.42
1790891485.393 4.89 14.32
1790891485.898 6.53 16.00
1790891486.403 6.13 16.27
1790891486.909 6.65 16.29
1790891487.414 7.10 16.29
1790891487.919 6.45 16.29
1790891488.425 6.93 16.30
1790891488.929 6.24 16.28
1790891489.435 6.69 16.29
1790891489.940 7.15 16.30
1790891490.446 6.48 16.28
1790891490.951 6.95 16.30
1790891491.457 6.31 16.29
1790891491.962 6.77 16.29
1790891492.467 6.14 16.27
1790891492.972 6.56 16.28
1790891493.478 7.04 16.29
1790891493.982 6.37 16.27
1790891494.487 6.82 16.27
1790891494.992 6.18 16.26
1790891495.498 6.66 16.27
1790891496.002 7.12 16.28
1790891496.508 6.47 16.26
1790891497.013 6.92 16.27
1790891497.518 6.30 16.26
1790891498.023 6.75 16.27
1790891498.527 6.12 16.25
1790891499.033 6.54 16.26
1790891499.538 7.04 16.27
1790891500.043 6.37 16.27
1790891500.548 6.82 16.26
1790891501.053 6.17 16.25
1790891501.558 6.67 16.27
1790891502.064 7.13 16.29
1790891502.569 6.50 16.28
1790891503.075 6.94 16.28
1790891503.580 6.34 16.30
1790891504.086 6.79 16.31
1790891504.591 6.38 16.27
1790891505.097 6.55 16.30
1790891505.602 7.02 16.31
1790891506.107 6.34 16.31
1790891506.613 6.83 16.30
1790891507.118 6.14 16.29
1790891507.623 6.61 16.30
1790891508.129 7.08 16.31
1790891508.634 6.43 16.30
1790891509.140 6.89 16.31
1790891509.645 6.21 16.30
1790891510.150 6.71 16.31
1790891510.656 7.18 16.32
1790891511.161 6.54 16.31
1790891511.666 6.97 16.31
1790891512.172 6.34 16.30
1790891512.677 6.84 16.33
1790891513.182 6.18 16.33
1790891513.687 6.60 16.31
1790891514.192 7.14 16.36
1790891514.698 6.50 16.36
1790891515.203 6.95 16.37
1790891515.709 6.31 16.36
1790891516.214 6.78 16.37
1790891516.719 7.27 16.38
1790891517.224 6.58 16.36
1790891517.729 7.08 16.37
1790891518.235 6.40 16.36
1790891518.740 6.88 16.35
1790891519.245 6.25 16.36
1790891519.750 6.72 16.37
1790891520.256 7.18 16.38
1790891520.761 6.53 16.37
1790891521.266 6.96 16.37
1790891521.772 6.34 16.37
1790891522.276 6.80 16.36
1790891522.782 6.32 16.33
1790891523.287 6.62 16.36
1790891523.792 7.08 16.37
1790891524.298 6.41 16.36
1790891524.803 6.88 16.36
1790891525.308 6.30 16.41
1790891525.813 6.72 16.41
1790891526.319 7.17 16.42
1790891526.824 6.54 16.42
1790891527.329 6.98 16.42
1790891527.835 6.31 16.41
1790891528.340 6.78 16.42
1790891528.845 7.25 16.41
1790891529.350 6.64 16.41
1790891529.855 7.06 16.41
1790891530.361 6.43 16.40
1790891530.866 6.89 16.41
1790891531.371 6.25 16.39
1790891531.876 6.66 16.39
1790891532.381 7.10 16.38
1790891532.887 6.47 16.37
1790891533.393 6.91 16.37
1790891533.897 6.27 16.36
1790891534.402 6.75 16.37
1790891534.907 7.21 16.37
1790891535.412 6.55 16.37
1790891535.917 7.07 16.42
1790891536.423 6.43 16.42
1790891536.928 6.90 16.42
1790891537.433 6.26 16.40
1790891537.938 6.75 16.48
1790891538.444 7.21 16.49
1790891538.949 6.59 16.49
1790891539.454 7.04 16.50
1790891539.960 6.40 16.49
1790891540.465 6.86 16.50
1790891540.971 7.33 16.50
1790891541.476 6.65 16.49
1790891541.982 7.14 16.49
1790891542.486 6.46 16.48
1790891542.992 6.91 16.49
1790891543.496 7.37 16.49
1790891544.002 6.71 16.47
1790891544.508 7.19 16.48
1790891545.013 6.52 16.47
1790891545.518 7.02 16.48
1790891546.022 6.44 16.53
1790891546.528 6.89 16.54
1790891547.033 7.34 16.55
1790891547.538 6.70 16.54
1790891548.043 7.19 16.55
1790891548.548 6.50 16.53
1790891549.054 7.00 16.54
1790891549.559 6.42 16.58
1790891550.064 6.88 16.60
1790891550.570 7.33 16.61
1790891551.075 6.70 16.60
1790891551.580 7.18 16.60
1790891552.086 6.50 16.59
1790891552.590 6.98 16.59
1790891553.096 7.43 16.60
1790891553.601 6.77 16.57
1790891554.106 7.24 16.57
1790891554.611 6.62 16.58
1790891555.117 7.06 16.58
1790891555.622 6.42 16.58
1790891556.127 6.89 16.59
1790891556.633 7.36 16.59
1790891557.138 6.68 16.59
1790891557.644 7.17 16.59
1790891558.149 6.56 16.59
1790891558.655 7.02 16.60
1790891559.160 7.49 16.61
1790891559.665 6.81 16.59
1790891560.170 7.26 16.60
1790891560.676 6.62 16.59
1790891561.181 7.11 16.63
1790891561.686 6.46 16.62
1790891562.191 6.92 16.62
1790891562.696 7.38 16.64
1790891563.202 6.72 16.62
1790891563.708 7.19 16.61
1790891564.213 6.57 16.61
1790891564.718 7.13 16.67
1790891565.223 7.54 16.68
1790891565.729 7.32 16.49
1790891566.234 7.16 16.34
1790891566.739 6.18 15.38
1790891567.244 6.50 15.72
1790891567.749 6.35 15.58
1790891568.254 5.69 14.93
1790891568.759 5.68 14.93
1790891569.264 5.62 14.89
1790891569.770 5.56 14.84
1790891570.275 5.37 14.67
1790891570.781 4.67 13.98
1790891571.286 4.65 13.98
1790891571.792 4.34 13.68
1790891572.297 4.31 13.67
1790891572.803 4.19 13.56
1790891573.309 4.00 13.48
1790891573.814 3.59 13.72
1790891574.320 4.27 13.73
1790891574.825 3.60 13.73
1790891575.331 4.26 13.74
1790891575.836 3.60 13.74
1790891576.342 4.26 13.76
1790891576.847 3.97 13.35
1790891577.352 3.55 12.93
1790891577.858 3.50 12.90
1790891578.364 3.46 12.88
1790891578.869 3.40 12.85
1790891579.374 3.37 12.84
1790891579.880 3.29 12.78
1790891580.385 3.20 12.69
1790891580.890 3.19 12.68
1790891581.394 3.36 12.88
1790891581.900 3.08 12.87
1790891582.405 2.67 12.87
1790891582.910 2.48 12.75
1790891583.415 1.71 12.09
1790891583.920 0.89 11.11
1790891584.425 0.89 11.11
1790891584.930 0.89 11.11
1790891585.436 0.89 11.11
1790891585.941 0.89 11.11
1790891586.446 0.89 11.11
1790891586.952 0.89 11.11
1790891587.458 0.89 11.11
1790891587.963 0.89 11.11
1790891588.469 0.89 11.11
1790891588.975 0.88 11.10
1790891589.481 0.88 11.10
1790891589.986 0.88 11.10
1790891590.492 0.88 11.10
1790891590.998 0.88 11.10
1790891591.503 0.87 11.10
1790891592.009 0.87 11.10
1790891592.514 0.87 11.10
1790891593.020 0.87 11.10
1790891593.526 0.87 11.09
1790891594.031 0.87 11.09
1790891594.537 0.87 11.09
1790891595.042 0.84 11.06
1790891595.547 0.84 11.06
1790891596.052 0.84 11.06
1790891596.557 0.84 11.06
1790891597.061 0.84 11.06
1790891597.565 0.84 11.06
1790891598.070 0.84 11.06
1790891598.574 0.84 11.06
1790891599.078 0.84 11.06
1790891599.583 4.38 11.10
1790891600.095 11.34 11.16
1790891600.615 11.34 11.16
1790891601.121 11.34 11.16
1790891601.627 11.34 11.16
1790891602.133 11.34 11.16
1790891602.639 11.34 11.16
1790891603.144 11.32 11.15
1790891603.650 11.31 11.14
1790891604.156 11.31 11.14
1790891604.663 11.31 11.14
1790891605.168 11.31 11.14
1790891605.673 11.31 11.14
1790891606.178 11.30 11.14
1790891606.683 11.32 11.17
1790891607.188 11.32 11.17
1790891607.694 11.32 11.17
1790891608.200 11.32 11.17
1790891608.706 11.31 11.16
1790891609.212 11.32 11.17
1790891609.718 11.32 11.17
1790891610.224 11.32 11.17
1790891610.730 11.32 11.17
1790891611.236 11.32 11.17
1790891611.742 11.32 11.17
1790891612.247 11.31 11.17
1790891612.752 11.31 11.17
1790891613.258 11.30 11.16
1790891613.764 11.29 11.15
1790891614.270 11.28 11.15
1790891614.776 11.28 11.15
1790891615.282 11.29 11.15
1790891615.788 11.29 11.15
1790891616.294 11.29 11.15
1790891616.799 11.29 11.15
1790891617.305 11.29 11.15
1790891617.811 11.29 11.15
1790891618.317 11.29 11.15
1790891618.824 11.27 11.13
1790891619.329 11.29 11.15
1790891619.834 11.30 11.16
1790891620.340 11.30 11.16
1790891620.845 11.30 11.16
1790891621.350 11.30 11.16
1790891621.856 11.30 11.16
1790891622.362 11.30 11.16
1790891622.868 11.30 11.16
1790891623.373 11.29 11.16
1790891623.880 11.28 11.15
1790891624.386 11.28 11.15
1790891624.892 11.28 11.15
1790891625.398 11.28 11.15
1790891625.904 11.28 11.15
1790891626.410 11.28 11.15
1790891626.916 11.28 11.15
1790891627.422 11.28 11.15
1790891627.928 11.28 11.15
1790891628.433 11.28 11.15
1790891628.939 11.28 11.15
1790891629.445 11.28 11.15
1790891629.951 11.28 11.15
1790891630.456 11.28 11.15
1790891630.963 11.32 11.19
1790891631.469 11.32 11.19
1790891631.975 11.32 11.19
1790891632.480 11.32 11.19
1790891632.986 11.32 11.19
1790891633.494 11.31 11.17
1790891633.999 11.24 11.11
1790891634.504 11.22 11.09
1790891635.009 11.21 11.07
1790891635.514 11.20 11.07
1790891636.020 11.20 11.07
1790891636.525 11.21 11.08
1790891637.030 11.21 11.07
1790891637.536 11.21 11.08
1790891638.041 11.23 11.10
1790891638.547 11.19 11.06
1790891639.053 11.20 11.07
1790891639.559 11.21 11.08
1790891640.065 11.20 11.07
1790891640.570 11.20 11.07
1790891641.076 11.21 11.08
1790891641.581 11.22 11.08
1790891642.086 11.22 11.09
1790891642.591 11.20 11.07
1790891643.097 11.20 11.06
1790891643.603 11.18 11.05
1790891644.108 11.17 11.04
1790891644.614 11.16 11.03
1790891645.120 11.14 11.01
1790891645.625 11.13 11.00
1790891646.131 11.13 10.99
1790891646.637 11.12 10.99
1790891647.143 11.11 10.98
1790891647.648 11.11 10.98
1790891648.154 11.14 11.01
1790891648.661 11.12 10.99
1790891649.167 11.11 10.98
1790891649.673 11.11 10.98
1790891650.179 11.10 10.97
1790891650.685 11.12 10.99
1790891651.189 11.12 10.99
1790891651.695 11.11 10.98
1790891652.200 11.12 10.99
1790891652.706 11.13 11.00
1790891653.212 11.13 11.00
1790891653.717 11.12 10.99
1790891654.222 11.12 10.99
1790891654.727 11.12 10.99
1790891655.233 11.13 11.00
1790891655.738 11.12 11.00
1790891656.244 11.09 10.97
1790891656.749 11.08 10.96
1790891657.254 11.09 10.96
1790891657.759 11.10 10.97
1790891658.265 11.08 10.95
1790891658.770 11.06 10.94
1790891659.276 11.06 10.93
1790891659.782 11.05 10.92
1790891660.288 11.05 10.92
1790891660.793 11.04 10.91
1790891661.299 11.04 10.91
1790891661.806 11.06 10.93
1790891662.312 11.11 10.98
1790891662.817 11.11 10.98
1790891663.322 11.09 10.96
1790891663.827 11.05 10.93
1790891664.334 11.03 10.91
1790891664.839 11.03 10.90
1790891665.344 11.02 10.89
1790891665.849 11.02 10.89
1790891666.356 11.02 10.89
1790891666.862 11.01 10.88
1790891667.367 11.00 10.88
1790891667.872 11.00 10.88
1790891668.378 11.00 10.87
1790891668.883 10.98 10.85
1790891669.389 10.96 10.83
1790891669.896 10.95 10.82
1790891670.402 10.95 10.83
1790891670.907 10.96 10.83
1790891671.413 10.96 10.83
1790891671.919 10.96 10.84
1790891672.425 10.97 10.84
1790891672.930 10.96 10.84
1790891673.435 10.95 10.83
1790891673.941 10.94 10.81
1790891674.447 10.95 10.83
1790891674.952 10.95 10.82
1790891675.457 10.95 10.82
1790891675.963 10.95 10.82
1790891676.469 10.95 10.82
1790891676.974 10.94 10.82
1790891677.479 10.94 10.81
1790891677.985 10.94 10.81
1790891678.490 10.94 10.81
1790891678.996 10.92 10.79
1790891679.501 10.94 10.81
1790891680.006 10.93 10.80
1790891680.511 10.92 10.80
1790891681.016 10.92 10.79
1790891681.522 10.91 10.78
1790891682.028 10.90 10.77
1790891682.533 10.91 10.78
1790891683.038 10.90 10.77
1790891683.543 10.88 10.75
1790891684.049 10.90 10.77
1790891684.555 10.90 10.77
1790891685.060 10.90 10.77
1790891685.566 10.89 10.77
1790891686.073 10.90 10.77
1790891686.578 10.90 10.77
1790891687.084 10.90 10.77
1790891687.589 10.90 10.77
1790891688.095 10.91 10.78
1790891688.601 10.91 10.78
1790891689.107 10.90 10.78
1790891689.612 10.91 10.78
1790891690.117 10.91 10.79
1790891690.622 10.92 10.79
1790891691.127 10.92 10.79
1790891691.633 10.92 10.79
1790891692.138 10.93 10.80
1790891692.643 10.93 10.80
1790891693.149 10.95 10.82
1790891693.654 10.99 10.86
1790891694.160 11.00 10.87
1790891694.665 11.01 10.88
1790891695.171 11.01 10.88
1790891695.677 11.01 10.88
1790891696.182 11.01 10.88
1790891696.688 11.01 10.88
1790891697.193 11.01 10.88
1790891697.698 11.01 10.88
1790891698.203 11.00 10.88
1790891698.709 10.99 10.86
1790891699.214 10.99 10.86
1790891699.719 10.99 10.86
1790891700.225 10.99 10.86
1790891700.731 10.99 10.86
1790891701.237 10.99 10.86
1790891701.743 10.99 10.86
1790891702.249 10.99 10.86
1790891702.755 10.99 10.86
1790891703.261 11.00 10.87
1790891703.766 10.99 10.86
1790891704.272 11.01 10.88
1790891704.778 11.01 10.88
1790891705.284 11.01 10.88
1790891705.789 11.01 10.88
1790891706.295 11.01 10.88
1790891706.800 11.02 10.89
1790891707.306 11.02 10.89
1790891707.812 11.02 10.89
1790891708.318 11.02 10.89
1790891708.824 11.00 10.87
1790891709.330 11.00 10.87
1790891709.835 11.00 10.87
1790891710.341 11.00 10.87
1790891710.846 11.00 10.87
1790891711.352 11.00 10.87
1790891711.856 11.00 10.87
1790891712.362 11.00 10.87
1790891712.868 11.00 10.87
1790891713.374 11.00 10.87
1790891713.879 11.00 10.87
1790891714.385 11.04 10.92
1790891714.890 11.05 10.92
1790891715.396 11.05 10.92
1790891715.902 11.10 10.98
1790891716.408 11.10 10.98
1790891716.913 11.10 10.97
1790891717.418 11.10 10.97
1790891717.924 11.10 10.98
1790891718.429 11.10 10.97
1790891718.935 11.08 10.96
1790891719.441 11.09 10.96
1790891719.946 11.09 10.96
1790891720.452 11.09 10.96
1790891720.958 11.09 10.96
1790891721.464 11.09 10.96
1790891721.970 11.09 10.96
1790891722.475 11.09 10.96
1790891722.981 11.09 10.96
1790891723.486 11.09 10.96
1790891723.991 11.12 10.99
1790891724.497 11.13 11.00
1790891725.003 11.19 11.06
1790891725.509 11.19 11.06
1790891726.015 11.18 11.06
1790891726.522 11.18 11.06
1790891727.028 11.18 11.06
1790891727.535 11.21 11.08
1790891728.041 11.21 11.08
1790891728.548 11.20 11.07
1790891729.054 11.20 11.08
1790891729.560 11.20 11.08
1790891730.066 11.20 11.08
1790891730.572 11.20 11.08
1790891731.078 11.20 11.08
1790891731.584 11.20 11.08
1790891732.090 11.20 11.08
1790891732.596 11.20 11.08
1790891733.102 11.20 11.08
1790891733.607 11.19 11.06
1790891734.112 11.18 11.05
1790891734.619 11.18 11.05
1790891735.126 11.18 11.05
1790891735.632 11.19 11.06
1790891736.139 11.19 11.06
1790891736.645 11.19 11.06
1790891737.152 11.20 11.07
1790891737.658 11.20 11.07
1790891738.165 11.20 11.07
1790891738.671 11.18 11.05
1790891739.178 11.19 11.06
1790891739.684 11.19 11.06
1790891740.190 11.19 11.06
1790891740.696 11.19 11.06
1790891741.202 11.20 11.07
1790891741.708 11.20 11.07
1790891742.214 11.20 11.07
1790891742.721 11.20 11.07
1790891743.227 11.20 11.07
1790891743.733 11.19 11.06
1790891744.239 11.21 11.08
1790891744.745 11.21 11.08
1790891745.252 11.20 11.08
1790891745.758 11.21 11.08
1790891746.265 11.21 11.08
1790891746.771 11.21 11.09
1790891747.277 11.21 11.09
1790891747.783 11.21 11.09
1790891748.290 11.21 11.09
1790891748.795 11.21 11.09
1790891749.301 11.21 11.09
1790891749.807 11.21 11.09
1790891750.313 11.16 11.09
1790891750.819 11.05 11.06
1790891751.325 11.06 11.07
1790891751.831 11.06 11.07
1790891752.337 11.11 11.12
1790891752.843 11.11 11.12
1790891753.350 11.11 11.12
1790891753.857 11.09 11.10
1790891754.363 11.09 11.10
1790891754.869 11.09 11.10
1790891755.375 11.09 11.10
1790891755.880 11.09 11.10
1790891756.386 11.10 11.11
1790891756.892 11.11 11.12
1790891757.398 11.11 11.12
1790891757.903 11.11 11.12
1790891758.409 11.11 11.12
1790891758.915 11.10 11.11
1790891759.420 11.10 11.11
1790891759.926 11.10 11.11
1790891760.432 11.10 11.11
1790891760.937 11.10 11.11
1790891761.443 11.10 11.11
1790891761.948 11.10 11.11
1790891762.454 11.10 11.11
1790891762.960 11.11 11.12
1790891763.466 11.12 11.12
1790891763.971 11.12 11.12
1790891764.477 11.13 11.14
1790891764.982 11.13 11.14
1790891765.488 11.13 11.14
1790891765.993 11.13 11.14
1790891766.498 11.13 11.14
1790891767.003 11.13 11.14
1790891767.509 11.13 11.14
1790891768.015 11.13 11.14
1790891768.520 11.12 11.13
1790891769.026 11.12 11.13
1790891769.531 11.12 11.13
1790891770.036 11.12 11.13
1790891770.542 11.12 11.13
1790891771.048 11.13 11.14
1790891771.553 11.13 11.14
1790891772.059 11.13 11.14
1790891772.565 11.13 11.14
1790891773.070 11.13 11.14
1790891773.575 11.12 11.12
1790891774.081 11.12 11.13
1790891774.587 11.15 11.15
1790891775.092 11.15 11.15
1790891775.597 11.15 11.15
1790891776.103 11.15 11.16
1790891776.608 11.15 11.16
1790891777.114 11.15 11.16
1790891777.619 11.15 11.16
1790891778.125 11.15 11.16
1790891778.630 11.15 11.16
1790891779.136 11.15 11.16
1790891779.642 11.15 11.16
1790891780.148 11.20 11.21
1790891780.653 11.19 11.20
1790891781.158 11.20 11.21
1790891781.664 11.20 11.20
1790891782.169 11.20 11.21
1790891782.675 11.20 11.21
1790891783.181 11.20 11.21
1790891783.686 11.20 11.21
1790891784.194 11.20 11.21
1790891784.700 11.23 11.24
1790891785.205 11.23 11.23
1790891785.711 11.22 11.23
1790891786.216 11.21 11.22
1790891786.721 11.22 11.23
1790891787.227 11.21 11.22
1790891787.733 11.22 11.23
1790891788.239 11.19 11.20
1790891788.745 11.16 11.17
1790891789.251 11.16 11.17
1790891789.756 11.15 11.16
1790891790.262 11.15 11.16
1790891790.767 11.14 11.15
1790891791.273 11.15 11.16
1790891791.778 11.15 11.16
1790891792.284 11.14 11.15
1790891792.790 11.14 11.14
1790891793.296 11.12 11.13
1790891793.801 11.11 11.12
1790891794.306 11.11 11.12
1790891794.812 11.13 11.14
1790891795.318 11.12 11.13
1790891795.823 11.12 11.12
1790891796.329 11.11 11.12
1790891796.834 11.10 11.11
1790891797.339 11.05 11.06
1790891797.844 11.04 11.05
1790891798.349 11.05 11.06
1790891798.854 11.04 11.05
1790891799.360 11.00 11.01
1790891799.865 11.00 11.01
1790891800.370 10.99 11.00
1790891800.876 10.98 10.98
1790891801.382 10.98 10.99
1790891801.888 10.98 10.99
1790891802.394 10.97 10.98
1790891802.899 10.97 10.98
1790891803.404 10.96 10.97
1790891803.910 10.95 10.96
1790891804.416 10.98 10.99
1790891804.922 10.98 10.99
1790891805.427 10.98 10.99
1790891805.932 10.97 10.98
1790891806.438 10.95 10.96
1790891806.943 10.94 10.95
1790891807.449 10.91 10.92
1790891807.954 10.92 10.93
1790891808.460 10.92 10.93
1790891808.966 10.91 10.92
1790891809.472 10.91 10.92
1790891809.978 10.89 10.90
1790891810.483 10.89 10.90
1790891810.989 10.86 10.87
1790891811.494 10.83 10.84
1790891812.000 10.82 10.82
1790891812.505 10.81 10.82
1790891813.010 10.82 10.83
1790891813.515 10.80 10.81
1790891814.020 10.83 10.84
1790891814.525 10.82 10.83
1790891815.030 10.84 10.85
1790891815.536 10.82 10.83
1790891816.042 10.82 10.83
1790891816.547 10.81 10.82
1790891817.052 10.82 10.83
1790891817.558 10.77 10.78
1790891818.064 10.80 10.81
1790891818.570 10.78 10.79
1790891819.075 10.78 10.79
1790891819.582 10.76 10.77
1790891820.088 10.76 10.77
1790891820.593 10.76 10.77
1790891821.098 10.73 10.74
1790891821.605 10.73 10.74
1790891822.110 10.79 10.80
1790891822.616 10.79 10.80
1790891823.122 10.78 10.79
1790891823.627 10.77 10.78
1790891824.133 10.78 10.79
1790891824.638 10.77 10.78
1790891825.144 10.82 10.83
1790891825.650 10.81 10.82
1790891826.155 10.79 10.80
1790891826.660 10.79 10.80
1790891827.166 10.78 10.79
1790891827.671 10.78 10.79
1790891828.177 10.78 10.79
1790891828.681 10.77 10.78
1790891829.188 10.74 10.75
1790891829.694 10.73 10.74
1790891830.199 10.73 10.74
1790891830.705 10.73 10.74
1790891831.210 10.72 10.73
1790891831.715 10.72 10.73
1790891832.220 10.71 10.72
1790891832.726 10.70 10.71
1790891833.232 10.70 10.71
1790891833.737 10.68 10.69
1790891834.243 10.71 10.72
1790891834.748 10.70 10.71
1790891835.254 10.70 10.71
1790891835.759 10.69 10.70
1790891836.265 10.70 10.71
1790891836.770 10.67 10.68
1790891837.275 10.67 10.68
1790891837.781 10.66 10.67
1790891838.287 10.67 10.68
1790891838.792 10.66 10.67
1790891839.298 10.66 10.67
1790891839.804 10.65 10.66
1790891840.309 10.64 10.65
1790891840.815 10.64 10.65
1790891841.320 10.65 10.66
1790891841.826 10.64 10.65
1790891842.331 10.66 10.67
1790891842.837 10.65 10.66
1790891843.344 10.66 10.67
1790891843.850 10.63 10.64
1790891844.354 10.64 10.65
1790891844.860 10.64 10.65
1790891845.365 10.64 10.65
1790891845.870 10.65 10.66
1790891846.376 10.65 10.66
1790891846.882 10.65 10.66
1790891847.388 10.64 10.65
1790891847.893 10.65 10.66
1790891848.399 10.64 10.65
1790891848.904 10.63 10.64
1790891849.409 10.62 10.63
1790891849.915 10.62 10.63
1790891850.423 10.61 10.62
1790891850.928 10.60 10.61
1790891851.433 10.61 10.62
1790891851.938 10.60 10.61
1790891852.443 10.59 10.60
1790891852.948 10.60 10.60
1790891853.455 10.59 10.60
1790891853.961 10.62 10.63
1790891854.467 10.62 10.63
1790891854.972 10.61 10.62
1790891855.478 10.60 10.61
1790891855.984 10.58 10.59
1790891856.490 10.58 10.59
1790891856.996 10.59 10.60
1790891857.502 10.59 10.60
1790891858.008 10.57 10.58
1790891858.514 10.56 10.57
1790891859.019 10.55 10.56
1790891859.525 10.53 10.54
1790891860.030 10.52 10.53
1790891860.535 10.53 10.54
1790891861.040 10.51 10.52
1790891861.544 10.51 10.52
1790891862.050 10.51 10.52
1790891862.556 10.51 10.52
1790891863.062 10.50 10.51
1790891863.567 10.49 10.50
1790891864.072 10.45 10.46
1790891864.577 10.53 10.54
1790891865.082 10.53 10.54
1790891865.587 10.52 10.53
1790891866.093 10.51 10.52
1790891866.599 10.48 10.49
1790891867.104 10.47 10.48
1790891867.609 10.45 10.46
1790891868.114 10.49 10.50
1790891868.619 10.47 10.48
1790891869.125 10.47 10.48
1790891869.630 10.48 10.49
1790891870.137 10.47 10.48
1790891870.643 10.46 10.47
1790891871.149 10.45 10.46
1790891871.655 10.45 10.46
1790891872.160 10.43 10.44
1790891872.666 10.43 10.44
1790891873.172 10.48 10.49
1790891873.678 10.45 10.46
1790891874.184 10.47 10.48
1790891874.689 10.46 10.47
1790891875.195 10.46 10.47
1790891875.701 10.47 10.48
1790891876.208 10.47 10.48
1790891876.714 10.47 10.48
1790891877.220 10.49 10.50
1790891877.725 10.47 10.48
1790891878.231 10.46 10.47
1790891878.736 10.46 10.47
1790891879.242 10.45 10.46
1790891879.748 10.44 10.45
1790891880.254 10.44 10.45
1790891880.759 10.43 10.44
1790891881.265 10.42 10.43
1790891881.771 10.41 10.42
1790891882.276 10.40 10.41
1790891882.782 10.41 10.41
1790891883.288 10.36 10.37
1790891883.793 10.33 10.34
1790891884.299 10.33 10.34
1790891884.805 10.33 10.34
1790891885.311 10.32 10.33
1790891885.816 10.34 10.35
1790891886.321 10.34 10.35
1790891886.826 10.33 10.34
1790891887.332 10.33 10.34
1790891887.837 10.34 10.35
1790891888.343 10.36 10.37
1790891888.849 10.35 10.36
1790891889.355 10.36 10.37
1790891889.860 10.37 10.38
1790891890.366 10.36 10.37
1790891890.872 10.36 10.37
1790891891.378 10.35 10.36
1790891891.883 10.35 10.36
1790891892.389 10.35 10.36
1790891892.894 10.36 10.37
1790891893.399 10.36 10.37
1790891893.905 10.36 10.37
1790891894.410 10.38 10.39
1790891894.916 10.39 10.40
1790891895.421 10.39 10.40
1790891895.926 10.39 10.40
1790891896.432 10.40 10.41
1790891896.936 10.40 10.41
1790891897.442 10.39 10.40
1790891897.947 10.40 10.41
1790891898.453 10.40 10.41
1790891898.958 10.39 10.40
1790891899.464 10.40 10.41
1790891899.969 10.40 10.41
1790891900.475 10.40 10.41
1790891900.980 10.40 10.41
1790891901.486 10.40 10.41
1790891901.991 10.40 10.41
1790891902.497 10.40 10.41
1790891903.003 10.40 10.41
1790891903.509 10.40 10.41
1790891904.014 10.40 10.41
1790891904.519 10.45 10.46
1790891905.025 10.45 10.46
1790891905.530 10.43 10.44
1790891906.036 10.51 10.52
1790891906.542 10.51 10.52
1790891907.047 10.52 10.53
1790891907.553 10.52 10.53
1790891908.058 10.52 10.53
1790891908.564 10.51 10.52
1790891909.069 10.52 10.53
1790891909.575 10.52 10.53
1790891910.080 10.53 10.54
1790891910.585 10.53 10.54
1790891911.091 10.53 10.54
1790891911.597 10.52 10.53
1790891912.101 10.52 10.53
1790891912.607 10.52 10.53
1790891913.112 10.52 10.53
1790891913.618 10.52 10.53
1790891914.123 10.54 10.55
1790891914.629 10.54 10.55
1790891915.134 10.55 10.56
1790891915.639 10.56 10.57
1790891916.145 10.56 10.57
1790891916.651 10.56 10.57
1790891917.156 10.57 10.58
1790891917.661 10.57 10.58
1790891918.167 10.57 10.58
1790891918.673 10.55 10.56
1790891919.177 10.61 10.62
1790891919.683 10.61 10.62
1790891920.188 10.64 10.65
1790891920.694 10.64 10.65
1790891921.199 10.65 10.66
1790891921.704 10.65 10.66
1790891922.209 10.64 10.65
1790891922.715 10.63 10.64
1790891923.221 10.63 10.64
1790891923.727 10.63 10.64
1790891924.233 10.63 10.64
1790891924.739 10.63 10.64
1790891925.246 10.63 10.64
1790891925.751 10.67 10.68
1790891926.258 10.67 10.68
1790891926.764 10.71 10.72
1790891927.269 10.71 10.72
1790891927.775 10.71 10.72
1790891928.281 10.71 10.72
1790891928.786 10.70 10.71
1790891929.291 10.71 10.72
1790891929.798 10.72 10.73
1790891930.303 10.73 10.74
1790891930.809 10.73 10.74
1790891931.315 10.73 10.74
1790891931.820 10.75 10.76
1790891932.326 10.79 10.80
1790891932.832 10.79 10.80
1790891933.338 10.79 10.80
1790891933.844 10.77 10.78
1790891934.350 10.79 10.80
1790891934.856 10.79 10.80
1790891935.362 10.79 10.80
1790891935.868 10.79 10.80
1790891936.374 10.79 10.80
1790891936.880 10.80 10.81
1790891937.385 10.80 10.81
1790891937.892 10.80 10.81
1790891938.398 10.80 10.81
1790891938.903 10.78 10.79
1790891939.409 10.79 10.80
1790891939.915 10.79 10.80
1790891940.421 10.79 10.80
1790891940.927 10.80 10.81
1790891941.433 10.80 10.81
1790891941.939 10.80 10.81
1790891942.444 10.80 10.81
1790891942.950 10.80 10.81
1790891943.456 10.80 10.81
1790891943.961 10.78 10.79
1790891944.467 10.79 10.80
1790891944.973 10.79 10.80
1790891945.478 10.79 10.80
1790891945.983 10.83 10.84
1790891946.489 10.83 10.84
1790891946.994 10.82 10.84
1790891947.500 10.82 10.83
1790891948.006 10.84 10.85
1790891948.511 10.84 10.85
1790891949.016 10.85 10.86
1790891949.521 10.85 10.86
1790891950.027 10.85 10.86
1790891950.532 10.89 10.90
1790891951.038 10.90 10.91
1790891951.543 10.90 10.91
1790891952.049 10.93 10.94
1790891952.554 10.93 10.94
1790891953.060 10.93 10.94
1790891953.565 10.92 10.93
1790891954.071 10.91 10.92
1790891954.577 10.91 10.92
1790891955.082 10.91 10.92
1790891955.588 10.91 10.92
1790891956.093 10.92 10.93
1790891956.598 10.92 10.93
1790891957.103 10.91 10.92
1790891957.609 10.87 10.88
1790891958.114 10.83 10.84
1790891958.620 10.81 10.82
1790891959.125 10.83 10.84
1790891959.632 10.84 10.85
1790891960.138 10.83 10.84
1790891960.644 10.83 10.84
1790891961.149 10.83 10.84
1790891961.655 10.84 10.85
1790891962.161 10.84 10.85
1790891962.667 10.85 10.86
1790891963.173 10.84 10.85
1790891963.679 10.78 10.79
1790891964.186 10.85 10.86
1790891964.691 10.85 10.86
1790891965.197 10.85 10.86
1790891965.702 10.82 10.83
1790891966.208 10.79 10.80
1790891966.712 10.79 10.80
1790891967.219 10.79 10.80
1790891967.726 10.78 10.79
1790891968.231 10.76 10.77
1790891968.737 10.76 10.77
1790891969.243 10.75 10.76
1790891969.748 10.75 10.76
1790891970.253 10.73 10.74
1790891970.759 10.71 10.72
1790891971.266 10.70 10.71
1790891971.771 10.70 10.71
1790891972.277 10.69 10.70
1790891972.782 10.66 10.67
1790891973.287 10.64 10.65
1790891973.793 10.61 10.62
1790891974.298 10.62 10.63
1790891974.803 10.61 10.62
1790891975.308 10.62 10.63
1790891975.814 10.61 10.62
1790891976.319 10.60 10.61
1790891976.825 10.60 10.61
1790891977.330 10.60 10.61
1790891977.837 10.61 10.62
1790891978.343 10.61 10.62
1790891978.848 10.59 10.60
1790891979.354 10.59 10.60
1790891979.860 10.61 10.63
1790891980.366 10.60 10.61
1790891980.873 10.60 10.61
1790891981.379 10.57 10.58
1790891981.884 10.53 10.54
1790891982.388 10.53 10.54
1790891982.894 10.53 10.54
1790891983.398 10.53 10.54
1790891983.904 10.51 10.52
1790891984.409 10.53 10.54
1790891984.915 10.53 10.54
1790891985.420 10.52 10.53
1790891985.926 10.47 10.48
1790891986.431 10.47 10.48
1790891986.937 10.46 10.48
1790891987.442 10.47 10.48
1790891987.948 10.44 10.45
1790891988.453 10.44 10.45
1790891988.958 10.43 10.44
1790891989.464 10.44 10.45
1790891989.969 10.44 10.45
1790891990.475 10.48 10.49
1790891990.981 10.48 10.49
1790891991.486 10.47 10.48
1790891991.992 10.47 10.48
1790891992.498 10.47 10.48
1790891993.004 10.47 10.48
1790891993.509 10.48 10.49
1790891994.015 10.46 10.47
1790891994.521 10.46 10.47
1790891995.026 10.46 10.47
1790891995.533 10.45 10.46
1790891996.039 10.45 10.46
1790891996.545 10.46 10.47
1790891997.051 10.46 10.48
1790891997.555 10.47 10.48
1790891998.061 10.46 10.47
1790891998.566 10.47 10.48
1790891999.071 10.48 10.49
1790891999.576 10.48 10.49
1790892000.082 10.48 10.49
1790892000.587 10.48 10.49
1790892001.093 10.49 10.50
1790892001.599 10.49 10.50
1790892002.103 10.49 10.50
1790892002.609 10.49 10.50
1790892003.114 10.49 10.50
1790892003.620 10.48 10.49
1790892004.125 10.56 10.57
1790892004.631 10.57 10.58
1790892005.137 10.56 10.57
1790892005.642 10.56 10.57
1790892006.148 10.56 10.57
1790892006.653 10.59 10.60
1790892007.159 10.59 10.60
1790892007.665 10.59 10.60
1790892008.170 10.59 10.60
1790892008.676 10.58 10.59
1790892009.182 10.61 10.62
1790892009.687 10.61 10.62
1790892010.193 10.61 10.62
1790892010.699 10.61 10.62
1790892011.204 10.62 10.63
1790892011.708 10.62 10.63
1790892012.213 10.63 10.64
1790892012.719 10.63 10.64
1790892013.224 10.63 10.64
1790892013.729 10.61 10.62
1790892014.235 10.62 10.63
1790892014.740 10.67 10.68
1790892015.246 10.68 10.69
1790892015.751 10.68 10.69
1790892016.257 10.68 10.69
1790892016.762 10.70 10.71
1790892017.268 10.69 10.71
1790892017.773 10.70 10.71
1790892018.279 10.70 10.71
1790892018.784 10.69 10.70
1790892019.290 10.68 10.69
1790892019.796 10.67 10.68
1790892020.302 10.67 10.68
1790892020.807 10.67 10.68
1790892021.313 10.67 10.68
1790892021.819 10.67 10.68
1790892022.324 10.67 10.69
1790892022.829 10.67 10.69
1790892023.335 10.67 10.69
1790892023.841 10.66 10.67
1790892024.346 10.67 10.68
1790892024.851 10.68 10.69
1790892025.356 10.69 10.70
1790892025.862 10.69 10.70
1790892026.367 10.69 10.71
1790892026.873 10.68 10.69
1790892027.377 10.68 10.69
1790892027.883 10.68 10.69
1790892028.389 10.68 10.69
1790892028.895 10.68 10.69
1790892029.401 10.69 10.70
1790892029.906 10.69 10.70
1790892030.411 10.72 10.73
1790892030.917 10.72 10.73
1790892031.422 10.71 10.72
1790892031.928 10.67 10.68
1790892032.433 10.67 10.68
1790892032.939 9.75 9.77
1790892033.444 8.87 8.89
1790892033.949 8.89 8.91
1790892034.454 8.89 8.91
1790892034.959 8.95 8.96
1790892035.464 8.97 8.99
1790892035.969 8.98 9.00
1790892036.474 8.98 9.00
1790892036.979 8.96 8.97
1790892037.484 8.96 8.98
1790892037.989 8.96 8.98
1790892038.494 8.96 8.97
1790892038.998 8.94 8.96
1790892039.503 8.94 8.95
1790892040.008 8.94 8.95
1790892040.513 8.91 8.93
1790892041.017 8.91 8.93
1790892041.523 8.91 8.93
1790892042.029 8.91 8.93
1790892042.533 8.91 8.93
1790892043.038 8.91 8.93
1790892043.542 8.91 8.93
1790892044.046 8.93 8.95
1790892044.550 8.93 8.95
1790892045.055 8.93 8.95
1790892045.560 8.95 8.97
1790892046.065 8.95 8.96
1790892046.571 8.95 8.97
1790892047.077 8.96 8.98
1790892047.583 8.97 8.99
1790892048.089 8.97 8.99
1790892048.594 8.95 8.97
1790892049.100 8.95 8.97
1790892049.606 8.95 8.97
1790892050.112 8.95 8.97
1790892050.618 8.95 8.97
1790892051.123 8.95 8.97
1790892051.629 8.95 8.97
1790892052.134 8.89 8.91
1790892052.640 8.89 8.91
1790892053.146 8.94 8.95
1790892053.652 8.92 8.94
1790892054.157 8.92 8.94
1790892054.663 8.92 8.94
1790892055.169 8.97 8.98
1790892055.675 8.97 8.98
1790892056.181 8.97 8.98
1790892056.687 8.96 8.98
1790892057.193 8.96 8.98
1790892057.698 8.96 8.98
1790892058.204 8.98 9.00
1790892058.710 8.98 9.00
1790892059.215 8.99 9.01
1790892059.721 8.99 9.01
1790892060.227 8.99 9.01
1790892060.732 8.99 9.01
1790892061.238 8.99 9.01
1790892061.745 9.00 9.01
1790892062.250 9.00 9.01
1790892062.756 9.00 9.01
1790892063.261 9.00 9.01
1790892063.767 8.98 9.00
1790892064.272 8.98 9.00
1790892064.778 8.98 9.00
1790892065.284 9.02 9.04
1790892065.790 9.03 9.04
1790892066.295 9.05 9.07
1790892066.801 9.05 9.07
1790892067.307 9.07 9.09
1790892067.812 9.07 9.09
1790892068.318 9.13 9.15
1790892068.824 9.12 9.14
1790892069.329 9.12 9.14
1790892069.835 9.12 9.14
1790892070.341 9.13 9.15
1790892070.847 9.13 9.15
1790892071.352 9.13 9.15
1790892071.858 9.13 9.15
1790892072.364 9.13 9.15
1790892072.870 9.13 9.15
1790892073.376 9.13 9.15
1790892073.881 9.12 9.14
1790892074.387 9.13 9.15
1790892074.892 9.13 9.15
1790892075.398 9.13 9.15
1790892075.904 9.13 9.15
1790892076.410 9.13 9.15
1790892076.915 9.13 9.15
1790892077.421 9.12 9.14
1790892077.927 9.12 9.14
1790892078.432 9.12 9.13
1790892078.938 9.10 9.12
1790892079.445 9.12 9.14
1790892079.950 9.12 9.14
1790892080.455 9.12 9.14
1790892080.962 9.13 9.15
1790892081.468 9.13 9.15
1790892081.974 9.13 9.15
1790892082.480 9.13 9.15
1790892082.985 9.14 9.16
1790892083.490 9.14 9.16
1790892083.996 9.14 9.16
1790892084.503 9.14 9.16
1790892085.008 9.14 9.16
1790892085.514 9.14 9.16
1790892086.019 9.14 9.16
1790892086.525 9.14 9.16
1790892087.030 9.14 9.16
1790892087.536 9.12 9.14
1790892088.042 9.18 9.20
1790892088.547 9.17 9.19
1790892089.054 9.17 9.19
1790892089.560 9.19 9.21
1790892090.066 9.19 9.21
1790892090.572 9.19 9.21
1790892091.078 9.19 9.21
1790892091.583 9.19 9.21
1790892092.089 9.19 9.21
1790892092.594 9.19 9.21
1790892093.100 9.19 9.21
1790892093.605 9.19 9.20
1790892094.111 9.20 9.22
1790892094.618 9.20 9.22
1790892095.124 9.20 9.22
1790892095.630 9.20 9.22
1790892096.135 9.20 9.22
1790892096.640 9.20 9.22
1790892097.145 9.20 9.22
1790892097.651 9.20 9.22
1790892098.156 9.20 9.22
1790892098.661 9.20 9.22
1790892099.167 9.20 9.22
1790892099.672 9.20 9.22
1790892100.178 9.20 9.22
1790892100.683 9.20 9.22
1790892101.189 9.20 9.22
1790892101.695 9.22 9.24
1790892102.201 9.22 9.24
1790892102.707 9.24 9.26
1790892103.212 9.24 9.26
1790892103.719 9.24 9.26
1790892104.225 9.25 9.27
1790892104.731 9.25 9.27
1790892105.236 9.26 9.27
1790892105.742 9.26 9.27
1790892106.248 9.26 9.27
1790892106.753 9.26 9.27
1790892107.259 9.26 9.28
1790892107.764 9.28 9.30
1790892108.270 9.28 9.30
1790892108.777 9.28 9.30
1790892109.283 9.29 9.31
1790892109.788 9.29 9.31
1790892110.294 9.29 9.31
1790892110.800 9.30 9.31
1790892111.305 9.30 9.31
1790892111.811 9.29 9.31
1790892112.316 9.29 9.31
1790892112.822 9.29 9.31
1790892113.328 9.29 9.31
1790892113.833 9.29 9.31
1790892114.338 9.29 9.31
1790892114.844 9.29 9.31
1790892115.350 9.34 9.36
1790892115.856 9.34 9.36
1790892116.361 9.34 9.36
1790892116.867 9.35 9.37
1790892117.373 9.35 9.37
1790892117.880 9.36 9.38
1790892118.386 9.36 9.38
1790892118.891 9.36 9.38
1790892119.398 9.38 9.40
1790892119.903 9.42 9.44
1790892120.409 9.43 9.44
1790892120.914 9.43 9.45
1790892121.420 9.43 9.45
1790892121.926 9.43 9.45
1790892122.432 9.43 9.45
1790892122.938 9.43 9.45
1790892123.444 9.43 9.45
1790892123.949 9.43 9.45
1790892124.454 9.43 9.45
1790892124.960 9.43 9.45
1790892125.466 9.43 9.45
1790892125.972 9.43 9.45
1790892126.478 9.43 9.45
1790892126.984 9.43 9.45
1790892127.489 9.43 9.44
1790892127.995 9.43 9.44
1790892128.501 9.43 9.45
1790892129.006 9.43 9.45
1790892129.511 9.43 9.45
1790892130.017 9.43 9.45
1790892130.523 9.44 9.45
1790892131.028 9.44 9.45
1790892131.534 9.44 9.46
1790892132.039 9.44 9.46
1790892132.545 9.44 9.46
1790892133.051 9.44 9.46
1790892133.556 9.44 9.46
1790892134.061 9.45 9.47
1790892134.568 9.45 9.47
1790892135.074 9.45 9.47
1790892135.579 9.45 9.47
1790892136.084 9.45 9.47
1790892136.590 9.45 9.47
1790892137.096 9.45 9.47
1790892137.600 9.46 9.48
1790892138.106 9.46 9.48
1790892138.612 9.46 9.48
1790892139.117 9.46 9.48
1790892139.623 9.46 9.48
1790892140.129 9.48 9.50
1790892140.635 9.48 9.50
1790892141.141 9.48 9.50
1790892141.646 9.48 9.50
1790892142.152 9.49 9.51
1790892142.657 9.49 9.51
1790892143.163 9.49 9.51
1790892143.668 9.49 9.51
1790892144.174 9.51 9.53
1790892144.681 9.51 9.53
1790892145.186 9.53 9.55
1790892145.691 9.53 9.55
1790892146.197 9.53 9.55
1790892146.703 9.53 9.55
1790892147.208 9.53 9.55
1790892147.713 9.52 9.54
1790892148.219 9.52 9.54
1790892148.724 9.51 9.53
1790892149.229 9.52 9.54
1790892149.735 9.53 9.55
1790892150.242 9.49 9.51
1790892150.748 9.49 9.51
1790892151.254 9.48 9.50
1790892151.760 9.48 9.50
1790892152.266 9.49 9.51
1790892152.771 9.47 9.49
1790892153.276 9.48 9.50
1790892153.781 9.48 9.50
1790892154.287 9.48 9.50
1790892154.792 9.49 9.51
1790892155.298 9.48 9.50
1790892155.804 9.49 9.51
1790892156.309 9.49 9.50
1790892156.815 9.49 9.51
1790892157.321 9.48 9.50
1790892157.827 9.50 9.51
1790892158.333 9.49 9.51
1790892158.839 9.47 9.49
1790892159.344 9.47 9.49
1790892159.850 9.47 9.49
1790892160.356 9.49 9.50
1790892160.861 9.48 9.49
1790892161.367 9.48 9.50
1790892161.873 9.49 9.51
1790892162.379 9.51 9.53
1790892162.885 9.49 9.51
1790892163.391 9.50 9.52
1790892163.896 9.48 9.50
1790892164.402 9.48 9.50
1790892164.908 9.48 9.50
1790892165.413 9.51 9.52
1790892165.919 9.49 9.51
1790892166.424 9.49 9.51
1790892166.930 9.50 9.52
1790892167.437 9.50 9.52
1790892167.942 9.50 9.52
1790892168.448 9.52 9.54
1790892168.955 9.49 9.51
1790892169.461 9.49 9.51
1790892169.966 9.49 9.51
1790892170.472 9.50 9.52
1790892170.977 9.50 9.52
1790892171.483 9.51 9.53
1790892171.988 9.51 9.53
1790892172.494 9.52 9.54
1790892173.000 9.51 9.53
1790892173.506 9.51 9.53
1790892174.012 9.51 9.53
1790892174.518 9.50 9.52
1790892175.024 9.50 9.52
1790892175.529 9.50 9.52
1790892176.036 9.54 9.55
1790892176.542 9.53 9.55
1790892177.048 9.52 9.54
1790892177.554 9.51 9.53
1790892178.060 9.51 9.53
1790892178.574 9.50 9.52
1790892179.081 9.50 9.52
1790892179.587 9.51 9.53
1790892180.092 9.50 9.52
1790892180.598 9.51 9.53
1790892181.104 9.50 9.52
1790892181.610 9.51 9.53
1790892182.115 9.53 9.54
1790892182.621 9.52 9.54
1790892183.126 9.53 9.55
1790892183.632 9.52 9.54
1790892184.138 9.54 9.56
1790892184.644 9.53 9.55
1790892185.149 9.54 9.56
1790892185.655 9.53 9.55
1790892186.161 9.53 9.55
1790892186.666 9.53 9.55
1790892187.172 9.52 9.54
1790892187.678 9.51 9.53
1790892188.183 9.52 9.54
1790892188.689 9.52 9.54
1790892189.196 9.52 9.54
1790892189.703 9.52 9.54
1790892190.209 9.50 9.52
1790892190.715 9.50 9.52
1790892191.220 9.50 9.52
1790892191.726 9.49 9.51
1790892192.232 9.50 9.52
1790892192.738 9.50 9.52
1790892193.244 9.50 9.52
1790892193.749 9.49 9.50
1790892194.255 9.50 9.51
1790892194.761 9.48 9.50
1790892195.266 9.50 9.52
1790892195.771 9.51 9.53
1790892196.277 9.50 9.51
1790892196.783 9.50 9.52
1790892197.288 9.49 9.51
1790892197.794 9.49 9.51
1790892198.299 9.48 9.50
1790892198.803 9.52 9.54
1790892199.309 9.51 9.53
1790892199.816 9.51 9.53
1790892200.322 9.49 9.51
1790892200.827 9.52 9.54
1790892201.333 9.50 9.52
1790892201.838 9.51 9.53
1790892202.342 9.52 9.54
1790892202.848 9.52 9.54
1790892203.353 9.51 9.53
1790892203.859 9.49 9.51
1790892204.364 9.49 9.51
1790892204.869 9.51 9.53
1790892205.374 9.52 9.54
1790892205.879 9.51 9.53
1790892206.385 9.52 9.54
1790892206.890 9.51 9.53
1790892207.396 9.51 9.53
1790892207.902 9.52 9.54
1790892208.407 9.52 9.54
1790892208.913 9.50 9.52
1790892209.419 9.50 9.52
1790892209.925 9.51 9.53
1790892210.431 9.51 9.53
1790892210.938 9.53 9.55
1790892211.444 9.51 9.53
1790892211.949 9.51 9.53
1790892212.454 9.53 9.55
1790892212.960 9.54 9.56
1790892213.466 9.55 9.56
1790892213.972 9.53 9.55
1790892214.478 9.53 9.55
1790892214.985 9.51 9.53
1790892215.490 9.52 9.54
1790892215.996 9.53 9.55
1790892216.502 9.53 9.54
1790892217.008 9.51 9.53
1790892217.513 9.55 9.57
1790892218.018 9.53 9.55
1790892218.523 9.52 9.54
1790892219.029 9.51 9.53
1790892219.534 9.53 9.55
1790892220.039 9.52 9.54
1790892220.545 9.53 9.55
1790892221.050 9.51 9.53
1790892221.556 9.54 9.55
1790892222.061 9.54 9.56
1790892222.566 9.53 9.55
1790892223.071 9.54 9.56
1790892223.577 9.51 9.53
1790892224.083 9.51 9.53
1790892224.588 9.51 9.53
1790892225.095 9.50 9.52
1790892225.601 9.52 9.54
1790892226.107 9.50 9.52
1790892226.612 9.52 9.54
1790892227.118 9.51 9.53
1790892227.623 9.50 9.52
1790892228.129 9.52 9.54
1790892228.634 9.49 9.50
1790892229.139 9.50 9.52
1790892229.645 9.48 9.50
1790892230.150 9.47 9.49
1790892230.658 9.49 9.51
1790892231.164 9.48 9.49
1790892231.670 9.47 9.49
1790892232.176 9.50 9.52
1790892232.682 9.49 9.51
1790892233.187 9.48 9.50
1790892233.692 9.48 9.50
1790892234.198 9.49 9.51
1790892234.704 9.51 9.53
1790892235.209 9.50 9.52
1790892235.716 9.49 9.51
1790892236.222 9.49 9.51
1790892236.728 9.49 9.51
1790892237.233 9.51 9.53
1790892237.739 9.50 9.51
1790892238.245 9.49 9.51
1790892238.751 9.49 9.51
1790892239.257 9.49 9.51
1790892239.762 9.48 9.49
1790892240.267 9.49 9.51
1790892240.773 9.49 9.51
1790892241.278 9.48 9.50
1790892241.784 9.49 9.50
1790892242.288 9.50 9.52
1790892242.794 9.49 9.51
1790892243.300 9.48 9.50
1790892243.807 9.47 9.49
1790892244.312 9.47 9.49
1790892244.817 9.48 9.50
1790892245.323 9.47 9.49
1790892245.829 9.46 9.48
1790892246.335 9.49 9.51
1790892246.840 9.48 9.50
1790892247.347 9.47 9.49
1790892247.854 9.48 9.50
1790892248.359 9.50 9.52
1790892248.865 9.47 9.49
1790892249.370 9.49 9.51
1790892249.877 9.51 9.53
1790892250.383 9.50 9.51
1790892250.889 9.48 9.50
1790892251.395 9.50 9.52
1790892251.900 9.50 9.51
1790892252.406 9.49 9.51
1790892252.912 9.51 9.53
1790892253.419 9.50 9.52
1790892253.925 9.50 9.52
1790892254.430 9.49 9.51
1790892254.936 9.51 9.53
1790892255.441 9.50 9.52
1790892255.945 9.51 9.53
1790892256.450 9.51 9.53
1790892256.956 9.52 9.54
1790892257.461 9.50 9.52
1790892257.967 9.51 9.53
1790892258.473 9.51 9.53
1790892258.979 9.51 9.53
1790892259.485 9.51 9.53
1790892259.991 9.50 9.52
1790892260.496 9.50 9.52
1790892261.002 9.51 9.53
1790892261.508 9.50 9.52
1790892262.014 9.52 9.53
1790892262.521 9.52 9.54
1790892263.027 9.51 9.53
1790892263.534 9.52 9.54
1790892264.039 9.51 9.53
1790892264.545 9.52 9.54
1790892265.050 9.50 9.52
1790892265.556 9.49 9.51
1790892266.061 9.51 9.53
1790892266.567 9.49 9.51
1790892267.072 9.50 9.52
1790892267.579 9.49 9.51
1790892268.085 9.48 9.50
1790892268.589 9.44 9.46
1790892269.095 9.48 9.49
1790892269.601 9.50 9.52
1790892270.107 9.49 9.51
1790892270.613 9.49 9.51
1790892271.118 9.49 9.50
1790892271.624 9.49 9.50
1790892272.129 9.48 9.50
1790892272.634 9.48 9.50
1790892273.139 9.48 9.50
1790892273.644 9.46 9.48
1790892274.149 9.48 9.50
1790892274.655 9.48 9.50
1790892275.161 9.48 9.50
1790892275.666 9.48 9.50
1790892276.172 9.48 9.50
1790892276.678 9.48 9.50
1790892277.184 9.48 9.50
1790892277.689 9.48 9.50
1790892278.195 9.48 9.50
1790892278.699 9.47 9.49
1790892279.205 9.49 9.51
1790892279.710 9.50 9.52
1790892280.216 9.51 9.53
1790892280.721 9.50 9.52
1790892281.227 9.50 9.52
1790892281.732 9.49 9.51
1790892282.236 9.49 9.51
1790892282.742 9.49 9.51
1790892283.248 9.49 9.51
1790892283.754 9.48 9.50
1790892284.259 9.49 9.51
1790892284.765 9.49 9.51
1790892285.271 9.49 9.51
1790892285.776 9.49 9.51
1790892286.282 9.49 9.51
1790892286.787 9.49 9.51
1790892287.293 9.49 9.51
1790892287.798 9.49 9.51
1790892288.304 9.49 9.51
1790892288.809 9.47 9.49
1790892289.315 9.49 9.51
1790892289.821 9.49 9.51
1790892290.326 9.49 9.51
1790892290.831 9.50 9.52
1790892291.337 9.50 9.52
1790892291.842 9.50 9.52
1790892292.347 9.50 9.52
1790892292.853 9.50 9.52
1790892293.359 9.50 9.52
1790892293.865 9.50 9.52
1790892294.371 9.50 9.52
1790892294.876 9.50 9.52
1790892295.381 9.50 9.52
1790892295.887 9.50 9.52
1790892296.392 9.50 9.52
1790892296.898 9.50 9.52
1790892297.403 9.50 9.52
1790892297.909 9.50 9.52
1790892298.414 9.50 9.52
1790892298.921 9.47 9.49
1790892299.427 9.48 9.49
1790892299.932 9.48 9.50
1790892300.437 9.48 9.50
1790892300.943 9.48 9.50
1790892301.448 9.48 9.50
1790892301.952 9.48 9.50
1790892302.458 9.48 9.50
1790892302.964 9.48 9.50
1790892303.469 9.48 9.50
1790892303.974 9.47 9.49
1790892304.480 9.49 9.51
1790892304.985 9.49 9.51
1790892305.490 9.49 9.51
1790892305.995 9.49 9.51
1790892306.501 9.49 9.51
1790892307.007 9.49 9.51
1790892307.512 9.49 9.51
1790892308.017 9.49 9.51
1790892308.522 9.49 9.51
1790892309.027 9.48 9.50
1790892309.532 9.48 9.50
1790892310.038 9.48 9.50
1790892310.545 9.48 9.50
1790892311.050 9.48 9.50
1790892311.556 9.48 9.50
1790892312.062 9.48 9.50
1790892312.568 9.48 9.50
1790892313.073 9.48 9.50
1790892313.579 9.47 9.49
1790892314.085 9.46 9.48
1790892314.591 9.46 9.48
1790892315.097 9.46 9.48
1790892315.603 9.46 9.48
1790892316.109 9.46 9.48
1790892316.615 9.46 9.48
1790892317.119 9.46 9.48
1790892317.625 9.46 9.48
1790892318.131 9.46 9.48
1790892318.637 9.44 9.46
1790892319.142 9.44 9.46
1790892319.648 9.44 9.46
1790892320.154 9.44 9.46
1790892320.658 9.45 9.46
1790892321.164 9.45 9.47
1790892321.670 9.45 9.47
1790892322.176 9.46 9.48
1790892322.681 9.46 9.48
1790892323.187 9.46 9.48
1790892323.692 9.45 9.47
1790892324.198 9.46 9.48
1790892324.703 9.46 9.48
1790892325.209 9.46 9.48
1790892325.715 9.47 9.49
1790892326.221 9.47 9.49
1790892326.727 9.47 9.49
1790892327.233 9.47 9.49
1790892327.739 9.47 9.49
1790892328.245 9.47 9.49
1790892328.750 9.46 9.48
1790892329.256 9.47 9.49
1790892329.762 9.47 9.49
1790892330.267 9.47 9.49
1790892330.773 9.47 9.49
1790892331.279 9.48 9.50
1790892331.784 9.48 9.50
1790892332.289 9.48 9.50
1790892332.793 9.49 9.50
1790892333.299 9.48 9.50
1790892333.804 9.49 9.51
1790892334.310 9.50 9.52
1790892334.815 9.50 9.52
1790892335.320 9.50 9.52
1790892335.826 9.50 9.52
1790892336.332 9.50 9.52
1790892336.837 9.50 9.52
1790892337.343 9.50 9.52
1790892337.848 9.50 9.52
1790892338.354 9.50 9.52
1790892338.860 9.48 9.50
1790892339.365 9.49 9.50
1790892339.871 9.49 9.50
1790892340.375 9.48 9.50
1790892340.881 9.48 9.50
1790892341.386 9.48 9.50
1790892341.891 9.48 9.50
1790892342.397 9.48 9.50
1790892342.903 9.49 9.51
1790892343.408 9.49 9.51
1790892343.914 9.47 9.49
1790892344.419 9.47 9.49
1790892344.925 9.47 9.49
1790892345.431 9.47 9.49
1790892345.936 9.48 9.50
1790892346.441 9.48 9.50
1790892346.947 9.48 9.50
1790892347.452 9.48 9.49
1790892347.959 9.47 9.49
1790892348.464 9.47 9.49
1790892348.970 9.46 9.48
1790892349.475 9.47 9.49
1790892349.981 9.47 9.49
1790892350.486 9.47 9.49
1790892350.992 9.47 9.49
1790892351.498 9.47 9.49
1790892352.004 9.47 9.49
1790892352.509 9.47 9.49
1790892353.014 9.47 9.49
1790892353.521 9.42 9.44
1790892354.026 9.41 9.43
1790892354.532 9.47 9.49
1790892355.038 9.47 9.49
1790892355.544 9.47 9.49
1790892356.050 9.47 9.49
1790892356.556 9.47 9.49
1790892357.062 9.47 9.49
1790892357.567 9.47 9.49
1790892358.073 9.47 9.49
1790892358.578 9.46 9.48
1790892359.084 9.46 9.48
1790892359.589 9.48 9.50
1790892360.095 9.48 9.50
1790892360.601 9.49 9.51
1790892361.106 9.49 9.51
1790892361.611 9.49 9.51
1790892362.117 9.49 9.51
1790892362.622 9.49 9.51
1790892363.128 9.49 9.51
1790892363.634 9.50 9.52
1790892364.139 9.52 9.54
1790892364.645 9.51 9.53
1790892365.150 9.50 9.52
1790892365.656 9.49 9.51
1790892366.161 9.48 9.50
1790892366.666 9.47 9.49
1790892367.172 9.47 9.49
1790892367.677 9.47 9.49
1790892368.183 9.47 9.49
1790892368.689 9.45 9.47
1790892369.194 9.45 9.47
1790892369.699 9.45 9.47
1790892370.205 9.45 9.47
1790892370.711 9.45 9.47
1790892371.217 9.45 9.47
1790892371.723 9.45 9.47
1790892372.228 9.45 9.47
1790892372.735 9.45 9.47
1790892373.241 9.45 9.47
1790892373.747 9.44 9.46
1790892374.253 9.44 9.46
1790892374.759 9.45 9.46
1790892375.265 9.46 9.48
1790892375.771 9.46 9.48
1790892376.277 9.46 9.48
1790892376.783 9.46 9.48
1790892377.288 9.46 9.48
1790892377.794 9.46 9.48
1790892378.300 9.46 9.48
1790892378.806 9.45 9.47
1790892379.311 9.45 9.47
1790892379.818 9.47 9.49
1790892380.324 9.47 9.49
1790892380.829 9.47 9.49
1790892381.335 9.47 9.49
1790892381.841 9.47 9.49
1790892382.347 9.47 9.49
1790892382.852 9.47 9.49
1790892383.357 9.47 9.49
1790892383.863 9.47 9.49
1790892384.368 9.47 9.49
1790892384.873 9.47 9.49
1790892385.379 9.47 9.49
1790892385.885 9.47 9.49
1790892386.391 9.47 9.49
1790892386.896 9.47 9.49
1790892387.402 9.47 9.49
1790892387.908 9.47 9.49
1790892388.414 9.47 9.49
1790892388.919 9.46 9.48
1790892389.425 9.46 9.48
1790892389.931 9.47 9.49
1790892390.436 9.47 9.49
1790892390.941 9.49 9.51
1790892391.447 9.48 9.50
1790892391.952 9.48 9.50
1790892392.457 9.49 9.51
1790892392.962 9.48 9.50
1790892393.468 9.49 9.51
1790892393.974 9.48 9.50
1790892394.479 9.48 9.50
1790892394.985 9.48 9.50
1790892395.490 9.49 9.51
1790892395.995 9.48 9.50
1790892396.501 9.48 9.50
1790892397.007 9.50 9.52
1790892397.513 9.50 9.52
1790892398.019 9.49 9.51
1790892398.524 9.50 9.52
1790892399.029 9.50 9.52
1790892399.534 9.49 9.51
1790892400.040 9.50 9.52
1790892400.546 9.50 9.52
1790892401.051 9.49 9.51
1790892401.556 9.48 9.50
1790892402.061 9.49 9.51
1790892402.566 9.49 9.51
1790892403.072 9.48 9.50
1790892403.578 9.49 9.51
1790892404.084 9.48 9.50
1790892404.591 9.48 9.50
1790892405.099 9.49 9.51
1790892405.604 9.48 9.50
1790892406.109 9.48 9.50
1790892406.614 9.50 9.52
1790892407.120 9.48 9.50
1790892407.626 9.49 9.51
1790892408.131 9.49 9.51
1790892408.637 9.49 9.51
1790892409.143 9.51 9.53
1790892409.649 9.50 9.52
1790892410.154 9.51 9.53
1790892410.660 9.53 9.55
1790892411.165 9.51 9.53
1790892411.671 9.52 9.54
1790892412.176 9.51 9.53
1790892412.681 9.51 9.53
1790892413.187 9.52 9.54
1790892413.691 9.51 9.53
1790892414.197 9.50 9.52
1790892414.704 9.51 9.53
1790892415.209 9.52 9.54
1790892415.714 9.50 9.52
1790892416.220 9.49 9.51
1790892416.725 9.50 9.52
1790892417.230 9.49 9.51
1790892417.737 9.49 9.51
1790892418.243 9.50 9.52
1790892418.748 9.48 9.50
1790892419.254 9.51 9.53
1790892419.760 9.51 9.53
1790892420.266 9.49 9.51
1790892420.771 9.49 9.51
1790892421.277 9.49 9.51
1790892421.782 9.49 9.51
1790892422.287 9.49 9.51
1790892422.793 9.49 9.51
1790892423.299 9.49 9.51
1790892423.804 9.47 9.49
1790892424.310 9.47 9.49
1790892424.816 9.47 9.49
1790892425.321 9.47 9.49
1790892425.827 9.47 9.49
1790892426.332 9.47 9.49
1790892426.838 9.47 9.49
1790892427.344 9.47 9.49
1790892427.849 9.47 9.49
1790892428.354 9.47 9.49
1790892428.860 9.46 9.48
1790892429.365 9.48 9.50
1790892429.871 9.50 9.52
1790892430.377 9.52 9.54
1790892430.883 9.52 9.54
1790892431.388 9.52 9.54
1790892431.893 9.52 9.54
1790892432.399 9.52 9.54
1790892432.904 9.52 9.54
1790892433.409 9.52 9.54
1790892433.914 9.50 9.52
1790892434.420 9.51 9.53
1790892434.925 9.51 9.53
1790892435.430 9.51 9.53
1790892435.936 9.51 9.53
1790892436.441 9.51 9.53
1790892436.947 9.51 9.53
1790892437.453 9.51 9.53
1790892437.958 9.51 9.53
1790892438.464 9.51 9.53
1790892438.969 8.83 8.85
1790892439.475 8.28 8.30
1790892439.980 8.14 8.16
1790892440.485 8.16 8.18
1790892440.990 8.12 8.14
1790892441.495 8.11 8.13
1790892442.000 8.10 8.12
1790892442.506 8.14 8.16
1790892443.012 8.12 8.14
1790892443.517 8.10 8.12
1790892444.023 8.11 8.13
1790892444.529 8.12 8.14
1790892445.035 8.11 8.13
1790892445.541 8.10 8.12
1790892446.045 8.10 8.12
1790892446.550 8.11 8.13
1790892447.056 8.09 8.11
1790892447.561 8.09 8.11
1790892448.066 8.12 8.14
1790892448.571 8.08 8.10
1790892449.077 8.07 8.09
1790892449.583 8.11 8.13
1790892450.088 8.11 8.13
1790892450.593 8.10 8.12
1790892451.100 8.10 8.12
1790892451.607 8.08 8.10
1790892452.113 8.09 8.11
1790892452.618 8.09 8.11
1790892453.123 8.12 8.14
1790892453.629 8.12 8.14
1790892454.135 8.12 8.14
1790892454.640 8.11 8.13
1790892455.146 8.11 8.13
1790892455.652 8.07 8.09
1790892456.158 8.08 8.10
1790892456.663 8.06 8.08
1790892457.169 8.08 8.10
1790892457.675 8.09 8.11
1790892458.181 8.07 8.09
1790892458.686 8.04 8.06
1790892459.193 8.08 8.10
1790892459.699 8.07 8.09
1790892460.204 8.07 8.09
1790892460.710 8.04 8.06
1790892461.216 8.04 8.06
1790892461.722 8.06 8.08
1790892462.228 8.06 8.08
1790892462.733 8.05 8.07
1790892463.240 8.08 8.10
1790892463.746 8.07 8.09
1790892464.252 8.11 8.13
1790892464.758 8.07 8.09
1790892465.263 8.09 8.11
1790892465.769 8.08 8.10
1790892466.275 8.06 8.08
1790892466.781 8.10 8.12
1790892467.287 8.10 8.12
1790892467.793 8.10 8.12
1790892468.298 8.08 8.10
1790892468.804 8.09 8.11
1790892469.310 8.09 8.11
1790892469.816 8.08 8.10
1790892470.321 8.11 8.13
1790892470.828 8.07 8.10
1790892471.333 8.08 8.10
1790892471.839 8.06 8.08
1790892472.345 8.08 8.10
1790892472.851 8.10 8.12
1790892473.356 8.09 8.11
1790892473.862 8.07 8.09
1790892474.367 8.09 8.11
1790892474.871 8.09 8.11
1790892475.377 8.10 8.12
1790892475.881 8.08 8.10
1790892476.386 8.11 8.13
1790892476.892 8.09 8.11
1790892477.398 8.10 8.12
1790892477.903 8.08 8.10
1790892478.408 8.06 8.09
1790892478.913 8.03 8.05
1790892479.418 8.02 8.04
1790892479.924 8.04 8.07
1790892480.430 8.05 8.07
1790892480.936 8.05 8.07
1790892481.442 8.06 8.08
1790892481.947 8.06 8.08
1790892482.453 8.06 8.08
1790892482.958 8.03 8.05
1790892483.463 8.03 8.05
1790892483.968 8.02 8.04
1790892484.473 8.02 8.04
1790892484.979 8.02 8.04
1790892485.484 8.02 8.04
1790892485.989 8.04 8.06
1790892486.494 8.04 8.06
1790892486.999 8.05 8.07
1790892487.504 8.03 8.05
1790892488.010 8.07 8.09
1790892488.516 8.08 8.10
1790892489.020 8.07 8.09
1790892489.526 8.09 8.11
1790892490.031 8.06 8.08
1790892490.537 8.05 8.07
1790892491.044 8.06 8.08
1790892491.549 8.03 8.05
1790892492.055 8.06 8.08
1790892492.561 8.07 8.09
1790892493.065 8.05 8.07
1790892493.571 8.05 8.07
1790892494.076 8.04 8.06
1790892494.582 8.08 8.10
1790892495.089 8.04 8.06
1790892495.594 8.01 8.03
1790892496.099 8.04 8.06
1790892496.604 8.01 8.03
1790892497.109 8.04 8.06
1790892497.615 8.04 8.06
1790892498.121 8.02 8.04
1790892498.626 8.03 8.05
1790892499.132 8.02 8.04
1790892499.637 8.01 8.03
1790892500.143 7.98 8.00
1790892500.655 7.95 7.97
1790892501.161 8.00 8.02
1790892501.667 7.99 8.01
1790892502.172 7.98 8.00
1790892502.677 7.96 7.98
1790892503.183 7.92 7.94
1790892503.689 7.94 7.96
1790892504.195 7.95 7.97
1790892504.700 7.93 7.95
1790892505.206 7.93 7.95
1790892505.711 7.92 7.94
1790892506.216 7.93 7.95
1790892506.721 7.93 7.95
1790892507.227 7.93 7.95
1790892507.732 7.92 7.94
1790892508.238 7.93 7.95
1790892508.743 7.93 7.95
1790892509.248 7.94 7.96
1790892509.753 7.94 7.96
1790892510.259 7.91 7.93
1790892510.764 7.90 7.92
1790892511.270 7.90 7.92
1790892511.775 7.91 7.93
1790892512.280 7.90 7.92
1790892512.785 7.88 7.90
1790892513.290 7.89 7.91
1790892513.795 7.88 7.90
1790892514.301 7.91 7.93
1790892514.807 7.90 7.92
1790892515.312 7.90 7.92
1790892515.817 7.88 7.90
1790892516.323 7.88 7.90
1790892516.828 7.89 7.91
1790892517.334 7.91 7.93
1790892517.840 7.93 7.95
1790892518.345 7.93 7.95
1790892518.850 7.90 7.92
1790892519.355 7.89 7.91
1790892519.861 7.91 7.93
1790892520.366 7.92 7.94
1790892520.872 7.92 7.94
1790892521.378 7.92 7.94
1790892521.884 7.91 7.93
1790892522.389 7.91 7.93
1790892522.894 7.90 7.92
1790892523.401 7.91 7.93
1790892523.907 7.90 7.92
1790892524.413 7.91 7.93
1790892524.918 7.93 7.95
1790892525.422 7.93 7.95
1790892525.928 7.93 7.95
1790892526.434 7.93 7.95
1790892526.939 7.94 7.96
1790892527.445 7.95 7.97
1790892527.951 7.95 7.97
1790892528.457 7.95 7.97
1790892528.964 7.94 7.96
1790892529.469 7.96 7.98
1790892529.975 7.97 7.99
1790892530.481 7.96 7.98
1790892530.987 7.96 7.98
1790892531.493 7.97 7.99
1790892531.998 7.97 7.99
1790892532.503 7.98 8.00
1790892533.010 7.98 8.00
1790892533.515 7.98 8.01
1790892534.021 7.97 7.99
1790892534.526 7.97 7.99
1790892535.032 7.97 7.99
1790892535.538 7.99 8.01
1790892536.044 7.98 8.01
1790892536.549 7.98 8.00
1790892537.054 7.97 8.00
1790892537.559 7.98 8.00
1790892538.065 7.98 8.00
1790892538.571 7.96 7.98
1790892539.077 7.98 8.00
1790892539.583 7.97 7.99
1790892540.088 7.97 8.00
1790892540.594 7.98 8.00
1790892541.100 7.95 7.97
1790892541.605 7.96 7.98
1790892542.111 7.95 7.97
1790892542.617 7.96 7.98
1790892543.124 7.95 7.97
1790892543.629 7.94 7.96
1790892544.134 9.48 9.55
1790892544.640 9.67 9.73
1790892545.145 9.78 9.85
1790892545.651 11.03 11.10
1790892546.156 116.90 116.98
1790892546.662 116.90 116.98
1790892547.167 116.90 116.98
1790892547.672 116.90 116.98
1790892548.178 116.91 116.99
1790892548.683 116.91 116.99
1790892549.189 116.92 117.00
1790892549.695 116.93 117.01
1790892550.201 116.93 117.01
1790892550.707 116.93 117.01
1790892551.212 116.95 117.03
1790892551.718 116.95 117.03
1790892552.223 116.95 117.03
1790892552.729 116.95 117.03
1790892553.234 116.95 117.03
1790892553.740 116.95 117.03
1790892554.246 116.95 117.03
1790892554.751 116.95 117.03
1790892555.257 116.95 117.03
1790892555.763 116.95 117.04
1790892556.269 116.95 117.04
1790892556.775 116.96 117.04
1790892557.281 116.96 117.04
1790892557.786 116.96 117.04
1790892558.292 116.96 117.04
1790892558.798 116.94 117.02
1790892559.303 116.96 117.04
1790892559.809 116.96 117.05
1790892560.314 116.96 117.05
1790892560.819 116.96 117.05
1790892561.324 116.96 117.04
1790892561.831 116.96 117.04
1790892562.337 116.96 117.04
1790892562.841 116.96 117.04
1790892563.346 116.95 117.03
1790892563.852 116.93 117.01
1790892564.358 116.94 117.02
1790892564.872 117.59 117.04
1790892565.393 117.59 117.04
1790892565.898 117.59 117.04
1790892566.404 117.59 117.04
1790892566.910 117.59 117.04
1790892567.416 117.59 117.04
1790892567.922 117.59 117.04
1790892568.428 117.59 117.04
1790892568.934 117.57 117.02
1790892569.440 117.59 117.04
1790892569.945 117.60 117.05
1790892570.449 117.59 117.05
1790892570.954 117.58 117.04
1790892571.460 117.50 117.05
1790892571.966 117.50 117.05
1790892572.472 117.50 117.05
1790892572.978 117.50 117.05
1790892573.482 117.50 117.05
1790892573.987 117.27 116.87
1790892574.493 117.32 116.91
1790892574.999 117.32 116.91
1790892575.504 117.32 116.91
1790892576.010 117.31 116.91
1790892576.515 117.30 116.91
1790892577.019 117.28 116.90
1790892577.524 117.19 116.89
1790892578.030 116.97 116.79
1790892578.535 116.79 116.73
1790892579.041 116.69 116.69
1790892579.546 116.65 116.66
1790892580.051 116.61 116.63
1790892580.557 116.55 116.59
1790892581.062 116.45 116.58
1790892581.567 116.40 116.54
1790892582.072 116.35 116.50
1790892582.577 116.30 116.48
1790892583.081 116.26 116.46
1790892583.587 116.20 116.44
1790892584.092 116.18 116.43
1790892584.598 116.13 116.42
1790892585.104 116.08 116.39
1790892585.609 116.05 116.36
1790892586.115 115.99 116.33
1790892586.620 115.95 116.32
1790892587.125 115.67 116.31
1790892587.631 115.65 116.31
1790892588.136 115.53 116.25
1790892588.642 115.50 116.23
1790892589.148 115.41 116.22
1790892589.653 115.39 116.21
1790892590.159 115.35 116.18
1790892590.663 114.86 115.71
1790892591.168 114.38 115.40
1790892591.674 113.64 114.92
1790892592.180 113.25 114.65
1790892592.686 113.25 114.66
1790892593.191 113.25 114.66
1790892593.697 113.56 115.00
1790892594.202 114.79 116.23
1790892594.707 114.68 116.12
1790892595.212 114.63 116.06
1790892595.718 114.34 115.77
1790892596.223 114.01 115.47
1790892596.728 113.66 115.46
1790892597.233 113.52 115.37
1790892597.738 114.63 116.47
1790892598.242 114.72 116.48
1790892598.748 114.72 116.48
1790892599.253 114.73 116.48
1790892599.758 114.73 116.48
1790892600.264 114.73 116.49
1790892600.769 114.73 116.49
1790892601.275 114.74 116.50
1790892601.781 114.73 116.49
1790892602.286 114.73 116.49
1790892602.792 114.73 116.49
1790892603.297 114.73 116.49
1790892603.801 114.73 116.49
1790892604.307 114.74 116.50
1790892604.812 114.74 116.50
1790892605.318 114.74 116.50
1790892605.824 114.74 116.50
1790892606.329 114.74 116.50
1790892606.834 114.73 116.49
1790892607.340 114.50 116.27
1790892607.845 114.41 116.17
1790892608.350 114.34 116.11
1790892608.856 114.31 116.07
1790892609.362 114.48 116.24
1790892609.871 114.38 116.15
1790892610.377 114.33 116.09
1790892610.882 114.27 116.05
1790892611.387 114.24 116.05
1790892611.893 114.25 116.06
1790892612.398 114.43 116.24
1790892612.904 114.34 116.15
1790892613.409 114.28 116.09
1790892613.915 114.26 116.07
1790892614.420 114.46 116.27
1790892614.925 114.36 116.18
1790892615.430 114.30 116.11
1790892615.935 114.26 116.08
1790892616.441 114.44 116.25
1790892616.946 114.33 116.14
1790892617.451 114.27 116.08
1790892617.957 114.24 116.05
1790892618.461 114.44 116.25
1790892618.967 114.33 116.14
1790892619.472 114.27 116.08
1790892619.977 114.23 116.04
1790892620.483 114.49 116.30
1790892620.987 114.37 116.18
1790892621.492 114.31 116.12
1790892621.998 114.27 116.08
1790892622.503 114.49 116.30
1790892623.009 114.40 116.21
1790892623.514 114.33 116.14
1790892624.019 114.29 116.10
1790892624.525 114.57 116.38
1790892625.031 114.40 116.21
1790892625.536 114.36 116.17
1790892626.042 114.30 116.11
1790892626.547 114.28 116.09
1790892627.052 114.26 116.08
1790892627.558 114.26 116.08
1790892628.063 114.20 116.02
1790892628.568 114.16 115.99
1790892629.073 114.13 115.96
1790892629.578 114.11 115.94
1790892630.083 114.03 115.87
1790892630.588 114.03 115.87
1790892631.093 114.01 115.86
1790892631.598 113.97 115.83
1790892632.103 113.49 115.36
1790892632.608 113.22 115.08
1790892633.113 113.49 115.36
1790892633.618 113.27 115.15
1790892634.123 113.28 115.17
1790892634.628 113.21 115.10
1790892635.134 113.16 115.04
1790892635.640 113.13 115.02
1790892636.145 113.09 114.98
1790892636.651 113.04 114.93
1790892637.156 113.01 114.89
1790892637.662 112.99 114.87
1790892638.168 112.92 114.80
1790892638.674 112.67 114.55
1790892639.178 112.61 114.49
1790892639.683 112.56 114.44
1790892640.188 112.53 114.42
1790892640.693 112.53 114.41
1790892641.199 112.46 114.35
1790892641.703 112.40 114.29
1790892642.209 112.42 114.30
1790892642.714 112.34 114.22
1790892643.219 111.90 113.79
1790892643.725 111.59 113.48
1790892644.231 112.00 113.89
1790892644.736 112.00 113.89
1790892645.242 112.00 113.89
1790892645.747 111.89 113.77
1790892646.252 111.42 113.31
1790892646.757 111.23 113.13
1790892647.262 106.29 108.21
1790892647.768 106.24 108.20
1790892648.273 106.21 108.19
1790892648.778 96.15 98.13
1790892649.284 84.10 86.08
1790892649.790 72.06 74.04
1790892650.296 59.62 61.59
1790892650.802 47.34 49.32
1790892651.307 34.78 36.76
1790892651.812 22.78 24.75
1790892652.318 11.90 13.88
1790892652.824 11.78 13.76
1790892653.329 11.43 13.46
1790892653.834 11.09 13.47
1790892654.340 10.87 13.47
1790892654.845 10.51 13.46
1790892655.350 10.12 13.44
1790892655.856 9.76 13.43
1790892656.361 9.42 13.42
1790892656.866 9.12 13.45
1790892657.371 8.77 13.44
1790892657.877 8.39 13.44
1790892658.382 7.98 13.43
1790892658.888 7.61 13.42
1790892659.394 7.25 13.41
1790892659.899 6.87 13.40
1790892660.405 6.65 13.40
1790892660.910 6.26 13.39
1790892661.415 5.88 13.38
1790892661.920 5.50 13.37
1790892662.426 5.11 13.36
1790892662.932 4.71 13.35
1790892663.437 4.30 13.35
1790892663.942 3.97 13.35
1790892664.448 3.61 13.34
1790892664.953 3.22 13.33
1790892665.459 2.81 13.32
1790892665.964 2.41 13.31
1790892666.470 2.03 13.30
1790892666.975 1.66 13.30
1790892667.480 1.26 13.29
1790892667.986 1.07 13.28
1790892668.491 0.73 13.32
1790892668.997 0.85 13.51
1790892669.501 0.82 13.57
1790892670.007 0.82 13.64
1790892670.513 0.82 13.67
1790892671.019 0.93 13.74
1790892671.525 0.80 13.68
1790892672.030 0.85 13.50
1790892672.544 0.66 12.54
1790892673.061 0.93 12.65
1790892673.566 0.69 13.06
1790892674.071 0.65 13.57
1790892674.576 0.71 14.16
1790892675.084 0.63 14.47
1790892675.591 0.64 14.85
1790892676.103 0.65 15.26
1790892676.613 0.66 15.70
1790892677.119 0.80 15.70
1790892677.624 0.78 15.84
1790892678.129 0.77 15.83
1790892678.634 0.71 15.81
1790892679.139 0.72 15.80
1790892679.644 0.80 15.80
1790892680.149 0.75 15.80
1790892680.655 0.66 15.79
1790892681.160 0.77 15.79
1790892681.665 0.62 15.79
1790892682.170 0.84 15.84
1790892682.676 0.68 15.88
1790892683.181 0.58 16.01
1790892683.691 0.60 16.01
1790892684.209 0.81 15.79
1790892684.727 0.95 15.68
1790892685.235 0.94 15.67
1790892685.745 0.95 15.67
1790892686.254 0.94 15.67
1790892686.761 0.98 15.67
1790892687.266 0.94 15.67
1790892687.772 0.94 15.67
1790892688.281 0.95 15.67
1790892688.792 0.94 15.65
1790892689.302 0.94 15.67
1790892689.810 0.95 15.68
1790892690.322 0.95 15.68
1790892690.834 0.96 15.69
1790892691.340 0.94 15.70
1790892691.845 0.95 15.70
1790892692.351 0.94 15.69
1790892692.856 0.94 15.68
1790892693.364 0.95 15.68
1790892693.873 0.95 15.65
1790892694.381 0.94 15.66
1790892694.890 0.95 15.67
1790892695.400 0.95 15.66
1790892695.905 0.95 15.66
1790892696.417 0.95 15.66
1790892696.925 0.94 15.65
1790892697.431 0.95 15.65
1790892697.939 0.94 15.64
1790892698.447 0.95 15.64
1790892698.955 0.94 15.62
1790892699.461 1.14 15.62
1790892699.968 0.94 15.63
1790892700.475 0.95 15.63
1790892701.386 0.95 15.64
1790892701.892 0.54 16.04
1790892702.411 0.85 15.74
1790892702.920 0.95 15.65
1790892703.428 0.95 15.64
1790892703.936 0.95 15.61
1790892704.448 0.95 15.63
1790892704.956 0.94 15.62
1790892705.465 0.94 15.62
1790892705.973 0.94 15.62
1790892706.481 0.95 15.62
1790892706.992 0.95 15.61
1790892707.497 0.95 15.61
1790892708.004 0.95 15.61
1790892708.512 0.94 15.60
1790892709.018 0.95 15.59
1790892709.527 0.96 15.60
1790892710.035 0.94 15.59
1790892710.540 0.94 15.59
1790892711.046 0.96 15.61
1790892711.551 0.94 15.61
1790892712.056 0.94 15.61
1790892712.562 0.94 15.58
1790892713.068 0.95 15.59
1790892713.577 0.95 15.59
1790892714.085 0.94 15.56
1790892714.591 0.95 15.58
1790892715.101 0.95 15.58
1790892715.606 0.94 15.57
1790892716.117 0.94 15.57
1790892716.622 0.95 15.57
1790892717.130 0.95 15.57
1790892717.637 0.94 15.56
1790892718.146 0.94 15.56
1790892718.654 0.95 15.55
1790892719.162 0.94 15.55
1790892719.668 0.95 15.56
1790892720.175 0.95 15.55
1790892720.681 0.94 15.55
1790892721.186 0.95 15.55
1790892721.693 0.95 15.56
1790892722.201 0.95 15.56
1790892722.707 0.95 15.56
1790892723.214 0.95 15.56
1790892723.724 0.95 15.54
1790892724.231 0.95 15.56
1790892724.738 0.94 15.54
1790892725.246 0.95 15.54
1790892725.754 0.95 15.54
1790892726.261 0.94 15.53
1790892726.768 0.94 15.53
1790892727.274 0.94 15.52
1790892727.782 0.94 15.52
1790892728.291 0.95 15.53
1790892728.799 0.95 15.51
1790892729.305 0.95 15.52
1790892729.815 0.94 15.51
1790892730.321 0.95 15.54
1790892730.832 0.94 15.54
1790892731.341 0.95 15.54
1790892731.849 0.95 15.54
1790892732.356 0.95 15.53
1790892732.865 0.94 15.53
1790892733.370 0.95 15.53
1790892733.876 0.94 15.50
1790892734.388 0.94 15.50
1790892734.895 0.95 15.49
1790892735.402 0.95 15.49
1790892735.907 0.95 15.48
1790892736.413 0.94 15.48
1790892736.920 0.94 15.47
1790892737.428 0.95 15.48
1790892737.938 0.94 15.47
1790892738.446 0.95 15.47
1790892738.955 0.95 15.45
1790892739.463 0.95 15.49
1790892739.970 0.94 15.50
1790892740.475 0.95 15.51
1790892740.986 0.94 15.50
1790892741.493 0.95 15.50
1790892742.000 0.95 15.50
1790892742.506 0.94 15.49
1790892743.014 0.95 15.49
1790892743.522 0.94 15.49
1790892744.030 0.94 15.47
1790892744.537 0.95 15.48
1790892745.043 0.95 15.48
1790892745.551 0.95 15.47
1790892746.060 0.94 15.47
1790892746.567 0.95 15.47
1790892747.074 0.95 15.47
1790892747.581 0.95 15.47
1790892748.089 0.95 15.45
1790892748.594 0.72 15.89
1790892749.099 0.53 15.92
1790892749.608 0.53 15.91
1790892750.115 0.52 15.91
1790892750.622 0.55 15.89
1790892751.127 0.59 15.85
1790892751.633 0.72 15.72
1790892752.143 0.94 15.49
1790892752.651 0.95 15.49
1790892753.159 0.94 15.49
1790892753.664 0.95 15.48
1790892754.171 0.94 15.48
1790892754.677 0.94 15.48
1790892755.184 0.94 15.47
1790892755.691 0.94 15.47
1790892756.199 0.95 15.46
1790892756.705 0.95 15.46
1790892757.213 0.94 15.45
1790892757.718 0.94 15.45
1790892758.238 0.95 15.47
1790892758.745 0.95 15.46
1790892759.252 0.95 15.47
1790892759.762 0.95 15.47
1790892760.270 0.95 15.47
1790892760.778 0.95 15.47
1790892761.290 0.94 15.46
1790892761.798 0.94 15.46
1790892762.304 0.94 15.46
1790892762.810 0.94 15.43
1790892763.320 0.95 15.43
1790892763.828 0.94 15.41
1790892764.336 0.95 15.43
1790892764.844 0.95 15.43
1790892765.354 0.94 15.42
1790892765.862 0.94 15.42
1790892766.369 0.94 15.41
1790892766.875 0.94 15.41
1790892767.384 1.21 15.43
1790892767.889 1.10 15.86
1790892768.394 0.52 15.87
1790892768.902 0.53 15.84
1790892769.408 0.55 15.83
1790892769.917 0.55 15.82
1790892770.424 0.56 15.82
1790892770.933 0.58 15.78
1790892771.441 0.60 15.77
1790892771.948 0.61 15.76
1790892772.453 0.62 15.75
1790892772.962 0.62 15.73
1790892773.470 0.72 15.64
1790892773.983 0.83 15.52
1790892774.498 0.94 15.41
1790892775.006 0.95 15.41
1790892775.515 0.96 15.41
1790892776.021 0.95 15.41
1790892776.526 0.95 15.40
1790892777.033 0.95 15.42
1790892777.541 0.95 15.43
1790892778.049 0.95 15.43
1790892778.557 0.95 15.43
1790892779.067 0.95 15.41
1790892779.574 0.95 15.42
1790892780.082 0.95 15.42
1790892780.590 0.94 15.41
1790892781.097 0.95 15.42
1790892781.607 0.94 15.41
1790892782.118 0.94 15.41
1790892782.626 0.94 15.40
1790892783.134 0.94 15.40
1790892783.642 0.94 15.39
1790892784.149 0.94 15.38
1790892784.659 0.95 15.40
1790892785.167 0.95 15.40
1790892785.673 0.95 15.41
1790892786.179 0.95 15.42
1790892786.688 0.94 15.40
1790892787.196 0.94 15.40
1790892787.704 0.94 15.39
1790892788.209 0.95 15.40
1790892788.720 0.94 15.38
1790892789.230 0.95 15.39
1790892789.740 0.94 15.39
1790892790.249 0.95 15.38
1790892790.757 0.95 15.38
1790892791.263 0.95 15.37
1790892791.774 0.95 15.37
1790892792.279 0.95 15.36
1790892792.789 0.95 15.36
1790892793.298 0.95 15.36
1790892793.804 0.94 15.33
1790892794.311 0.95 15.35
1790892794.819 0.94 15.34
1790892795.326 0.94 15.35
1790892795.833 0.95 15.36
1790892796.340 0.95 15.36
1790892796.850 0.94 15.36
1790892797.358 0.94 15.34
1790892797.866 0.95 15.35
1790892798.373 0.94 15.34
1790892798.882 0.95 15.31
1790892799.390 0.95 15.32
1790892799.900 0.95 15.32
1790892800.411 0.95 15.32
1790892800.920 0.94 15.31
1790892801.427 0.94 15.30
1790892801.936 0.95 15.30
1790892802.445 0.95 15.30
1790892802.954 0.94 15.29
1790892803.460 0.95 15.30
1790892803.968 0.95 15.28
1790892804.475 0.95 15.30
1790892804.984 0.94 15.31
1790892805.493 0.95 15.30
1790892805.999 0.95 15.31
1790892806.508 0.95 15.30
1790892807.015 0.95 15.31
1790892807.524 0.94 15.29
1790892808.032 0.95 15.30
1790892808.539 0.94 15.30
1790892809.047 0.94 15.28
1790892809.554 0.98 15.29
1790892810.059 1.44 15.26
1790892810.565 1.74 15.70
1790892811.069 2.00 15.65
1790892811.575 1.87 15.58
1790892812.080 1.74 15.51
1790892812.585 1.58 15.41
1790892813.090 1.52 15.41
1790892813.595 1.37 15.31
1790892814.101 1.25 15.25
1790892814.606 1.11 15.18
1790892815.111 1.04 15.17
1790892815.616 0.88 15.09
1790892816.121 0.74 15.01
1790892816.626 0.75 14.97
1790892817.132 0.90 15.01
1790892817.636 0.90 15.01
1790892818.142 0.85 14.97
1790892818.646 0.82 14.94
1790892819.151 0.81 14.93
1790892819.656 0.81 14.92
1790892820.161 1.50 15.62
1790892820.667 2.53 16.65
1790892821.172 2.51 16.65
1790892821.677 2.51 16.66
1790892822.182 2.46 16.61
1790892822.687 2.43 16.59
1790892823.192 2.42 16.58
1790892823.698 2.40 16.56
1790892824.203 2.38 16.54
1790892824.709 2.35 16.51
1790892825.213 2.33 16.49
1790892825.719 2.31 16.47
1790892826.224 2.29 16.44
1790892826.730 2.25 16.41
1790892827.235 2.22 16.38
1790892827.741 2.20 16.36
1790892828.246 2.17 16.33
1790892828.751 2.13 16.30
1790892829.257 2.12 16.29
1790892829.762 2.11 16.28
1790892830.267 2.08 16.25
1790892830.772 2.07 16.24
1790892831.277 2.04 16.22
1790892831.782 2.02 16.19
1790892832.287 2.00 16.18
1790892832.793 1.99 16.18
1790892833.299 2.19 13.99
1790892833.804 3.42 12.01
1790892834.310 3.50 11.33
1790892834.817 3.25 11.33
1790892835.322 2.89 11.33
1790892835.828 2.59 11.34
1790892836.334 2.25 11.33
1790892836.839 1.92 11.33
1790892837.344 1.70 11.65
1790892837.850 1.41 11.64
1790892838.354 1.07 11.63
1790892838.859 0.84 11.56
1790892839.365 0.87 11.63
1790892839.871 0.94 11.65
1790892840.377 0.79 11.60
1790892840.882 0.79 11.64
1790892841.388 0.80 11.64
1790892841.894 0.84 11.65
1790892842.399 0.87 11.63
1790892842.905 0.90 11.65
1790892843.410 0.95 11.65
1790892843.916 0.80 11.63
1790892844.421 0.86 11.63
1790892844.927 0.88 11.62
1790892845.433 0.87 11.63
1790892845.938 0.94 11.66
1790892846.443 0.78 11.62
1790892846.949 0.77 11.66
1790892847.454 0.80 11.51
1790892847.960 0.86 11.65
1790892848.465 0.83 11.63
1790892848.970 0.83 11.61
1790892849.475 0.82 11.61
1790892849.979 0.84 11.62
1790892850.484 0.82 11.62
1790892850.989 0.77 11.65
1790892851.496 0.83 11.86
1790892852.001 0.80 12.04
1790892852.506 0.83 12.20
1790892853.016 0.79 12.14
1790892853.536 0.85 12.47
1790892854.042 1.03 12.18
1790892854.547 0.93 12.39
1790892855.052 1.29 12.46
1790892855.558 2.57 12.45
1790892856.063 1.99 12.41
1790892856.569 1.94 12.40
1790892857.074 1.92 12.38
1790892857.580 1.88 12.35
1790892858.085 1.86 12.32
1790892858.590 1.78 12.26
1790892859.095 1.76 12.23
1790892859.600 1.74 12.22
1790892860.106 1.71 12.19
1790892860.610 1.68 12.17
1790892861.116 1.65 12.13
1790892861.620 1.62 12.10
1790892862.125 1.59 12.07
1790892862.630 1.57 12.05
1790892863.135 1.54 12.03
1790892863.640 1.49 11.98
1790892864.146 1.48 11.97
1790892864.651 1.46 11.95
1790892865.155 1.42 11.90
1790892865.661 1.39 11.88
1790892866.165 1.37 11.86
1790892866.670 1.34 11.83
1790892867.175 1.33 11.82
1790892867.680 1.27 11.76
1790892868.185 1.22 11.71
1790892868.690 2.40 12.89
1790892869.195 3.15 12.89
1790892869.700 5.26 12.93
1790892870.205 8.80 12.97
1790892870.710 13.67 13.06
1790892871.214 13.64 13.04
1790892871.719 13.62 13.02
1790892872.224 13.38 12.97
1790892872.729 13.04 12.85
1790892873.234 12.81 12.66
1790892873.739 12.15 12.11
1790892874.244 11.15 11.25
1790892874.749 11.11 11.24
1790892875.255 10.99 11.22
1790892875.761 10.75 11.01
1790892876.266 10.74 11.00
1790892876.774 10.67 10.94
1790892877.280 10.65 10.92
1790892877.785 10.40 10.69
1790892878.290 10.38 10.67
1790892878.796 8.38 8.67
1790892879.302 8.36 8.66
1790892879.808 8.35 8.65
1790892880.315 8.31 8.62
1790892880.821 8.30 8.61
1790892881.328 8.28 8.61
1790892881.834 8.28 8.60
1790892882.339 8.21 8.56
1790892882.845 8.20 8.56
1790892883.350 8.14 8.51
1790892883.856 8.14 8.51
1790892884.361 8.03 8.40
1790892884.866 7.77 8.15
1790892885.371 7.56 7.93
1790892885.876 7.42 7.80
1790892886.381 7.29 7.67
1790892886.887 7.21 7.61
1790892887.393 7.21 7.61
1790892887.898 7.19 7.59
1790892888.403 7.10 7.51
1790892888.909 6.93 7.34
1790892889.414 6.94 7.36
1790892889.920 6.93 7.34
1790892890.424 6.91 7.33
1790892890.930 6.90 7.32
1790892891.435 6.88 7.30
1790892891.940 6.86 7.29
1790892892.445 6.52 7.07
1790892892.950 6.26 6.90
1790892893.455 6.11 6.78
1790892893.960 5.97 6.66
1790892894.465 5.88 6.61
1790892894.970 6.32 7.12
1790892895.475 6.32 7.12
1790892895.980 6.32 7.12
1790892896.486 6.30 7.10
1790892896.991 6.27 7.08
1790892897.495 6.24 7.05
1790892898.001 6.22 7.02
1790892898.506 6.20 7.01
1790892899.010 6.15 6.95
1790892899.515 6.14 6.94
1790892900.020 6.12 6.93
1790892900.525 6.11 6.91
1790892901.030 6.09 6.90
1790892901.535 6.08 6.89
1790892902.039 6.06 6.87
1790892902.544 6.05 6.86
1790892903.049 6.05 6.86
1790892903.554 6.03 6.84
1790892904.059 6.00 6.82
1790892904.564 5.98 6.80
1790892905.069 5.97 6.79
1790892905.574 5.96 6.78
1790892906.079 5.95 6.77
1790892906.584 5.93 6.75
1790892907.089 5.92 6.74
1790892907.594 5.91 6.74
1790892908.099 5.90 6.72
1790892908.604 5.86 6.69
1790892909.110 5.81 6.64
1790892909.614 5.79 6.61
1790892910.119 5.76 6.58
1790892910.624 5.74 6.57
1790892911.129 5.72 6.55
1790892911.635 5.69 6.51
1790892912.140 5.67 6.50
1790892912.646 5.64 6.47
1790892913.151 5.62 6.45
1790892913.655 5.58 6.41
1790892914.161 5.56 6.39
1790892914.666 5.53 6.36
1790892915.172 5.51 6.34
1790892915.677 5.48 6.31
1790892916.182 5.46 6.29
1790892916.687 5.46 6.29
1790892917.193 5.46 6.29
1790892917.699 5.46 6.29
1790892918.203 5.46 6.29
1790892918.708 5.44 6.27
1790892919.214 5.09 5.93
1790892919.720 5.06 5.90
1790892920.225 5.06 5.91
1790892920.731 5.06 5.91
1790892921.236 5.04 5.89
1790892921.741 4.99 5.84
1790892922.247 5.00 5.85
1790892922.752 5.00 5.85
1790892923.258 5.00 5.84
1790892923.764 4.98 5.83
1790892924.269 4.98 5.83
1790892924.774 4.97 5.82
1790892925.279 4.95 5.82
1790892925.785 4.94 5.81
1790892926.291 4.94 5.81
1790892926.796 4.89 5.76
1790892927.301 4.87 5.75
1790892927.807 4.87 5.75
1790892928.312 4.87 5.75
1790892928.818 4.87 5.74
1790892929.324 4.87 5.74
1790892929.829 4.87 5.75
1790892930.334 4.87 5.75
1790892930.839 4.87 5.75
1790892931.344 4.87 5.75
1790892931.849 4.87 5.75
1790892932.354 4.87 5.75
1790892932.859 4.87 5.75
1790892933.364 4.87 5.75
1790892933.870 4.87 5.75
1790892934.375 4.87 5.75
1790892934.880 4.87 5.75
1790892935.385 4.87 5.75
1790892935.891 4.87 5.75
1790892936.396 4.87 5.75
1790892936.901 4.87 5.75
1790892937.407 4.87 5.75
1790892937.912 4.87 5.75
1790892938.418 4.87 5.75
1790892938.922 4.85 5.73
1790892939.427 4.84 5.72
1790892939.933 4.84 5.72
1790892940.437 4.84 5.72
1790892940.942 4.84 5.72
1790892941.447 4.84 5.72
1790892941.951 4.84 5.72
1790892942.456 4.84 5.72
1790892942.960 4.84 5.72
1790892943.465 4.84 5.72
1790892943.970 4.83 5.71
1790892944.475 4.83 5.71
1790892944.980 4.83 5.71
1790892945.485 4.83 5.72
1790892945.989 4.83 5.72
1790892946.494 4.83 5.72
1790892946.999 4.83 5.72
1790892947.505 4.83 5.72
1790892948.011 4.83 5.72
1790892948.516 4.83 5.72
1790892949.022 4.81 5.70
1790892949.527 4.80 5.70
1790892950.033 4.80 5.70
1790892950.538 4.80 5.70
1790892951.043 4.81 5.70
1790892951.548 4.81 5.70
1790892952.053 4.81 5.70
1790892952.558 4.81 5.70
1790892953.063 4.81 5.70
1790892953.568 4.81 5.70
1790892954.073 4.81 5.70
1790892954.578 4.81 5.70
1790892955.083 4.81 5.70
1790892955.588 4.81 5.70
1790892956.093 4.81 5.70
1790892956.598 4.79 5.70
1790892957.103 4.65 5.68
1790892957.609 4.65 5.68
1790892958.114 4.65 5.68
1790892958.620 4.64 5.67
1790892959.125 4.64 5.67
1790892959.630 4.64 5.67
1790892960.137 4.64 5.67
1790892960.642 4.64 5.67
1790892961.147 4.64 5.67
1790892961.652 4.64 5.67
1790892962.157 4.65 5.68
1790892962.662 4.65 5.68
1790892963.167 4.65 5.68
1790892963.672 4.65 5.68
1790892964.177 4.67 5.70
1790892964.682 4.67 5.70
1790892965.186 4.67 5.70
1790892965.691 4.67 5.70
1790892966.196 4.67 5.70
1790892966.701 4.67 5.70
1790892967.206 4.67 5.70
1790892967.711 4.67 5.70
1790892968.215 4.67 5.70
1790892968.720 4.66 5.69
1790892969.225 4.66 5.69
1790892969.730 4.64 5.67
1790892970.236 4.64 5.67
1790892970.740 4.64 5.67
1790892971.245 4.64 5.68
1790892971.750 4.64 5.68
1790892972.255 4.64 5.68
1790892972.759 4.64 5.68
1790892973.264 4.64 5.68
1790892973.769 4.64 5.67
1790892974.274 4.63 5.66
1790892974.780 4.62 5.66
1790892975.286 4.62 5.66
1790892975.791 4.62 5.66
1790892976.296 4.62 5.66
1790892976.801 4.62 5.66
1790892977.306 4.62 5.66
1790892977.811 4.62 5.66
1790892978.316 4.62 5.66
1790892978.820 4.62 5.66
1790892979.326 4.64 5.67
1790892979.831 4.61 5.64
1790892980.336 4.61 5.65
1790892980.841 4.61 5.65
1790892981.346 4.61 5.65
1790892981.851 4.61 5.65
1790892982.356 4.61 5.65
1790892982.861 4.61 5.65
1790892983.366 4.61 5.65
1790892983.872 4.61 5.64
1790892984.377 4.62 5.65
1790892984.883 4.62 5.65
1790892985.388 4.62 5.65
1790892985.894 4.62 5.65
1790892986.399 4.62 5.65
1790892986.903 4.62 5.65
1790892987.408 4.62 5.65
1790892987.914 4.62 5.65
1790892988.419 4.62 5.65
1790892988.924 4.60 5.64
1790892989.429 4.60 5.64
1790892989.934 4.61 5.65
1790892990.440 4.61 5.65
1790892990.945 4.64 5.67
1790892991.450 4.63 5.68
1790892991.955 4.63 5.68
1790892992.461 4.63 5.68
1790892992.966 4.63 5.68
1790892993.471 4.64 5.68
1790892993.977 4.62 5.67
1790892994.483 4.62 5.67
1790892994.989 4.63 5.67
1790892995.495 4.63 5.67
1790892996.000 4.63 5.67
1790892996.505 4.63 5.67
1790892997.011 4.63 5.67
1790892997.516 4.63 5.67
1790892998.022 4.63 5.67
1790892998.526 4.62 5.68
1790892999.031 6.82 7.90
1790892999.536 8.12 9.20
1790893000.041 8.30 9.37
1790893000.546 46.50 47.58
1790893001.051 116.28 117.36
1790893001.556 116.27 117.36
1790893002.061 116.26 117.37
1790893002.566 116.49 117.36
1790893003.072 116.49 117.36
1790893003.576 116.47 117.34
1790893004.082 116.47 117.35
1790893004.588 116.47 117.35
1790893005.094 116.47 117.35
1790893005.599 116.48 117.35
1790893006.104 116.48 117.35
1790893006.610 116.48 117.36
1790893007.116 116.48 117.36
1790893007.622 116.48 117.36
1790893008.127 116.48 117.36
1790893008.633 116.48 117.35
1790893009.138 116.48 117.35
1790893009.644 116.48 117.35
1790893010.149 116.49 117.36
