1790883989.578 114.53 115.06
1790883990.085 114.53 115.06
1790883990.590 114.53 115.06
1790883991.096 114.53 115.06
1790883991.601 114.54 115.07
1790883992.107 114.54 115.07
1790883992.612 114.55 115.08
1790883993.117 114.55 115.08
1790883993.623 114.55 115.08
1790883994.128 114.55 115.09
1790883994.633 114.55 115.08
1790883995.138 114.55 115.08
1790883995.643 114.55 115.08
1790883996.149 114.55 115.08
1790883996.654 114.55 115.08
1790883997.160 114.56 115.09
1790883997.665 114.56 115.09
1790883998.171 114.56 115.10
1790883998.676 114.56 115.10
1790883999.182 114.56 115.10
1790883999.687 114.56 115.10
1790884000.192 114.59 115.12
1790884000.696 114.58 115.11
1790884001.202 114.58 115.11
1790884001.707 114.60 115.14
1790884002.213 114.61 115.14
1790884002.718 114.61 115.14
1790884003.223 114.61 115.14
1790884003.729 114.61 115.15
1790884004.234 114.61 115.15
1790884004.739 114.62 115.15
1790884005.245 114.62 115.15
1790884005.750 114.62 115.15
1790884006.256 114.62 115.15
1790884006.761 114.62 115.15
1790884007.267 114.62 115.16
1790884007.772 114.62 115.16
1790884008.277 114.62 115.16
1790884008.783 114.62 115.16
1790884009.289 114.62 115.16
1790884009.794 114.62 115.16
1790884010.300 114.62 115.16
1790884010.805 114.63 115.17
1790884011.311 114.63 115.17
1790884011.817 114.64 115.18
1790884012.323 114.64 115.18
1790884012.828 114.64 115.18
1790884013.334 114.64 115.18
1790884013.839 114.65 115.18
1790884014.345 114.65 115.18
1790884014.850 114.65 115.18
1790884015.356 114.66 115.19
1790884015.861 114.66 115.19
1790884016.367 114.66 115.19
1790884016.872 114.66 115.19
1790884017.378 114.66 115.20
1790884017.883 114.66 115.20
1790884018.389 114.67 115.20
1790884018.894 114.67 115.20
1790884019.400 114.68 115.21
1790884019.905 114.68 115.21
1790884020.410 114.68 115.21
1790884020.916 114.68 115.21
1790884021.420 114.69 115.22
1790884021.926 114.69 115.23
1790884022.431 114.69 115.23
1790884022.937 114.69 115.23
1790884023.442 114.69 115.23
1790884023.948 114.69 115.23
1790884024.454 114.70 115.23
1790884024.959 114.70 115.23
1790884025.465 114.70 115.23
1790884025.971 114.70 115.23
1790884026.476 114.70 115.24
1790884026.982 114.71 115.24
1790884027.487 114.72 115.25
1790884027.993 114.72 115.25
1790884028.499 114.72 115.25
1790884029.004 114.72 115.26
1790884029.510 114.72 115.26
1790884030.016 114.73 115.26
1790884030.521 114.74 115.27
1790884031.026 114.74 115.27
1790884031.532 114.76 115.30
1790884032.037 114.77 115.30
1790884032.542 114.77 115.30
1790884033.048 114.77 115.31
1790884033.553 114.77 115.31
1790884034.058 114.77 115.31
1790884034.564 114.77 115.30
1790884035.070 114.77 115.31
1790884035.575 114.77 115.31
1790884036.081 114.77 115.31
1790884036.586 114.77 115.31
1790884037.092 114.77 115.31
1790884037.597 114.78 115.32
1790884038.103 114.78 115.32
1790884038.608 114.78 115.32
1790884039.114 114.78 115.32
1790884039.619 114.78 115.32
1790884040.125 114.78 115.32
1790884040.630 114.79 115.32
1790884041.136 114.79 115.33
1790884041.642 114.80 115.34
1790884042.147 114.81 115.34
1790884042.652 114.81 115.34
1790884043.157 114.81 115.35
1790884043.663 114.82 115.35
1790884044.169 114.82 115.35
1790884044.674 114.82 115.35
1790884045.179 114.82 115.35
1790884045.685 114.82 115.36
1790884046.190 114.82 115.36
1790884046.696 114.82 115.36
1790884047.201 114.82 115.36
1790884047.707 114.82 115.36
1790884048.212 114.82 115.36
1790884048.718 114.83 115.36
1790884049.223 114.81 115.35
1790884049.728 114.83 115.37
1790884050.238 116.05 115.47
1790884050.758 116.06 115.48
1790884051.264 116.06 115.48
1790884051.769 116.05 115.48
1790884052.275 116.05 115.48
1790884052.780 116.05 115.48
1790884053.285 116.05 115.48
1790884053.791 116.05 115.48
1790884054.296 116.05 115.48
1790884054.802 116.05 115.48
1790884055.307 116.05 115.48
1790884055.813 116.05 115.48
1790884056.318 116.05 115.48
1790884056.824 116.05 115.48
1790884057.329 116.05 115.48
1790884057.835 116.05 115.48
1790884058.341 116.05 115.48
1790884058.846 116.05 115.48
1790884059.351 116.05 115.48
1790884059.857 116.05 115.49
1790884060.362 116.05 115.49
1790884060.866 116.04 115.48
1790884061.370 116.05 115.49
1790884061.876 115.99 115.49
1790884062.381 115.92 115.48
1790884062.886 115.84 115.47
1790884063.391 115.53 115.31
1790884063.896 115.45 115.27
1790884064.401 115.42 115.26
1790884064.907 115.31 115.17
1790884065.412 115.30 115.17
1790884065.917 115.59 115.49
1790884066.423 115.59 115.49
1790884066.928 115.59 115.49
1790884067.433 115.59 115.49
1790884067.939 115.59 115.49
1790884068.444 115.59 115.49
1790884068.950 115.59 115.49
1790884069.455 115.60 115.49
1790884069.960 115.60 115.49
1790884070.466 115.60 115.49
1790884070.971 115.60 115.49
1790884071.477 115.60 115.49
1790884071.982 115.61 115.51
1790884072.488 115.61 115.51
1790884072.993 115.61 115.51
1790884073.498 115.61 115.51
1790884074.004 115.61 115.51
1790884074.509 115.62 115.51
1790884075.015 115.62 115.51
1790884075.520 115.62 115.51
1790884076.026 115.62 115.51
1790884076.531 115.62 115.51
1790884077.037 115.62 115.51
1790884077.542 115.62 115.51
1790884078.047 115.62 115.51
1790884078.553 115.62 115.51
1790884079.058 115.62 115.51
1790884079.564 115.62 115.51
1790884080.070 115.62 115.52
1790884080.575 115.62 115.52
1790884081.081 115.62 115.52
1790884081.587 115.62 115.52
1790884082.092 115.63 115.53
1790884082.598 115.63 115.53
1790884083.103 115.64 115.53
1790884083.608 115.64 115.53
1790884084.114 115.64 115.53
1790884084.620 115.64 115.53
1790884085.126 115.64 115.53
1790884085.631 115.64 115.53
1790884086.136 115.64 115.53
1790884086.642 115.64 115.53
1790884087.148 115.64 115.54
1790884087.653 115.64 115.54
1790884088.158 115.64 115.54
1790884088.664 115.64 115.54
1790884089.169 115.64 115.54
1790884089.675 115.64 115.54
1790884090.180 115.64 115.54
1790884090.686 115.64 115.54
1790884091.192 115.64 115.54
1790884091.697 115.64 115.54
1790884092.203 115.64 115.53
1790884092.708 115.64 115.53
1790884093.214 115.64 115.53
1790884093.720 115.64 115.54
1790884094.225 115.64 115.54
1790884094.730 115.64 115.54
1790884095.235 115.64 115.54
1790884095.741 115.64 115.54
1790884096.246 115.64 115.54
1790884096.751 115.64 115.54
1790884097.257 115.64 115.54
1790884097.762 115.64 115.54
1790884098.267 115.64 115.54
1790884098.772 115.64 115.54
1790884099.278 115.64 115.54
1790884099.783 115.64 115.54
1790884100.288 115.64 115.54
1790884100.793 115.64 115.54
1790884101.298 115.64 115.54
1790884101.803 115.65 115.54
1790884102.309 115.68 115.57
1790884102.814 115.68 115.57
1790884103.320 115.68 115.57
1790884103.825 115.68 115.57
1790884104.330 115.68 115.58
1790884104.836 115.68 115.58
1790884105.341 115.69 115.58
1790884105.847 115.69 115.58
1790884106.352 115.69 115.58
1790884106.858 115.69 115.58
1790884107.363 115.69 115.58
1790884107.868 115.69 115.59
1790884108.374 115.69 115.59
1790884108.878 115.69 115.59
1790884109.383 115.69 115.59
1790884109.888 115.69 115.59
1790884110.394 115.68 115.59
1790884110.900 115.68 115.59
1790884111.405 115.68 115.59
1790884111.911 115.68 115.59
1790884112.416 115.69 115.59
1790884112.922 115.70 115.60
1790884113.427 115.70 115.60
1790884113.933 115.70 115.60
1790884114.439 115.70 115.61
1790884114.944 115.70 115.61
1790884115.449 115.70 115.61
1790884115.955 115.70 115.61
1790884116.460 115.70 115.61
1790884116.966 115.70 115.61
1790884117.471 115.70 115.61
1790884117.975 115.71 115.61
1790884118.481 115.71 115.61
1790884118.987 115.71 115.61
1790884119.492 115.71 115.61
1790884119.997 115.71 115.61
1790884120.502 115.71 115.61
1790884121.008 115.71 115.61
1790884121.513 115.71 115.61
1790884122.019 115.71 115.61
1790884122.523 115.70 115.61
1790884123.028 115.71 115.61
1790884123.533 115.71 115.61
1790884124.038 115.71 115.61
1790884124.543 115.71 115.61
1790884125.049 115.71 115.61
1790884125.554 115.71 115.61
1790884126.059 115.71 115.61
1790884126.565 115.71 115.62
1790884127.070 115.71 115.62
1790884127.576 115.71 115.62
1790884128.081 115.71 115.62
1790884128.587 115.71 115.62
1790884129.093 115.71 115.62
1790884129.598 115.71 115.62
1790884130.104 115.71 115.62
1790884130.609 115.71 115.62
1790884131.115 115.71 115.62
1790884131.620 115.71 115.62
1790884132.125 115.71 115.62
1790884132.631 115.73 115.63
1790884133.137 115.73 115.63
1790884133.642 115.73 115.63
1790884134.148 115.73 115.63
1790884134.653 115.73 115.63
1790884135.158 115.73 115.63
1790884135.664 115.73 115.63
1790884136.169 115.73 115.63
1790884136.675 115.73 115.64
1790884137.180 115.73 115.64
1790884137.686 115.73 115.64
1790884138.191 115.74 115.64
1790884138.696 115.74 115.64
1790884139.201 115.74 115.64
1790884139.707 115.74 115.64
1790884140.212 115.74 115.64
1790884140.717 115.74 115.64
1790884141.223 115.74 115.65
1790884141.728 115.74 115.65
1790884142.232 115.73 115.64
1790884142.738 115.73 115.64
1790884143.244 115.75 115.65
1790884143.749 115.75 115.65
1790884144.255 115.75 115.65
1790884144.760 115.75 115.65
1790884145.266 115.75 115.65
1790884145.771 115.75 115.65
1790884146.277 115.75 115.65
1790884146.782 115.75 115.65
1790884147.288 115.75 115.65
1790884147.793 115.73 115.63
1790884148.298 115.75 115.65
1790884148.803 115.75 115.65
1790884149.308 115.75 115.66
1790884149.814 115.75 115.66
1790884150.319 115.75 115.66
1790884150.825 115.75 115.66
1790884151.330 115.75 115.66
1790884151.835 115.75 115.66
1790884152.341 115.75 115.65
1790884152.845 115.74 115.65
1790884153.351 115.74 115.65
1790884153.857 115.74 115.64
1790884154.362 115.74 115.65
1790884154.868 115.74 115.65
1790884155.373 115.74 115.64
1790884155.879 115.74 115.64
1790884156.384 115.74 115.65
1790884156.890 115.74 115.65
1790884157.395 115.74 115.65
1790884157.901 115.76 115.66
1790884158.406 115.76 115.66
1790884158.912 115.76 115.66
1790884159.417 115.76 115.66
1790884159.923 115.76 115.67
1790884160.428 115.76 115.67
1790884160.933 115.76 115.67
1790884161.439 115.76 115.67
1790884161.945 115.76 115.67
1790884162.450 115.75 115.66
1790884162.956 115.74 115.65
1790884163.461 115.74 115.65
1790884163.967 115.74 115.65
1790884164.472 115.74 115.65
1790884164.978 115.74 115.65
1790884165.483 115.74 115.65
1790884165.989 115.74 115.65
1790884166.494 115.74 115.65
1790884166.999 115.74 115.65
1790884167.505 115.74 115.65
1790884168.010 115.74 115.64
1790884168.515 115.74 115.65
1790884169.021 115.74 115.65
1790884169.526 115.74 115.65
1790884170.031 115.74 115.65
1790884170.536 115.74 115.65
1790884171.042 115.74 115.65
1790884171.547 115.74 115.65
1790884172.053 115.74 115.65
1790884172.558 115.73 115.64
1790884173.064 115.73 115.64
1790884173.570 115.74 115.64
1790884174.075 115.74 115.64
1790884174.580 115.72 115.64
1790884175.085 115.70 115.62
1790884175.590 115.68 115.62
1790884176.096 115.68 115.62
1790884176.601 115.68 115.62
1790884177.107 115.68 115.62
1790884177.612 115.68 115.62
1790884178.118 115.69 115.63
1790884178.623 115.69 115.63
1790884179.129 115.69 115.63
1790884179.634 115.69 115.63
1790884180.140 115.69 115.63
1790884180.645 115.69 115.63
1790884181.151 115.69 115.63
1790884181.656 115.69 115.63
1790884182.162 115.69 115.63
1790884182.668 115.67 115.61
1790884183.174 115.67 115.61
1790884183.679 115.67 115.61
1790884184.183 115.68 115.62
1790884184.689 115.68 115.62
1790884185.195 115.68 115.62
1790884185.700 115.68 115.62
1790884186.206 115.68 115.62
1790884186.711 115.68 115.62
1790884187.217 115.68 115.62
1790884187.722 115.68 115.62
1790884188.227 115.67 115.61
1790884188.732 115.67 115.61
1790884189.237 115.67 115.61
1790884189.743 115.67 115.61
1790884190.247 115.67 115.62
1790884190.753 115.67 115.62
1790884191.258 115.67 115.62
1790884191.763 115.67 115.62
1790884192.268 115.67 115.62
1790884192.773 115.68 115.62
1790884193.279 115.69 115.64
1790884193.785 115.69 115.63
1790884194.290 115.69 115.63
1790884194.796 115.69 115.64
1790884195.302 115.70 115.64
1790884195.807 115.70 115.64
1790884196.312 115.70 115.64
1790884196.817 115.70 115.64
1790884197.322 115.70 115.64
1790884197.827 115.70 115.64
1790884198.333 115.69 115.63
1790884198.838 115.69 115.63
1790884199.344 115.69 115.63
1790884199.850 115.69 115.63
1790884200.355 115.69 115.63
1790884200.860 115.69 115.63
1790884201.366 115.70 115.64
1790884201.871 115.70 115.64
1790884202.376 115.70 115.64
1790884202.881 115.69 115.63
1790884203.386 115.69 115.63
1790884203.892 115.69 115.63
1790884204.397 115.69 115.63
1790884204.903 115.69 115.63
1790884205.408 115.69 115.63
1790884205.913 115.69 115.64
1790884206.418 115.69 115.64
1790884206.924 115.69 115.64
1790884207.429 115.69 115.64
1790884207.935 115.68 115.63
1790884208.440 115.68 115.63
1790884208.946 115.68 115.63
1790884209.451 115.68 115.63
1790884209.956 115.68 115.63
1790884210.461 115.68 115.63
1790884210.967 115.68 115.63
1790884211.472 115.68 115.63
1790884211.978 115.69 115.63
1790884212.483 115.69 115.63
1790884212.989 115.69 115.64
1790884213.494 115.69 115.64
1790884214.000 115.70 115.64
1790884214.505 115.70 115.64
1790884215.009 115.70 115.64
1790884215.514 115.67 115.61
1790884216.020 115.43 115.38
1790884216.525 115.32 115.26
1790884217.030 114.51 114.60
1790884217.535 114.64 114.60
1790884218.041 113.65 113.66
1790884218.546 113.39 113.42
1790884219.050 113.13 113.18
1790884219.555 112.87 112.96
1790884220.060 112.61 112.72
1790884220.565 110.70 110.84
1790884221.070 110.29 110.47
1790884221.575 111.11 111.31
1790884222.080 110.91 111.12
1790884222.585 110.70 110.91
1790884223.090 110.41 110.64
1790884223.594 108.65 108.88
1790884224.099 108.63 108.88
1790884224.604 108.61 108.89
1790884225.109 108.58 108.89
1790884225.613 108.56 108.89
1790884226.119 108.25 108.62
1790884226.624 107.86 108.27
1790884227.129 107.79 108.22
1790884227.635 107.59 108.02
1790884228.140 107.38 107.82
1790884228.644 107.17 107.61
1790884229.149 105.31 105.76
1790884229.653 105.29 105.77
1790884230.158 105.26 105.77
1790884230.664 105.24 105.77
1790884231.169 104.87 105.42
1790884231.674 104.70 105.29
1790884232.180 104.34 104.97
1790884232.684 104.95 105.60
1790884233.190 104.73 105.39
1790884233.694 104.49 105.15
1790884234.199 104.27 104.94
1790884234.705 102.58 103.26
1790884235.209 102.56 103.26
1790884235.714 102.53 103.26
1790884236.219 102.51 103.26
1790884236.723 102.24 103.02
1790884237.229 101.83 102.65
1790884237.734 100.63 101.50
1790884238.238 101.93 102.80
1790884238.743 101.71 102.58
1790884239.248 101.48 102.37
1790884239.754 99.75 100.64
1790884240.258 99.68 100.60
1790884240.763 99.66 100.60
1790884241.268 99.63 100.60
1790884241.773 99.61 100.60
1790884242.279 99.43 100.45
1790884242.783 99.01 100.07
1790884243.288 99.57 100.66
1790884243.793 99.41 100.50
1790884244.298 99.17 100.27
1790884244.802 98.96 100.07
1790884245.308 97.20 98.32
1790884245.812 97.18 98.32
1790884246.317 97.16 98.32
1790884246.822 97.13 98.32
1790884247.326 97.11 98.32
1790884247.831 96.61 97.85
1790884248.336 96.19 97.49
1790884248.841 96.71 98.02
1790884249.346 96.48 97.80
1790884249.851 96.26 97.58
1790884250.356 96.06 97.38
1790884250.861 94.36 95.70
1790884251.366 94.34 95.70
1790884251.870 94.32 95.70
1790884252.375 94.30 95.70
1790884252.879 94.32 95.74
1790884253.384 93.76 95.21
1790884253.890 93.34 94.84
1790884254.394 93.60 95.12
1790884254.899 93.44 94.97
1790884255.404 93.26 94.80
1790884255.909 93.06 94.60
1790884256.414 91.42 92.98
1790884256.919 91.40 92.97
1790884257.423 91.38 92.97
1790884257.928 91.34 92.96
1790884258.432 91.32 92.96
1790884258.938 91.27 92.94
1790884259.443 90.85 92.56
1790884259.947 91.20 92.95
1790884260.452 91.05 92.81
1790884260.957 90.87 92.63
1790884261.462 90.63 92.39
1790884261.968 88.89 90.66
1790884262.472 88.81 90.60
1790884262.977 88.77 90.59
1790884263.482 88.75 90.59
1790884263.987 88.72 90.59
1790884264.492 88.57 90.47
1790884264.997 88.44 90.38
1790884265.502 88.49 90.46
1790884266.006 88.31 90.29
1790884266.511 88.15 90.14
1790884267.016 87.96 89.95
1790884267.521 86.24 88.24
1790884268.026 86.20 88.22
1790884268.530 86.18 88.22
1790884269.035 86.15 88.22
1790884269.541 85.95 88.04
1790884270.046 85.61 87.75
1790884270.551 85.19 87.38
1790884271.056 85.74 87.94
1790884271.560 85.58 87.78
1790884272.066 85.37 87.57
1790884272.571 85.17 87.37
1790884273.075 83.61 85.83
1790884273.580 83.59 85.83
1790884274.084 83.56 85.83
1790884274.589 83.54 85.83
1790884275.094 83.23 85.55
1790884275.600 83.12 85.47
1790884276.105 82.72 85.12
1790884276.609 83.17 85.59
1790884277.114 83.00 85.42
1790884277.619 82.82 85.24
1790884278.124 82.62 85.05
1790884278.629 81.14 83.59
1790884279.134 81.12 83.59
1790884279.638 81.10 83.59
1790884280.143 81.07 83.59
1790884280.648 80.93 83.47
1790884281.153 80.54 83.13
1790884281.658 80.19 82.82
1790884282.163 80.56 83.20
1790884282.668 80.47 83.12
1790884283.174 80.23 82.88
1790884283.679 80.05 82.71
1790884284.183 78.55 81.22
1790884284.688 78.53 81.22
1790884285.193 78.51 81.22
1790884285.698 78.49 81.23
1790884286.203 78.36 81.12
1790884286.708 78.03 80.83
1790884287.214 77.64 80.49
1790884287.718 77.99 80.85
1790884288.222 77.87 80.73
1790884288.727 77.73 80.61
1790884289.232 77.52 80.40
1790884289.737 75.97 78.86
1790884290.242 75.95 78.87
1790884290.747 75.93 78.87
1790884291.251 75.91 78.87
1790884291.757 75.81 78.80
1790884292.262 75.46 78.48
1790884292.767 75.05 78.12
1790884293.272 75.16 78.25
1790884293.777 75.03 78.12
1790884294.282 74.84 77.94
1790884294.787 74.62 77.72
1790884295.292 73.11 76.22
1790884295.797 73.08 76.22
1790884296.302 73.06 76.22
1790884296.807 73.04 76.22
1790884297.312 72.44 75.65
1790884297.817 72.03 75.29
1790884298.321 71.65 74.95
1790884298.827 71.80 75.11
1790884299.332 71.63 74.95
1790884299.837 71.48 74.80
1790884300.342 70.42 73.74
1790884300.847 69.68 73.03
1790884301.352 69.66 73.03
1790884301.857 69.63 73.03
1790884302.362 69.61 73.03
1790884302.867 69.26 72.71
1790884303.372 68.95 72.44
1790884303.878 68.57 72.10
1790884304.382 69.08 72.62
1790884304.887 68.97 72.51
1790884305.392 68.84 72.39
1790884305.897 68.73 72.29
1790884306.402 67.11 70.68
1790884306.907 67.09 70.68
1790884307.412 67.07 70.68
1790884307.917 67.04 70.68
1790884308.422 66.95 70.62
1790884308.927 66.57 70.29
1790884309.432 66.19 69.95
1790884309.937 66.54 70.31
1790884310.443 66.37 70.13
1790884310.948 66.17 69.93
1790884311.453 65.35 69.12
1790884311.959 64.27 68.06
1790884312.464 64.25 68.06
1790884312.969 64.21 68.05
1790884313.474 64.17 68.04
1790884313.979 63.96 67.85
1790884314.484 63.58 67.52
1790884314.991 63.19 67.17
1790884315.496 63.93 67.92
1790884316.001 63.76 67.75
1790884316.506 63.55 67.55
1790884317.011 62.92 66.92
1790884317.521 61.99 66.01
1790884318.026 61.96 66.01
1790884318.531 61.92 66.01
1790884319.036 62.40 66.52
1790884319.541 62.02 66.21
1790884320.046 62.34 66.54
1790884320.552 62.20 66.41
1790884321.057 62.04 66.26
1790884321.562 60.93 65.16
1790884322.066 60.89 65.17
1790884322.572 60.86 65.17
1790884323.077 60.50 64.84
1790884323.582 60.14 64.54
1790884324.087 60.00 64.43
1790884324.592 59.90 64.34
1790884325.096 59.79 64.24
1790884325.601 58.76 63.23
1790884326.106 58.73 63.23
1790884326.611 58.70 63.23
1790884327.115 58.67 63.23
1790884327.621 58.27 62.88
1790884328.127 58.01 62.67
1790884328.631 57.97 62.64
1790884329.136 57.87 62.54
1790884329.642 56.81 61.48
1790884330.147 56.71 61.41
1790884330.652 56.68 61.41
1790884331.156 56.64 61.41
1790884331.662 55.97 60.78
1790884332.167 55.59 60.47
1790884332.672 55.75 60.64
1790884333.176 55.56 60.46
1790884333.684 55.20 60.11
1790884334.190 54.41 59.34
1790884334.695 54.38 59.34
1790884335.200 54.35 59.34
1790884335.705 54.09 59.12
1790884336.210 53.72 58.82
1790884336.714 53.83 58.94
1790884337.219 53.66 58.78
1790884337.724 53.48 58.59
1790884338.230 52.32 57.45
1790884338.735 52.30 57.45
1790884339.240 52.29 57.45
1790884339.744 52.21 57.39
1790884340.249 52.01 57.23
1790884340.754 51.41 56.66
1790884341.259 51.04 56.33
1790884341.764 51.25 56.58
1790884342.269 51.12 56.45
1790884342.774 51.01 56.34
1790884343.279 50.78 56.12
1790884343.783 49.38 54.72
1790884344.288 49.36 54.72
1790884344.793 49.33 54.73
1790884345.297 49.31 54.73
1790884345.805 49.28 54.73
1790884346.311 48.77 54.25
1790884346.816 48.38 53.91
1790884347.321 48.68 54.23
1790884347.826 48.50 54.06
1790884348.331 48.32 53.89
1790884348.836 48.19 53.76
1790884349.340 46.84 52.42
1790884349.846 46.82 52.42
1790884350.351 46.80 52.42
1790884350.856 46.78 52.43
1790884351.361 47.65 53.32
1790884351.866 46.16 51.85
1790884352.372 45.77 51.51
1790884352.877 46.86 52.64
1790884353.382 46.74 52.52
1790884353.887 46.59 52.38
1790884354.392 46.46 52.24
1790884354.897 44.85 50.64
1790884355.403 44.82 50.64
1790884355.908 44.80 50.64
1790884356.413 44.78 50.64
1790884356.918 44.75 50.65
1790884357.423 44.38 50.31
1790884357.928 43.99 49.97
1790884358.433 44.29 50.28
1790884358.938 44.14 50.15
1790884359.443 44.01 50.02
1790884359.948 43.89 49.90
1790884360.453 42.21 48.23
1790884360.958 42.18 48.23
1790884361.463 42.16 48.23
1790884361.968 42.13 48.23
1790884362.473 42.11 48.23
1790884362.978 41.77 47.92
1790884363.483 41.40 47.60
1790884363.988 41.92 48.14
1790884364.492 41.79 48.01
1790884364.997 41.64 47.87
1790884365.502 41.48 47.71
1790884366.007 39.70 45.94
1790884366.512 39.68 45.94
1790884367.016 39.65 45.94
1790884367.521 39.63 45.94
1790884368.026 38.94 45.28
1790884368.532 38.59 44.97
1790884369.038 38.20 44.63
1790884369.542 38.76 45.21
1790884370.047 38.61 45.06
1790884370.552 38.36 44.81
1790884371.057 38.11 44.57
1790884371.562 36.43 42.91
1790884372.066 36.41 42.91
1790884372.571 36.39 42.91
1790884373.076 36.40 42.94
1790884373.581 36.36 42.92
1790884374.087 35.58 42.19
1790884374.592 35.20 41.84
1790884375.097 35.56 42.23
1790884375.601 35.37 42.04
1790884376.106 35.17 41.86
1790884376.611 34.98 41.66
1790884377.116 33.33 40.03
1790884377.621 33.31 40.03
1790884378.126 33.28 40.01
1790884378.631 33.26 40.01
1790884379.135 33.24 40.01
1790884379.641 32.94 39.75
1790884380.146 32.55 39.41
1790884380.651 33.02 39.91
1790884381.157 32.89 39.78
1790884381.661 32.71 39.60
1790884382.166 32.54 39.44
1790884382.671 30.78 37.70
1790884383.175 30.72 37.65
1790884383.680 30.71 37.66
1790884384.185 31.18 38.16
1790884384.690 31.15 38.16
1790884385.195 30.43 37.47
1790884385.700 30.05 37.13
1790884386.205 29.21 36.32
1790884386.710 29.04 36.16
1790884387.214 28.83 35.95
1790884387.719 28.63 35.75
1790884388.223 26.92 34.06
1790884388.728 26.91 34.06
1790884389.233 26.88 34.06
1790884389.738 26.86 34.06
1790884390.243 26.83 34.06
1790884390.748 26.69 33.96
1790884391.254 26.65 33.97
1790884391.758 26.61 33.94
1790884392.263 26.44 33.78
1790884392.768 26.25 33.60
1790884393.272 26.07 33.42
1790884393.777 24.48 31.84
1790884394.282 24.46 31.84
1790884394.787 24.44 31.85
1790884395.292 24.42 31.85
1790884395.797 24.40 31.85
1790884396.302 24.27 31.75
1790884396.807 24.22 31.75
1790884397.312 24.23 31.79
1790884397.817 24.07 31.63
1790884398.322 23.92 31.50
1790884398.826 23.75 31.32
1790884399.332 21.98 29.57
1790884399.837 21.96 29.57
1790884400.341 21.93 29.57
1790884400.846 21.91 29.57
1790884401.352 21.79 29.47
1790884401.857 21.74 29.46
1790884402.363 21.69 29.46
1790884402.867 21.71 29.50
1790884403.372 21.58 29.37
1790884403.877 21.41 29.21
1790884404.382 21.26 29.06
1790884404.887 19.71 27.52
1790884405.392 19.68 27.52
1790884405.897 19.66 27.52
1790884406.402 19.63 27.52
1790884406.908 19.35 27.27
1790884407.413 19.30 27.27
1790884407.918 18.91 26.92
1790884408.423 18.73 26.74
1790884408.928 18.54 26.56
1790884409.433 18.36 26.38
1790884409.937 16.69 24.71
1790884410.442 16.67 24.71
1790884410.947 16.64 24.71
1790884411.452 16.62 24.71
1790884411.956 16.59 24.71
1790884412.462 16.53 24.69
1790884412.967 16.46 24.68
1790884413.472 16.45 24.67
1790884413.977 16.24 24.48
1790884414.482 16.02 24.26
1790884414.986 15.86 24.11
1790884415.491 14.32 22.58
1790884415.996 14.29 22.58
1790884416.502 14.27 22.58
1790884417.006 14.25 22.58
1790884417.511 14.00 22.34
1790884418.017 14.01 22.41
1790884418.523 13.96 22.41
1790884419.028 13.61 22.06
1790884419.533 13.45 21.91
1790884420.037 13.26 21.72
1790884420.543 11.62 20.09
1790884421.048 11.41 19.90
1790884421.553 12.54 21.05
1790884422.058 12.37 20.91
1790884422.563 12.20 20.77
1790884423.068 10.65 19.24
1790884423.573 10.60 19.24
1790884424.078 11.32 19.98
1790884424.583 11.12 19.79
1790884425.088 10.94 19.62
1790884425.593 10.76 19.45
1790884426.097 9.09 17.79
1790884426.602 9.07 17.79
1790884427.107 9.04 17.79
1790884427.612 9.02 17.79
1790884428.118 8.73 17.52
1790884428.623 8.68 17.52
1790884429.129 7.79 16.67
1790884429.633 8.62 17.51
1790884430.138 8.41 17.31
1790884430.643 8.20 17.10
1790884431.148 6.42 15.33
1790884431.653 7.72 16.71
1790884432.158 7.11 16.75
1790884432.663 7.61 16.77
1790884433.169 6.98 16.76
1790884433.673 7.48 16.76
1790884434.179 6.85 16.76
1790884434.684 7.29 16.76
1790884435.189 7.74 16.77
1790884435.694 7.11 16.76
1790884436.200 7.60 16.77
1790884436.705 6.94 16.75
1790884437.211 7.42 16.76
1790884437.716 6.79 16.75
1790884438.221 7.23 16.76
1790884438.727 7.73 16.77
1790884439.232 7.11 16.76
1790884439.737 7.58 16.76
1790884440.243 6.93 16.75
1790884440.749 7.43 16.76
1790884441.254 6.81 16.75
1790884441.759 7.28 16.77
1790884442.265 7.74 16.77
1790884442.770 7.10 16.74
1790884443.275 7.59 16.75
1790884443.780 6.95 16.73
1790884444.285 7.42 16.74
1790884444.791 6.78 16.73
1790884445.296 7.26 16.74
1790884445.802 7.77 16.75
1790884446.307 7.13 16.73
1790884446.812 7.60 16.74
1790884447.318 6.95 16.73
1790884447.822 7.48 16.75
1790884448.328 6.84 16.74
1790884448.833 7.30 16.74
1790884449.338 7.78 16.76
1790884449.844 7.15 16.74
1790884450.349 7.64 16.75
1790884450.854 7.03 16.75
1790884451.360 7.44 16.75
1790884451.865 6.81 16.74
1790884452.370 7.27 16.75
1790884452.875 7.74 16.74
1790884453.380 7.09 16.72
1790884453.885 7.56 16.71
1790884454.390 6.92 16.70
1790884454.895 7.37 16.71
1790884455.400 6.74 16.70
1790884455.905 7.25 16.71
1790884456.410 7.70 16.72
1790884456.915 7.06 16.71
1790884457.420 7.54 16.71
1790884457.925 6.93 16.73
1790884458.429 7.38 16.74
1790884458.934 6.76 16.73
1790884459.439 7.22 16.73
1790884459.944 7.71 16.75
1790884460.449 7.08 16.73
1790884460.954 7.50 16.73
1790884461.458 6.88 16.72
1790884461.964 7.38 16.74
1790884462.469 6.76 16.73
1790884462.974 7.20 16.73
1790884463.479 7.66 16.74
1790884463.984 7.00 16.71
1790884464.490 7.48 16.72
1790884464.995 6.85 16.71
1790884465.500 7.31 16.72
1790884466.005 7.81 16.74
1790884466.510 7.15 16.72
1790884467.016 7.64 16.73
1790884467.521 7.00 16.72
1790884468.026 7.46 16.72
1790884468.532 6.81 16.72
1790884469.037 7.32 16.73
1790884469.542 7.81 16.74
1790884470.046 7.14 16.72
1790884470.552 7.62 16.73
1790884471.057 6.95 16.72
1790884471.562 7.44 16.73
1790884472.068 6.81 16.72
1790884472.572 7.27 16.72
1790884473.078 7.72 16.73
1790884473.582 7.07 16.70
1790884474.087 7.52 16.71
1790884474.592 6.86 16.70
1790884475.097 7.36 16.70
1790884475.602 6.71 16.69
1790884476.107 7.19 16.70
1790884476.612 7.67 16.71
1790884477.118 7.01 16.70
1790884477.623 7.50 16.71
1790884478.128 6.85 16.70
1790884478.633 7.29 16.71
1790884479.138 7.79 16.73
1790884479.643 7.14 16.71
1790884480.148 7.61 16.72
1790884480.653 6.99 16.71
1790884481.158 7.43 16.72
1790884481.664 6.79 16.70
1790884482.169 7.30 16.73
1790884482.674 7.75 16.73
1790884483.179 7.12 16.71
1790884483.685 7.61 16.72
1790884484.190 7.02 16.76
1790884484.695 7.46 16.76
1790884485.200 6.84 16.74
1790884485.705 7.29 16.75
1790884486.211 7.78 16.76
1790884486.715 7.15 16.75
1790884487.220 7.61 16.76
1790884487.726 6.97 16.75
1790884488.231 7.43 16.74
1790884488.736 6.78 16.73
1790884489.241 7.28 16.74
1790884489.746 7.74 16.75
1790884490.251 7.13 16.78
1790884490.757 7.62 16.79
1790884491.262 6.97 16.78
1790884491.767 7.43 16.79
1790884492.272 6.80 16.78
1790884492.776 7.35 16.83
1790884493.282 7.85 16.87
1790884493.787 7.20 16.86
1790884494.292 7.70 16.88
1790884494.797 7.06 16.87
1790884495.303 7.52 16.88
1790884495.808 6.89 16.86
1790884496.313 7.39 16.88
1790884496.818 7.86 16.88
1790884497.323 7.21 16.87
1790884497.829 7.69 16.86
1790884498.334 7.06 16.87
1790884498.839 7.54 16.88
1790884499.344 6.89 16.87
1790884499.850 7.38 16.87
1790884500.355 7.83 16.88
1790884500.860 7.20 16.88
1790884501.365 7.70 16.87
1790884501.870 7.07 16.88
1790884502.375 7.54 16.89
1790884502.880 6.90 16.88
1790884503.385 7.39 16.88
1790884503.890 7.84 16.89
1790884504.395 7.23 16.89
1790884504.900 7.72 16.89
1790884505.404 7.13 16.94
1790884505.909 7.62 16.96
1790884506.414 6.98 16.95
1790884506.919 7.45 16.96
1790884507.424 7.92 16.96
1790884507.929 7.29 16.94
1790884508.434 7.74 16.95
1790884508.939 7.09 16.94
1790884509.444 7.61 16.95
1790884509.949 7.26 16.94
1790884510.454 7.41 16.96
1790884510.960 7.86 16.96
1790884511.464 7.24 16.96
1790884511.970 7.74 16.97
1790884512.475 8.75 17.67
1790884512.980 9.40 18.32
1790884513.485 63.75 72.67
1790884513.990 106.03 114.96
1790884514.496 106.07 114.99
1790884515.001 106.07 114.99
1790884515.507 106.07 114.99
1790884516.012 106.07 114.99
1790884516.518 106.07 114.99
1790884517.023 106.07 114.99
1790884517.529 106.07 114.99
1790884518.034 106.06 114.98
1790884518.539 106.06 114.98
1790884519.045 106.06 114.98
1790884519.551 106.06 114.98
1790884520.056 106.06 114.98
1790884520.562 106.06 114.98
1790884521.067 106.06 114.98
1790884521.573 106.07 114.99
1790884522.078 106.07 114.99
1790884522.584 106.07 114.99
1790884523.089 106.07 114.99
1790884523.595 106.07 114.99
1790884524.100 106.07 114.99
1790884524.606 106.07 114.99
1790884525.111 106.08 115.00
1790884525.617 106.08 115.00
1790884526.122 106.08 115.00
1790884526.627 106.08 115.00
1790884527.133 106.08 115.00
1790884527.638 106.08 115.00
1790884528.144 106.09 115.01
1790884528.650 106.09 115.01
1790884529.156 106.09 115.01
1790884529.661 106.09 115.01
1790884530.165 106.09 115.01
1790884530.671 106.09 115.01
1790884531.177 106.10 115.02
1790884531.682 106.10 115.02
1790884532.188 106.11 115.03
1790884532.693 106.11 115.03
1790884533.199 106.09 115.01
1790884533.704 106.09 115.01
1790884534.209 106.11 115.03
1790884534.715 106.11 115.03
1790884535.220 106.17 115.09
1790884535.726 106.17 115.09
1790884536.231 106.17 115.09
1790884536.736 106.17 115.09
1790884537.242 106.17 115.09
1790884537.746 106.23 115.15
1790884538.252 106.22 115.14
1790884538.757 106.22 115.14
1790884539.263 106.22 115.14
1790884539.768 106.22 115.14
1790884540.273 106.22 115.14
1790884540.779 106.22 115.14
1790884541.285 106.22 115.14
1790884541.790 106.24 115.16
1790884542.296 106.24 115.16
1790884542.800 106.23 115.15
1790884543.306 106.25 115.17
1790884543.811 106.25 115.17
1790884544.317 106.25 115.17
1790884544.823 106.25 115.17
1790884545.329 106.25 115.17
1790884545.835 106.25 115.17
1790884546.341 106.25 115.17
1790884546.847 106.25 115.17
1790884547.352 106.25 115.17
1790884547.857 106.24 115.17
1790884548.363 106.26 115.18
1790884548.868 106.26 115.18
1790884549.373 106.26 115.18
1790884549.879 106.26 115.18
1790884550.384 106.26 115.18
1790884550.890 106.26 115.18
1790884551.395 106.26 115.18
1790884551.900 106.26 115.18
1790884552.406 106.26 115.19
1790884552.910 106.28 115.20
1790884553.415 106.28 115.20
1790884553.921 106.28 115.20
1790884554.427 106.26 115.18
1790884554.933 106.26 115.18
1790884555.438 106.26 115.18
1790884555.944 106.26 115.18
1790884556.449 106.27 115.19
1790884556.954 106.28 115.20
1790884557.460 106.28 115.20
1790884557.965 106.28 115.20
1790884558.471 106.28 115.20
1790884558.976 106.28 115.20
1790884559.482 106.28 115.20
1790884559.988 106.28 115.20
1790884560.493 106.28 115.20
1790884560.998 106.28 115.20
1790884561.503 106.28 115.20
1790884562.009 106.28 115.20
1790884562.514 106.28 115.20
1790884563.020 106.30 115.22
1790884563.526 106.30 115.22
1790884564.031 106.30 115.22
1790884564.536 106.31 115.24
1790884565.042 106.31 115.24
1790884565.547 106.31 115.24
1790884566.053 106.31 115.24
1790884566.559 106.31 115.24
1790884567.064 106.32 115.24
1790884567.570 106.32 115.24
1790884568.075 106.31 115.23
1790884568.581 106.31 115.23
1790884569.086 106.31 115.23
1790884569.591 106.31 115.23
1790884570.097 106.31 115.23
1790884570.602 106.31 115.23
1790884571.108 106.31 115.23
1790884571.613 106.31 115.23
1790884572.119 106.37 115.29
1790884572.624 106.37 115.29
1790884573.130 106.36 115.28
1790884573.635 106.36 115.28
1790884574.141 106.36 115.29
1790884574.646 106.36 115.28
1790884575.152 106.36 115.28
1790884575.657 106.36 115.28
1790884576.163 106.36 115.28
1790884576.668 106.36 115.28
1790884577.174 106.42 115.34
1790884577.679 106.42 115.34
1790884578.185 106.43 115.35
1790884578.690 106.43 115.35
1790884579.196 106.43 115.35
1790884579.702 106.45 115.37
1790884580.207 106.45 115.37
1790884580.713 106.45 115.37
1790884581.218 106.45 115.37
1790884581.724 106.45 115.37
1790884582.229 106.45 115.37
1790884582.736 106.45 115.37
1790884583.241 106.44 115.36
1790884583.747 106.44 115.36
1790884584.252 106.44 115.36
1790884584.758 106.45 115.37
1790884585.263 106.45 115.37
1790884585.769 106.45 115.37
1790884586.275 106.45 115.37
1790884586.780 106.45 115.37
1790884587.285 106.45 115.37
1790884587.790 106.45 115.38
1790884588.296 106.47 115.39
1790884588.801 106.47 115.39
1790884589.307 106.48 115.40
1790884589.812 106.48 115.40
1790884590.317 106.48 115.40
1790884590.823 106.48 115.40
1790884591.328 106.48 115.40
1790884591.834 106.48 115.40
1790884592.340 106.48 115.40
1790884592.845 106.48 115.40
1790884593.351 106.48 115.40
1790884593.856 106.48 115.40
1790884594.362 106.48 115.40
1790884594.867 106.51 115.43
1790884595.372 106.51 115.43
1790884595.878 106.51 115.43
1790884596.384 106.51 115.43
1790884596.889 106.51 115.43
1790884597.395 106.51 115.43
1790884597.900 106.49 115.41
1790884598.405 106.49 115.42
1790884598.911 106.49 115.42
1790884599.416 106.50 115.42
1790884599.922 106.50 115.42
1790884600.428 106.50 115.42
1790884600.933 106.50 115.42
1790884601.439 106.50 115.42
1790884601.944 106.50 115.42
1790884602.450 106.50 115.42
1790884602.956 106.52 115.44
1790884603.462 106.52 115.44
1790884603.967 106.52 115.44
1790884604.472 106.51 115.43
1790884604.978 106.51 115.43
1790884605.483 106.51 115.43
1790884605.989 106.51 115.43
1790884606.495 106.51 115.43
1790884607.000 106.51 115.43
1790884607.506 106.51 115.43
1790884608.011 106.50 115.42
1790884608.517 106.50 115.42
1790884609.023 106.50 115.42
1790884609.529 106.50 115.42
1790884610.034 106.50 115.42
1790884610.539 106.50 115.42
1790884611.045 106.50 115.42
1790884611.550 106.50 115.42
1790884612.056 106.50 115.43
1790884612.561 106.50 115.43
1790884613.067 106.52 115.44
1790884613.572 106.52 115.44
1790884614.078 106.52 115.44
1790884614.582 106.54 115.46
1790884615.088 106.54 115.46
1790884615.594 106.54 115.46
1790884616.099 106.54 115.46
1790884616.605 106.54 115.46
1790884617.111 106.54 115.46
1790884617.616 106.54 115.46
1790884618.122 106.54 115.46
1790884618.627 106.54 115.46
1790884619.133 106.54 115.46
1790884619.638 106.54 115.46
1790884620.144 106.54 115.46
1790884620.650 106.54 115.46
1790884621.155 106.54 115.46
1790884621.661 106.54 115.46
1790884622.167 106.54 115.47
1790884622.672 106.54 115.47
1790884623.177 106.53 115.45
1790884623.683 106.53 115.45
1790884624.188 106.53 115.45
1790884624.694 106.55 115.47
1790884625.200 106.55 115.47
1790884625.705 106.55 115.47
1790884626.211 106.55 115.47
1790884626.717 106.55 115.47
1790884627.222 106.55 115.47
1790884627.728 106.55 115.47
1790884628.232 106.57 115.49
1790884628.738 106.57 115.49
1790884629.243 106.57 115.49
1790884629.749 106.57 115.49
1790884630.254 106.57 115.49
1790884630.759 106.57 115.49
1790884631.264 106.57 115.49
1790884631.770 106.57 115.49
1790884632.275 106.57 115.49
1790884632.780 106.56 115.48
1790884633.285 106.57 115.50
1790884633.791 106.57 115.50
1790884634.296 106.58 115.50
1790884634.801 106.58 115.50
1790884635.307 106.58 115.50
1790884635.811 106.58 115.50
1790884636.317 106.58 115.50
1790884636.822 106.58 115.50
1790884637.328 106.58 115.50
1790884637.832 106.56 115.48
1790884638.338 106.56 115.48
1790884638.844 106.56 115.48
1790884639.349 106.56 115.48
1790884639.855 106.56 115.48
1790884640.361 106.56 115.48
1790884640.866 106.56 115.48
1790884641.372 106.56 115.48
1790884641.877 106.56 115.48
1790884642.383 106.56 115.48
1790884642.888 106.58 115.50
1790884643.393 106.58 115.50
1790884643.899 106.58 115.50
1790884644.404 106.58 115.51
1790884644.910 106.60 115.53
1790884645.416 106.61 115.53
1790884645.920 106.61 115.53
1790884646.426 106.61 115.53
1790884646.932 106.61 115.53
1790884647.437 106.61 115.53
1790884647.943 106.60 115.52
1790884648.448 106.60 115.52
1790884648.954 106.60 115.52
1790884649.459 106.60 115.52
1790884649.964 106.60 115.52
1790884650.469 106.60 115.52
1790884650.975 106.60 115.52
1790884651.481 106.60 115.52
1790884651.986 106.60 115.52
1790884652.491 106.60 115.52
1790884652.997 106.60 115.53
1790884653.503 106.60 115.53
1790884654.009 106.60 115.53
1790884654.514 106.60 115.53
1790884655.019 106.59 115.52
1790884655.525 106.59 115.52
1790884656.030 106.59 115.52
1790884656.535 106.59 115.52
1790884657.041 106.59 115.52
1790884657.546 106.59 115.52
1790884658.051 106.59 115.51
1790884658.557 106.59 115.51
1790884659.062 106.59 115.51
1790884659.568 106.59 115.51
1790884660.073 106.59 115.52
1790884660.579 106.60 115.52
1790884661.083 106.60 115.52
1790884661.589 106.60 115.52
1790884662.095 106.60 115.52
1790884662.599 106.60 115.52
1790884663.105 106.61 115.54
1790884663.610 106.61 115.53
1790884664.116 106.61 115.53
1790884664.620 106.61 115.53
1790884665.125 106.61 115.53
1790884665.631 106.61 115.53
1790884666.135 106.65 115.57
1790884666.641 106.65 115.57
1790884667.146 106.65 115.57
1790884667.651 106.65 115.57
1790884668.157 106.64 115.56
1790884668.662 106.64 115.56
1790884669.168 106.64 115.56
1790884669.673 106.64 115.56
1790884670.179 106.64 115.56
1790884670.684 106.64 115.57
1790884671.190 106.65 115.57
1790884671.695 106.65 115.57
1790884672.201 106.65 115.57
1790884672.706 106.64 115.57
1790884673.212 106.65 115.57
1790884673.717 106.65 115.57
1790884674.223 106.65 115.57
1790884674.729 106.65 115.57
1790884675.234 106.67 115.60
1790884675.740 106.67 115.59
1790884676.245 106.67 115.59
1790884676.751 106.67 115.59
1790884677.256 106.67 115.59
1790884677.760 106.67 115.59
1790884678.266 106.68 115.61
1790884678.772 106.68 115.60
1790884679.277 106.68 115.61
1790884679.783 106.68 115.61
1790884680.288 106.68 115.61
1790884680.794 106.68 115.61
1790884681.299 106.68 115.61
1790884681.804 106.68 115.61
1790884682.310 106.69 115.61
1790884682.815 106.67 115.59
1790884683.320 106.69 115.61
1790884683.826 106.69 115.61
1790884684.331 106.69 115.61
1790884684.837 106.69 115.61
1790884685.342 106.69 115.61
1790884685.847 106.69 115.61
1790884686.353 106.69 115.61
1790884686.858 106.69 115.61
1790884687.363 106.69 115.61
1790884687.869 106.68 115.61
1790884688.374 106.68 115.61
1790884688.879 106.68 115.61
1790884689.385 106.68 115.61
1790884689.890 106.68 115.61
1790884690.396 106.68 115.61
1790884690.901 106.68 115.61
1790884691.406 106.69 115.61
1790884691.912 106.69 115.61
1790884692.417 106.69 115.61
1790884692.923 106.70 115.62
1790884693.428 106.70 115.62
1790884693.934 106.70 115.62
1790884694.439 106.70 115.62
1790884694.945 106.70 115.62
1790884695.450 106.70 115.62
1790884695.956 106.70 115.62
1790884696.461 106.70 115.62
1790884696.967 106.70 115.62
1790884697.472 106.70 115.62
1790884697.977 106.70 115.62
1790884698.481 106.70 115.62
1790884698.987 106.70 115.62
1790884699.492 106.70 115.62
1790884699.997 106.70 115.62
1790884700.503 106.70 115.62
1790884701.008 106.70 115.62
1790884701.513 106.70 115.62
1790884702.018 106.70 115.62
1790884702.524 106.70 115.62
1790884703.030 106.69 115.61
1790884703.535 106.69 115.61
1790884704.041 106.69 115.61
1790884704.546 106.69 115.61
1790884705.051 106.71 115.63
1790884705.557 106.71 115.63
1790884706.062 106.71 115.63
1790884706.568 106.71 115.63
1790884707.073 106.71 115.63
1790884707.579 106.71 115.63
1790884708.085 106.69 115.62
1790884708.590 106.69 115.62
1790884709.096 106.69 115.62
1790884709.601 106.69 115.62
1790884710.106 106.69 115.62
1790884710.612 106.69 115.62
1790884711.117 106.69 115.62
1790884711.622 106.69 115.62
1790884712.128 106.69 115.61
1790884712.634 106.69 115.61
1790884713.139 106.71 115.63
1790884713.645 106.71 115.63
1790884714.151 106.71 115.63
1790884714.657 106.71 115.63
1790884715.162 106.72 115.64
1790884715.668 106.72 115.64
1790884716.174 106.72 115.64
1790884716.679 106.72 115.64
1790884717.185 106.72 115.64
1790884717.690 106.72 115.64
1790884718.196 106.71 115.63
1790884718.702 106.71 115.63
1790884719.207 106.71 115.63
1790884719.713 106.71 115.63
1790884720.218 106.71 115.63
1790884720.724 106.71 115.63
1790884721.229 106.71 115.63
1790884721.735 106.71 115.63
1790884722.240 106.71 115.63
1790884722.745 106.69 115.62
1790884723.251 106.69 115.62
1790884723.757 106.69 115.62
1790884724.262 106.69 115.62
1790884724.768 106.70 115.62
1790884725.273 106.70 115.62
1790884725.779 106.70 115.62
1790884726.284 106.70 115.62
1790884726.789 106.70 115.62
1790884727.295 106.70 115.62
1790884727.800 106.68 115.61
1790884728.306 106.69 115.61
1790884728.811 106.69 115.61
1790884729.317 106.69 115.61
1790884729.822 106.69 115.61
1790884730.328 106.69 115.61
1790884730.834 106.69 115.61
1790884731.340 106.69 115.61
1790884731.844 106.69 115.61
1790884732.348 106.69 115.61
1790884732.852 106.65 115.57
1790884733.358 106.64 115.57
1790884733.864 106.64 115.57
1790884734.369 106.64 115.57
1790884734.875 106.64 115.57
1790884735.380 106.66 115.58
1790884735.886 106.66 115.58
1790884736.391 106.66 115.58
1790884736.897 106.66 115.58
1790884737.402 106.66 115.58
1790884737.908 106.67 115.59
1790884738.413 106.67 115.59
1790884738.918 106.67 115.59
1790884739.423 106.67 115.59
1790884739.929 106.67 115.59
1790884740.434 106.67 115.59
1790884740.939 106.67 115.59
1790884741.444 106.67 115.59
1790884741.949 106.67 115.59
1790884742.455 106.67 115.59
1790884742.961 106.66 115.58
1790884743.466 106.66 115.58
1790884743.972 106.66 115.58
1790884744.477 106.66 115.58
1790884744.983 106.66 115.58
1790884745.488 106.65 115.57
1790884745.993 106.65 115.57
1790884746.498 106.65 115.57
1790884747.003 106.65 115.57
1790884747.509 106.65 115.57
1790884748.014 106.65 115.57
1790884748.520 106.65 115.57
1790884749.025 106.65 115.57
1790884749.531 106.65 115.57
1790884750.036 106.65 115.57
1790884750.542 106.65 115.57
1790884751.047 106.65 115.57
1790884751.552 106.65 115.57
1790884752.057 106.65 115.57
1790884752.563 106.65 115.58
1790884753.068 106.65 115.57
1790884753.574 106.65 115.57
1790884754.079 106.65 115.57
1790884754.585 106.65 115.57
1790884755.090 106.65 115.57
1790884755.595 106.64 115.56
1790884756.101 106.64 115.56
1790884756.606 106.64 115.56
1790884757.111 106.64 115.56
1790884757.617 106.64 115.56
1790884758.123 106.63 115.55
1790884758.628 106.63 115.55
1790884759.134 106.63 115.55
1790884759.638 106.63 115.55
1790884760.144 106.63 115.56
1790884760.649 106.63 115.56
1790884761.154 106.63 115.56
1790884761.660 106.63 115.56
1790884762.165 106.63 115.56
1790884762.671 106.63 115.56
1790884763.177 106.65 115.58
1790884763.682 106.65 115.58
1790884764.188 106.65 115.58
1790884764.693 106.65 115.57
1790884765.199 106.65 115.58
1790884765.704 106.65 115.58
1790884766.210 106.65 115.58
1790884766.715 106.65 115.58
1790884767.220 106.65 115.58
1790884767.726 106.65 115.58
1790884768.231 106.65 115.58
1790884768.736 106.65 115.58
1790884769.242 106.65 115.58
1790884769.747 106.65 115.58
1790884770.252 106.65 115.58
1790884770.757 106.65 115.58
1790884771.263 106.66 115.58
1790884771.768 106.66 115.58
1790884772.273 106.66 115.58
1790884772.778 106.65 115.57
1790884773.283 106.66 115.59
1790884773.789 106.66 115.59
1790884774.294 106.66 115.59
1790884774.800 106.66 115.59
1790884775.305 106.66 115.59
1790884775.811 106.68 115.60
1790884776.316 106.68 115.60
1790884776.822 106.68 115.60
1790884777.328 106.68 115.60
1790884777.833 106.67 115.60
1790884778.339 106.67 115.60
1790884778.844 106.67 115.60
1790884779.350 106.67 115.60
1790884779.855 106.67 115.60
1790884780.361 106.67 115.60
1790884780.866 106.67 115.60
1790884781.372 106.67 115.60
1790884781.877 106.67 115.60
1790884782.383 106.67 115.60
1790884782.888 106.69 115.62
1790884783.394 106.69 115.62
1790884783.899 106.69 115.62
1790884784.405 106.69 115.62
1790884784.910 106.69 115.62
1790884785.416 106.69 115.62
1790884785.921 106.69 115.61
1790884786.427 106.69 115.61
1790884786.932 106.69 115.61
1790884787.438 106.69 115.61
1790884787.943 106.67 115.60
1790884788.448 106.67 115.60
1790884788.954 106.67 115.60
1790884789.459 106.67 115.60
1790884789.965 106.67 115.60
1790884790.470 106.67 115.60
1790884790.976 106.67 115.60
1790884791.481 106.67 115.60
1790884791.987 106.67 115.60
1790884792.493 106.68 115.60
1790884792.998 106.68 115.60
1790884793.504 106.68 115.60
1790884794.009 106.68 115.60
1790884794.515 106.68 115.60
1790884795.020 106.68 115.60
1790884795.525 106.66 115.59
1790884796.030 106.68 115.61
1790884796.536 106.69 115.61
1790884797.041 106.68 115.61
1790884797.546 106.68 115.61
1790884798.052 106.69 115.62
1790884798.558 106.69 115.62
1790884799.063 106.69 115.61
1790884799.569 106.69 115.61
1790884800.074 106.69 115.61
1790884800.579 106.69 115.61
1790884801.085 106.69 115.61
1790884801.591 106.69 115.61
1790884802.096 106.69 115.61
1790884802.602 106.69 115.61
1790884803.107 106.67 115.60
1790884803.613 106.67 115.60
1790884804.118 106.67 115.60
1790884804.623 106.67 115.60
1790884805.128 106.67 115.60
1790884805.633 106.68 115.60
1790884806.138 106.68 115.60
1790884806.643 106.68 115.60
1790884807.148 106.68 115.60
1790884807.654 106.68 115.60
1790884808.159 106.68 115.60
1790884808.665 106.68 115.60
1790884809.170 106.68 115.61
1790884809.676 106.68 115.61
1790884810.181 106.68 115.61
1790884810.686 106.68 115.61
1790884811.192 106.68 115.61
1790884811.697 106.68 115.61
1790884812.203 106.68 115.61
1790884812.708 106.68 115.61
1790884813.213 106.68 115.61
1790884813.719 106.68 115.61
1790884814.225 106.69 115.61
1790884814.730 106.69 115.61
1790884815.236 106.69 115.61
1790884815.741 106.68 115.61
1790884816.247 106.68 115.61
1790884816.753 106.68 115.61
1790884817.258 106.68 115.61
1790884817.763 106.68 115.60
1790884818.269 106.69 115.62
1790884818.774 106.69 115.62
1790884819.280 106.69 115.62
1790884819.785 106.69 115.62
1790884820.291 106.69 115.62
1790884820.797 106.69 115.62
1790884821.302 106.69 115.62
1790884821.808 106.69 115.62
1790884822.314 106.70 115.62
1790884822.818 106.71 115.63
1790884823.324 106.71 115.63
1790884823.829 106.71 115.63
1790884824.335 106.71 115.63
1790884824.840 106.71 115.63
1790884825.346 106.71 115.63
1790884825.851 106.71 115.63
1790884826.356 106.71 115.63
1790884826.862 106.71 115.63
1790884827.367 106.71 115.63
1790884827.872 106.72 115.65
1790884828.378 106.72 115.65
1790884828.884 106.72 115.65
1790884829.389 106.72 115.65
1790884829.894 106.72 115.65
1790884830.400 106.72 115.65
1790884830.906 106.72 115.65
1790884831.411 106.72 115.65
1790884831.917 106.72 115.65
1790884832.422 106.72 115.65
1790884832.928 106.73 115.65
1790884833.433 106.72 115.65
1790884833.939 106.72 115.65
1790884834.444 106.72 115.65
1790884834.950 106.72 115.65
1790884835.455 106.72 115.65
1790884835.961 106.73 115.65
1790884836.466 106.73 115.65
1790884836.971 106.73 115.65
1790884837.477 106.73 115.65
1790884837.982 106.72 115.64
1790884838.488 106.72 115.64
1790884838.994 106.72 115.64
1790884839.499 106.72 115.65
1790884840.005 106.72 115.65
1790884840.510 106.72 115.65
1790884841.016 106.72 115.65
1790884841.521 106.72 115.65
1790884842.027 106.72 115.65
1790884842.532 106.72 115.65
1790884843.038 106.73 115.65
1790884843.542 106.69 115.65
1790884844.047 106.68 115.65
1790884844.552 106.68 115.65
1790884845.058 106.68 115.65
1790884845.564 106.68 115.65
1790884846.069 106.66 115.63
1790884846.575 106.66 115.63
1790884847.080 106.66 115.64
1790884847.586 106.66 115.64
1790884848.091 106.65 115.63
1790884848.597 106.65 115.63
1790884849.102 106.65 115.63
1790884849.608 106.65 115.63
1790884850.113 106.65 115.63
1790884850.619 106.65 115.63
1790884851.124 106.65 115.63
1790884851.629 106.65 115.63
1790884852.135 106.65 115.63
1790884852.641 106.65 115.63
1790884853.146 106.64 115.62
1790884853.652 106.64 115.62
1790884854.157 106.64 115.62
1790884854.662 106.64 115.62
1790884855.167 106.64 115.62
1790884855.673 106.64 115.62
1790884856.179 106.66 115.63
1790884856.684 106.66 115.63
1790884857.190 106.66 115.63
1790884857.696 106.66 115.63
1790884858.202 106.66 115.63
1790884858.707 106.66 115.63
1790884859.213 106.66 115.63
1790884859.719 106.66 115.63
1790884860.224 106.66 115.63
1790884860.730 106.66 115.63
1790884861.235 106.66 115.63
1790884861.741 106.66 115.63
1790884862.246 106.66 115.63
1790884862.751 106.64 115.62
1790884863.257 106.64 115.62
1790884863.763 106.64 115.62
1790884864.268 106.64 115.62
1790884864.773 106.64 115.62
1790884865.279 106.64 115.62
1790884865.784 106.64 115.62
1790884866.289 106.63 115.60
1790884866.794 106.63 115.60
1790884867.299 106.63 115.60
1790884867.804 106.62 115.60
1790884868.310 106.63 115.61
1790884868.815 106.63 115.61
1790884869.320 106.63 115.61
1790884869.825 106.63 115.61
1790884870.330 106.63 115.61
1790884870.836 106.63 115.61
1790884871.341 106.63 115.61
1790884871.847 106.63 115.61
1790884872.353 106.63 115.61
1790884872.858 106.65 115.62
1790884873.364 106.65 115.62
1790884873.869 106.65 115.62
1790884874.375 106.65 115.62
1790884874.880 106.65 115.62
1790884875.386 106.65 115.62
1790884875.891 106.65 115.62
1790884876.396 106.63 115.61
1790884876.902 106.63 115.61
1790884877.407 106.63 115.61
1790884877.913 106.65 115.62
1790884878.418 106.65 115.62
1790884878.923 106.65 115.63
1790884879.429 106.65 115.62
1790884879.934 106.65 115.62
1790884880.440 106.65 115.62
1790884880.945 106.65 115.62
1790884881.451 106.65 115.62
1790884881.957 106.65 115.62
1790884882.462 106.65 115.62
1790884882.968 106.66 115.64
1790884883.473 106.66 115.64
1790884883.979 106.66 115.64
1790884884.484 106.66 115.64
1790884884.990 106.66 115.64
1790884885.495 106.66 115.64
1790884886.001 106.66 115.64
1790884886.506 106.67 115.64
1790884887.012 106.67 115.64
1790884887.518 106.67 115.64
1790884888.023 106.66 115.63
1790884888.529 106.66 115.63
1790884889.034 106.66 115.63
1790884889.541 106.66 115.63
1790884890.046 106.66 115.63
1790884890.552 106.66 115.63
1790884891.057 106.66 115.63
1790884891.563 106.66 115.63
1790884892.069 106.66 115.63
1790884892.575 106.66 115.63
1790884893.079 106.64 115.62
1790884893.584 106.64 115.62
1790884894.089 106.64 115.62
1790884894.595 106.64 115.62
1790884895.100 106.64 115.62
1790884895.606 106.64 115.62
1790884896.111 106.63 115.60
1790884896.617 106.64 115.62
1790884897.123 106.64 115.62
1790884897.628 106.64 115.62
1790884898.134 106.63 115.61
1790884898.639 106.63 115.61
1790884899.145 106.63 115.61
1790884899.649 106.63 115.61
1790884900.154 106.63 115.61
1790884900.660 106.63 115.61
1790884901.166 106.63 115.61
1790884901.671 106.63 115.61
1790884902.177 106.63 115.61
1790884902.682 106.63 115.61
1790884903.188 106.62 115.59
1790884903.693 106.62 115.59
1790884904.198 106.62 115.59
1790884904.704 106.62 115.59
1790884905.209 106.62 115.59
1790884905.715 106.62 115.59
1790884906.219 106.62 115.60
1790884906.724 106.62 115.60
1790884907.230 106.62 115.60
1790884907.735 106.62 115.60
1790884908.241 106.63 115.61
1790884908.746 106.63 115.61
1790884909.252 106.63 115.61
1790884909.757 106.63 115.61
1790884910.262 106.63 115.61
1790884910.768 106.63 115.61
1790884911.273 106.63 115.61
1790884911.779 106.63 115.61
1790884912.284 106.63 115.61
1790884912.789 106.63 115.61
1790884913.295 106.63 115.61
1790884913.800 106.63 115.61
1790884914.306 106.63 115.61
1790884914.811 106.63 115.61
1790884915.317 106.63 115.61
1790884915.821 106.63 115.61
1790884916.326 106.64 115.61
1790884916.832 106.64 115.61
1790884917.338 106.64 115.61
1790884917.844 106.64 115.62
1790884918.349 106.64 115.62
1790884918.855 106.64 115.62
1790884919.360 106.64 115.62
1790884919.866 106.64 115.62
1790884920.372 106.64 115.62
1790884920.877 106.64 115.62
1790884921.383 106.64 115.62
1790884921.888 106.64 115.62
1790884922.394 106.64 115.62
1790884922.900 106.64 115.62
1790884923.405 106.64 115.62
1790884923.910 106.64 115.62
1790884924.416 106.64 115.62
1790884924.921 106.64 115.62
1790884925.426 106.64 115.62
1790884925.932 106.64 115.62
1790884926.437 106.63 115.61
1790884926.943 106.63 115.61
1790884927.449 106.63 115.61
1790884927.955 106.63 115.60
1790884928.460 106.63 115.60
1790884928.966 106.63 115.60
1790884929.471 106.63 115.60
1790884929.976 106.63 115.60
1790884930.482 106.63 115.60
1790884930.987 106.63 115.60
1790884931.493 106.63 115.60
1790884931.998 106.63 115.60
1790884932.504 106.63 115.60
1790884933.009 106.65 115.62
1790884933.515 106.65 115.62
1790884934.021 106.65 115.62
1790884934.526 106.65 115.62
1790884935.032 106.65 115.62
1790884935.537 106.65 115.62
1790884936.042 106.65 115.62
1790884936.547 106.65 115.63
1790884937.053 106.65 115.63
1790884937.558 106.65 115.63
1790884938.064 106.65 115.63
1790884938.570 106.65 115.63
1790884939.075 106.65 115.63
1790884939.581 106.66 115.63
1790884940.086 106.66 115.63
1790884940.592 106.66 115.63
1790884941.097 106.66 115.63
1790884941.603 106.66 115.63
1790884942.108 106.66 115.63
1790884942.614 106.66 115.63
1790884943.119 106.67 115.64
1790884943.625 106.67 115.64
1790884944.130 106.67 115.64
1790884944.636 106.67 115.65
1790884945.141 106.67 115.65
1790884945.646 106.67 115.65
1790884946.152 106.67 115.65
1790884946.657 106.66 115.63
1790884947.163 106.66 115.63
1790884947.668 106.66 115.63
1790884948.174 106.66 115.64
1790884948.679 106.66 115.64
1790884949.184 106.66 115.64
1790884949.690 106.66 115.64
1790884950.195 106.66 115.64
1790884950.701 106.66 115.64
1790884951.206 106.66 115.64
1790884951.711 106.66 115.64
1790884952.217 106.66 115.64
1790884952.722 106.66 115.64
1790884953.228 106.65 115.63
1790884953.733 106.65 115.63
1790884954.239 106.65 115.63
1790884954.744 106.65 115.63
1790884955.250 106.65 115.63
1790884955.755 106.65 115.63
1790884956.261 106.65 115.63
1790884956.767 106.65 115.63
1790884957.272 106.65 115.63
1790884957.777 106.64 115.61
1790884958.283 106.64 115.61
1790884958.788 106.64 115.61
1790884959.294 106.64 115.61
1790884959.799 106.64 115.61
1790884960.305 106.64 115.61
1790884960.810 106.64 115.61
1790884961.315 106.64 115.61
1790884961.821 106.64 115.61
1790884962.326 106.64 115.61
1790884962.831 106.63 115.61
1790884963.336 106.63 115.61
1790884963.841 106.63 115.61
1790884964.347 106.63 115.61
1790884964.852 106.63 115.61
1790884965.358 106.63 115.61
1790884965.863 106.63 115.61
1790884966.369 106.63 115.61
1790884966.874 106.63 115.61
1790884967.380 106.64 115.61
1790884967.886 106.64 115.61
1790884968.391 106.64 115.61
1790884968.897 106.64 115.62
1790884969.402 106.64 115.62
1790884969.908 106.64 115.62
1790884970.413 106.64 115.62
1790884970.919 106.64 115.62
1790884971.424 106.64 115.62
1790884971.929 106.64 115.62
1790884972.435 106.64 115.62
1790884972.940 106.65 115.62
1790884973.445 106.65 115.62
1790884973.951 106.65 115.62
1790884974.457 106.65 115.62
1790884974.963 106.65 115.62
1790884975.469 106.65 115.62
1790884975.974 106.65 115.62
1790884976.480 106.65 115.62
1790884976.986 106.65 115.63
1790884977.492 106.65 115.63
1790884977.997 106.65 115.62
1790884978.503 106.65 115.62
1790884979.008 106.65 115.62
1790884979.513 106.65 115.62
1790884980.019 106.65 115.62
1790884980.524 106.65 115.62
1790884981.030 106.65 115.62
1790884981.535 106.65 115.62
1790884982.041 106.65 115.62
1790884982.546 106.65 115.62
1790884983.052 106.65 115.63
1790884983.557 106.65 115.63
1790884984.063 106.65 115.63
1790884984.568 106.65 115.63
1790884985.074 106.65 115.63
1790884985.579 106.65 115.63
1790884986.084 106.65 115.63
1790884986.589 106.64 115.61
1790884987.095 106.65 115.62
1790884987.600 106.65 115.62
1790884988.106 106.63 115.61
1790884988.611 106.63 115.61
1790884989.116 106.63 115.61
1790884989.622 106.63 115.61
1790884990.127 106.63 115.61
1790884990.633 106.63 115.61
1790884991.138 106.63 115.61
1790884991.643 106.63 115.61
1790884992.149 106.63 115.61
1790884992.654 106.63 115.61
1790884993.160 106.62 115.59
1790884993.665 106.62 115.59
1790884994.170 106.62 115.59
1790884994.675 106.62 115.59
1790884995.181 106.62 115.59
1790884995.685 106.62 115.59
1790884996.191 106.62 115.59
1790884996.695 106.61 115.58
1790884997.202 106.61 115.59
1790884997.707 106.61 115.59
1790884998.213 106.63 115.60
1790884998.718 106.63 115.60
1790884999.224 106.63 115.60
1790884999.729 106.63 115.60
1790885000.235 106.63 115.60
1790885000.740 106.63 115.60
1790885001.246 106.63 115.60
1790885001.752 106.63 115.60
1790885002.257 106.63 115.60
1790885002.763 106.61 115.59
1790885003.269 106.63 115.60
1790885003.774 106.63 115.60
1790885004.280 106.63 115.60
1790885004.785 106.63 115.60
1790885005.291 106.63 115.60
1790885005.796 106.63 115.60
1790885006.302 106.63 115.60
1790885006.807 106.62 115.60
1790885007.313 106.62 115.60
1790885007.818 106.61 115.59
1790885008.324 106.62 115.60
1790885008.828 106.62 115.60
1790885009.334 106.63 115.60
1790885009.840 106.63 115.60
1790885010.345 106.63 115.60
1790885010.851 106.63 115.60
1790885011.356 106.63 115.60
1790885011.861 106.63 115.61
1790885012.367 106.63 115.61
1790885012.872 106.64 115.61
1790885013.377 106.64 115.62
1790885013.883 106.64 115.62
1790885014.388 106.64 115.62
1790885014.894 106.64 115.62
1790885015.400 106.64 115.62
1790885015.905 106.64 115.62
1790885016.411 106.64 115.62
1790885016.916 106.64 115.61
1790885017.422 106.64 115.61
1790885017.927 106.65 115.63
1790885018.433 106.65 115.63
1790885018.938 106.65 115.63
1790885019.444 106.65 115.63
1790885019.950 106.65 115.63
1790885020.455 106.65 115.63
1790885020.960 106.65 115.63
1790885021.466 106.65 115.63
1790885021.971 106.65 115.63
1790885022.477 106.65 115.63
1790885022.983 106.66 115.63
1790885023.488 106.67 115.64
1790885023.994 106.67 115.64
1790885024.499 106.67 115.64
1790885025.004 106.67 115.64
1790885025.510 106.67 115.64
1790885026.015 106.67 115.64
1790885026.521 106.67 115.64
1790885027.026 106.67 115.64
1790885027.532 106.67 115.64
1790885028.037 106.65 115.63
1790885028.542 106.65 115.63
1790885029.048 106.65 115.63
1790885029.553 106.65 115.63
1790885030.059 106.65 115.63
1790885030.564 106.65 115.63
1790885031.070 106.65 115.63
1790885031.575 106.65 115.63
1790885032.081 106.65 115.63
1790885032.586 106.65 115.63
1790885033.092 106.65 115.63
1790885033.598 106.65 115.63
1790885034.103 106.65 115.63
1790885034.609 106.65 115.63
1790885035.114 106.66 115.63
1790885035.620 106.66 115.63
1790885036.125 106.66 115.63
1790885036.630 106.66 115.63
1790885037.136 106.67 115.64
1790885037.640 106.67 115.64
1790885038.146 106.66 115.63
1790885038.652 106.66 115.63
1790885039.157 106.66 115.63
1790885039.663 106.66 115.63
1790885040.168 106.66 115.63
1790885040.674 106.66 115.63
1790885041.179 106.66 115.63
1790885041.685 106.66 115.63
1790885042.190 106.66 115.63
1790885042.696 106.66 115.63
1790885043.200 106.66 115.63
1790885043.706 106.66 115.63
1790885044.212 106.66 115.63
1790885044.717 106.66 115.63
1790885045.223 106.66 115.63
1790885045.728 106.66 115.64
1790885046.234 106.66 115.64
1790885046.738 106.66 115.64
1790885047.242 106.65 115.63
1790885047.746 106.63 115.61
1790885048.251 106.63 115.61
1790885048.756 106.63 115.61
1790885049.262 106.63 115.60
1790885049.766 106.63 115.60
1790885050.277 116.27 115.69
1790885050.799 116.27 115.69
1790885051.305 116.27 115.69
1790885051.810 116.27 115.69
1790885052.316 116.27 115.69
1790885052.821 116.26 115.68
1790885053.327 116.28 115.70
1790885053.832 116.28 115.70
1790885054.338 116.28 115.70
1790885054.843 116.27 115.70
1790885055.349 116.27 115.70
1790885055.854 116.27 115.70
1790885056.360 116.27 115.70
1790885056.865 116.27 115.70
1790885057.371 116.24 115.68
1790885057.876 116.25 115.69
1790885058.382 116.25 115.69
1790885058.887 116.25 115.69
1790885059.393 116.25 115.69
1790885059.898 116.25 115.69
1790885060.402 116.25 115.69
1790885060.906 116.24 115.68
1790885061.410 116.19 115.66
1790885061.916 116.10 115.67
1790885062.421 116.09 115.66
1790885062.926 115.89 115.59
1790885063.434 115.68 115.47
1790885063.942 115.61 115.43
1790885064.447 115.57 115.40
1790885064.953 115.49 115.34
1790885065.459 115.21 115.10
1790885065.965 115.21 115.10
1790885066.471 115.21 115.10
1790885066.976 114.81 114.72
1790885067.480 113.98 113.89
1790885067.985 113.39 113.31
1790885068.489 112.99 112.92
1790885068.995 112.90 112.84
1790885069.500 95.74 95.67
1790885070.006 78.75 78.68
1790885070.513 61.72 61.66
1790885071.018 44.72 44.66
1790885071.524 27.57 27.51
1790885072.030 15.94 15.87
1790885072.534 15.35 15.29
1790885073.039 15.34 15.27
1790885073.544 15.33 15.27
1790885074.049 15.33 15.27
1790885074.553 15.33 15.27
1790885075.058 15.33 15.27
1790885075.563 15.33 15.27
1790885076.068 15.33 15.27
1790885076.573 15.33 15.27
1790885077.078 15.33 15.27
1790885077.584 15.33 15.27
1790885078.089 15.34 15.28
1790885078.594 15.34 15.28
1790885079.099 15.34 15.27
1790885079.604 15.34 15.27
1790885080.109 15.74 15.68
1790885080.614 15.06 15.04
1790885081.119 15.04 15.03
1790885081.623 15.04 15.03
1790885082.128 15.17 15.18
1790885082.633 15.08 15.14
1790885083.138 14.72 15.15
1790885083.643 14.38 15.15
1790885084.147 14.31 15.11
1790885084.652 14.17 15.00
1790885085.157 14.02 14.86
1790885085.662 13.94 14.79
1790885086.167 13.88 14.74
1790885086.672 13.63 14.51
1790885087.177 13.52 14.41
1790885087.682 13.17 14.08
1790885088.187 12.85 13.75
1790885088.693 12.45 13.35
1790885089.198 12.16 13.06
1790885089.703 11.86 12.76
1790885090.207 11.68 12.58
1790885090.712 11.48 12.39
1790885091.217 11.73 12.68
1790885091.722 11.72 12.67
1790885092.227 11.59 12.54
1790885092.732 11.30 12.26
1790885093.237 11.83 12.79
1790885093.743 11.76 12.72
1790885094.248 11.74 12.71
1790885094.753 11.74 12.71
1790885095.259 11.74 12.71
1790885095.764 11.74 12.71
1790885096.270 11.74 12.71
1790885096.775 11.74 12.71
1790885097.281 11.74 12.71
1790885097.786 11.71 12.69
1790885098.291 11.71 12.69
1790885098.796 11.71 12.69
1790885099.301 12.28 13.26
1790885099.806 12.21 13.19
1790885100.311 12.21 13.19
1790885100.815 12.21 13.19
1790885101.321 12.20 13.19
1790885101.826 12.20 13.19
1790885102.331 12.20 13.18
1790885102.835 12.20 13.18
1790885103.340 12.18 13.16
1790885103.845 11.98 12.97
1790885104.350 11.80 12.80
1790885104.855 11.68 12.67
1790885105.360 11.63 12.63
1790885105.865 11.45 12.45
1790885106.370 11.39 12.40
1790885106.875 11.36 12.37
1790885107.379 11.33 12.34
1790885107.885 11.34 12.28
1790885108.390 11.31 12.26
1790885108.895 11.32 12.27
1790885109.400 11.33 12.28
1790885109.906 11.33 12.28
1790885110.410 11.27 12.24
1790885110.915 10.91 11.91
1790885111.421 10.58 11.62
1790885111.926 10.25 11.32
1790885112.431 9.97 11.05
1790885112.936 9.36 10.44
1790885113.441 8.79 9.87
1790885113.947 7.92 9.00
1790885114.453 7.11 8.19
1790885114.958 6.64 7.72
1790885115.463 6.84 7.96
1790885115.968 7.99 9.13
1790885116.474 7.77 8.91
1790885116.979 7.17 8.31
1790885117.483 6.25 7.39
1790885117.988 5.59 6.74
1790885118.494 6.16 7.30
1790885118.999 6.64 7.79
1790885119.504 6.65 7.80
1790885120.009 6.65 7.80
1790885120.515 6.64 7.79
1790885121.020 6.63 7.78
1790885121.525 7.78 8.94
1790885122.030 7.67 8.83
1790885122.535 8.36 9.49
1790885123.040 8.35 9.47
1790885123.545 8.35 9.47
1790885124.050 8.35 9.47
1790885124.555 8.31 9.48
1790885125.060 8.25 9.43
1790885125.565 8.25 9.44
1790885126.070 8.12 9.31
1790885126.575 8.00 9.19
1790885127.080 7.76 8.95
1790885127.585 7.46 8.68
1790885128.090 7.44 8.59
1790885128.596 7.65 8.72
1790885129.101 7.77 8.77
1790885129.605 7.77 8.78
1790885130.110 7.75 8.77
1790885130.615 7.76 8.79
1790885131.120 7.77 8.80
1790885131.625 7.77 8.80
1790885132.130 7.64 8.67
1790885132.635 7.39 8.42
1790885133.140 7.13 8.16
1790885133.645 6.97 8.01
1790885134.150 7.24 8.29
1790885134.655 7.11 8.16
1790885135.160 7.09 8.13
1790885135.665 6.82 7.87
1790885136.170 6.59 7.64
1790885136.675 7.28 8.33
1790885137.180 7.28 8.33
1790885137.685 7.28 8.33
1790885138.190 7.82 8.87
1790885138.695 7.82 8.87
1790885139.200 7.83 8.90
1790885139.706 7.83 8.90
1790885140.210 7.84 8.90
1790885140.715 7.85 8.91
1790885141.220 7.86 8.92
1790885141.725 7.80 8.87
1790885142.230 7.78 8.85
1790885142.735 7.91 8.92
1790885143.240 7.93 8.94
1790885143.745 7.74 8.85
1790885144.250 7.75 8.86
1790885144.756 7.76 8.87
1790885145.261 7.77 8.88
1790885145.767 7.77 8.88
1790885146.272 7.74 8.85
1790885146.777 7.71 8.83
1790885147.283 7.70 8.82
1790885147.788 7.69 8.81
1790885148.293 7.56 8.68
1790885148.799 7.56 8.68
1790885149.306 6.25 7.38
1790885149.812 4.59 5.71
1790885150.318 4.52 5.65
1790885150.825 4.50 5.63
1790885151.329 4.52 5.65
1790885151.834 4.52 5.65
1790885152.340 4.52 5.65
1790885152.844 4.52 5.65
1790885153.350 4.54 5.67
1790885153.857 4.54 5.67
1790885154.363 4.55 5.68
1790885154.870 4.55 5.68
1790885155.376 4.55 5.68
1790885155.882 4.55 5.68
1790885156.388 4.55 5.68
1790885156.892 4.55 5.68
1790885157.398 4.55 5.68
1790885157.902 4.54 5.67
1790885158.408 4.55 5.67
1790885158.915 4.54 5.67
1790885159.421 4.55 5.68
1790885159.926 4.55 5.68
1790885160.431 4.54 5.68
1790885160.935 4.56 5.69
1790885161.440 4.59 5.73
1790885161.945 4.57 5.70
1790885162.450 4.59 5.73
1790885162.955 4.57 5.71
1790885163.461 4.57 5.71
1790885163.966 4.57 5.71
1790885164.471 4.57 5.71
1790885164.977 4.58 5.71
1790885165.482 4.58 5.71
1790885165.987 4.59 5.73
1790885166.492 4.60 5.74
1790885166.997 4.60 5.74
1790885167.503 4.60 5.74
1790885168.009 4.61 5.75
1790885168.513 4.61 5.75
1790885169.019 4.62 5.76
1790885169.524 4.62 5.76
1790885170.029 4.63 5.77
1790885170.534 4.63 5.76
1790885171.040 4.63 5.76
1790885171.544 4.63 5.76
1790885172.049 4.63 5.76
1790885172.554 4.63 5.76
1790885173.060 4.64 5.78
1790885173.565 4.64 5.78
1790885174.070 4.64 5.78
1790885174.576 4.64 5.78
1790885175.081 4.64 5.78
1790885175.587 4.64 5.78
1790885176.091 4.65 5.78
1790885176.596 4.65 5.79
1790885177.101 4.66 5.80
1790885177.606 4.67 5.81
1790885178.112 4.67 5.81
1790885178.617 4.67 5.81
1790885179.122 4.67 5.81
1790885179.628 4.68 5.81
1790885180.133 4.68 5.81
1790885180.638 4.68 5.81
1790885181.143 4.68 5.82
1790885181.648 4.69 5.83
1790885182.153 4.69 5.83
1790885182.658 4.69 5.83
1790885183.163 4.69 5.83
1790885183.668 4.69 5.83
1790885184.174 4.69 5.83
1790885184.679 4.69 5.83
1790885185.184 4.69 5.82
1790885185.689 4.70 5.84
1790885186.195 4.70 5.84
1790885186.701 4.70 5.84
1790885187.206 4.71 5.85
1790885187.712 4.72 5.85
1790885188.218 4.76 5.90
1790885188.723 4.76 5.89
1790885189.229 4.76 5.89
1790885189.734 4.76 5.89
1790885190.242 4.77 5.90
1790885190.748 4.77 5.90
1790885191.254 4.77 5.91
1790885191.760 4.77 5.91
1790885192.265 4.77 5.91
1790885192.770 4.77 5.91
1790885193.276 4.79 5.92
1790885193.781 4.79 5.92
1790885194.287 4.79 5.92
1790885194.794 4.80 5.93
1790885195.299 4.80 5.93
1790885195.805 4.80 5.93
1790885196.310 4.80 5.93
1790885196.816 4.80 5.94
1790885197.322 4.81 5.95
1790885197.826 4.81 5.95
1790885198.332 4.84 5.97
1790885198.838 4.84 5.97
1790885199.344 4.84 5.97
1790885199.849 4.84 5.97
1790885200.355 4.84 5.98
1790885200.860 4.85 5.99
1790885201.366 4.86 6.00
1790885201.871 4.86 6.00
1790885202.377 4.87 6.01
1790885202.882 4.89 6.02
1790885203.388 4.89 6.02
1790885203.893 4.90 6.03
1790885204.399 4.90 6.03
1790885204.904 4.90 6.04
1790885205.410 4.90 6.04
1790885205.915 4.90 6.04
1790885206.421 4.91 6.05
1790885206.926 4.91 6.05
1790885207.430 4.91 6.05
1790885207.935 4.93 6.07
1790885208.441 4.96 6.10
1790885208.946 4.96 6.10
1790885209.451 4.97 6.11
1790885209.956 4.97 6.11
1790885210.461 4.97 6.11
1790885210.966 4.98 6.12
1790885211.471 4.98 6.12
1790885211.976 4.99 6.13
1790885212.481 5.00 6.13
1790885212.986 5.00 6.14
1790885213.491 5.01 6.15
1790885213.996 5.02 6.15
1790885214.501 5.02 6.15
1790885215.006 5.02 6.15
1790885215.511 5.02 6.15
1790885216.016 5.02 6.16
1790885216.521 5.02 6.16
1790885217.026 5.02 6.16
1790885217.530 5.02 6.16
1790885218.035 5.04 6.18
1790885218.541 5.04 6.18
1790885219.046 5.04 6.18
1790885219.552 5.06 6.20
1790885220.058 5.06 6.20
1790885220.564 5.07 6.21
1790885221.069 5.07 6.21
1790885221.575 5.08 6.22
1790885222.081 5.08 6.22
1790885222.587 5.09 6.23
1790885223.092 5.09 6.23
1790885223.599 5.10 6.23
1790885224.105 5.10 6.23
1790885224.611 5.11 6.24
1790885225.117 5.11 6.24
1790885225.622 5.12 6.26
1790885226.129 5.12 6.26
1790885226.635 5.12 6.26
1790885227.141 5.12 6.26
1790885227.646 5.12 6.26
1790885228.153 5.15 6.29
1790885228.659 5.15 6.29
1790885229.164 5.15 6.29
1790885229.669 5.15 6.29
1790885230.175 5.18 6.31
1790885230.680 5.18 6.31
1790885231.186 5.19 6.32
1790885231.691 5.19 6.33
1790885232.196 5.19 6.32
1790885232.702 5.20 6.34
1790885233.207 5.20 6.33
1790885233.713 5.20 6.33
1790885234.218 5.21 6.35
1790885234.723 5.21 6.35
1790885235.229 5.23 6.36
1790885235.734 5.23 6.36
1790885236.240 5.24 6.38
1790885236.746 5.24 6.38
1790885237.251 5.24 6.38
1790885237.757 5.24 6.38
1790885238.263 5.21 6.35
1790885238.768 5.21 6.35
1790885239.274 5.21 6.35
1790885239.779 5.22 6.36
1790885240.285 5.24 6.37
1790885240.791 5.24 6.37
1790885241.296 5.24 6.38
1790885241.802 5.24 6.38
1790885242.307 5.25 6.39
1790885242.813 5.26 6.39
1790885243.318 5.26 6.39
1790885243.823 5.26 6.39
1790885244.329 5.26 6.39
1790885244.834 5.26 6.39
1790885245.340 5.27 6.41
1790885245.845 5.27 6.41
1790885246.351 5.27 6.41
1790885246.857 5.27 6.41
1790885247.362 5.28 6.42
1790885247.867 5.28 6.41
1790885248.373 5.32 6.46
1790885248.880 5.32 6.46
1790885249.385 5.32 6.46
1790885249.891 5.32 6.46
1790885250.397 5.33 6.46
1790885250.902 5.34 6.48
1790885251.408 5.34 6.48
1790885251.914 5.34 6.48
1790885252.421 5.35 6.49
1790885252.926 5.37 6.51
1790885253.431 5.38 6.52
1790885253.937 5.38 6.52
1790885254.443 5.38 6.52
1790885254.950 5.38 6.52
1790885255.455 5.38 6.52
1790885255.960 5.39 6.53
1790885256.466 5.40 6.53
1790885256.972 5.40 6.54
1790885257.478 5.41 6.54
1790885257.985 5.43 6.57
1790885258.491 5.44 6.57
1790885258.997 5.45 6.58
1790885259.502 5.45 6.59
1790885260.007 5.46 6.59
1790885260.513 5.46 6.59
1790885261.018 5.46 6.59
1790885261.524 5.46 6.59
1790885262.029 5.46 6.60
1790885262.535 5.47 6.61
1790885263.040 5.49 6.63
1790885263.545 5.51 6.65
1790885264.050 5.51 6.65
1790885264.555 5.51 6.65
1790885265.060 5.51 6.65
1790885265.565 5.51 6.65
1790885266.070 5.53 6.66
1790885266.576 5.52 6.66
1790885267.081 5.53 6.67
1790885267.586 5.53 6.67
1790885268.091 5.54 6.68
1790885268.596 5.54 6.68
1790885269.102 5.55 6.69
1790885269.607 5.55 6.69
1790885270.112 5.56 6.69
1790885270.618 5.56 6.69
1790885271.123 5.56 6.69
1790885271.629 5.56 6.69
1790885272.134 5.56 6.69
1790885272.639 5.56 6.69
1790885273.145 5.57 6.70
1790885273.650 5.56 6.70
1790885274.154 5.57 6.71
1790885274.660 5.57 6.71
1790885275.165 5.58 6.72
1790885275.670 5.58 6.72
1790885276.175 5.58 6.72
1790885276.680 5.58 6.72
1790885277.185 5.59 6.73
1790885277.690 5.59 6.73
1790885278.196 5.62 6.76
1790885278.701 5.63 6.76
1790885279.206 5.64 6.78
1790885279.711 5.64 6.78
1790885280.216 5.66 6.80
1790885280.722 5.65 6.79
1790885281.227 5.65 6.79
1790885281.731 5.65 6.79
1790885282.237 5.65 6.79
1790885282.744 5.65 6.79
1790885283.249 5.65 6.79
1790885283.757 5.67 6.80
1790885284.263 5.67 6.80
1790885284.769 5.67 6.80
1790885285.274 5.67 6.81
1790885285.780 5.67 6.81
1790885286.286 5.67 6.81
1790885286.792 5.68 6.82
1790885287.299 5.68 6.82
1790885287.804 5.69 6.83
1790885288.310 5.70 6.84
1790885288.817 5.71 6.85
1790885289.323 5.72 6.86
1790885289.829 5.72 6.86
1790885290.335 5.74 6.88
1790885290.840 5.75 6.88
1790885291.345 5.75 6.89
1790885291.851 5.75 6.89
1790885292.357 5.76 6.89
1790885292.861 5.74 6.88
1790885293.366 5.76 6.89
1790885293.872 5.77 6.91
1790885294.377 5.77 6.91
1790885294.883 5.77 6.91
1790885295.388 5.78 6.92
1790885295.893 5.78 6.92
1790885296.398 5.78 6.92
1790885296.903 5.79 6.93
1790885297.409 5.80 6.93
1790885297.913 5.80 6.93
1790885298.418 5.81 6.95
1790885298.924 5.82 6.96
1790885299.430 5.82 6.96
1790885299.936 5.82 6.96
1790885300.441 5.82 6.96
1790885300.946 5.83 6.97
1790885301.451 5.84 6.98
1790885301.956 5.86 7.00
1790885302.461 5.86 7.00
1790885302.966 5.86 7.00
1790885303.472 5.86 7.00
1790885303.977 5.86 7.00
1790885304.482 5.86 7.00
1790885304.987 5.87 7.01
1790885305.491 5.87 7.01
1790885305.996 5.87 7.01
1790885306.501 5.87 7.01
1790885307.006 5.87 7.01
1790885307.511 5.87 7.01
1790885308.017 5.87 7.01
1790885308.522 5.88 7.02
1790885309.027 5.89 7.03
1790885309.532 5.89 7.03
1790885310.037 5.89 7.03
1790885310.541 5.89 7.03
1790885311.046 5.89 7.03
1790885311.551 5.89 7.03
1790885312.056 5.92 7.06
1790885312.561 5.92 7.06
1790885313.066 5.94 7.08
1790885313.572 5.94 7.08
1790885314.077 5.94 7.08
1790885314.582 5.94 7.08
1790885315.089 5.94 7.08
1790885315.597 5.94 7.08
1790885316.103 5.95 7.09
1790885316.609 5.95 7.09
1790885317.115 5.95 7.09
1790885317.620 5.95 7.09
1790885318.126 5.94 7.07
1790885318.632 5.94 7.08
1790885319.137 5.96 7.10
1790885319.642 5.97 7.11
1790885320.148 5.97 7.11
1790885320.654 5.97 7.11
1790885321.161 5.98 7.11
1790885321.667 5.98 7.11
1790885322.172 6.01 7.14
1790885322.678 6.01 7.15
1790885323.184 6.03 7.17
1790885323.689 6.03 7.17
1790885324.193 6.03 7.17
1790885324.698 6.04 7.17
1790885325.203 6.04 7.17
1790885325.708 6.04 7.18
1790885326.213 6.04 7.18
1790885326.717 6.04 7.18
1790885327.222 6.04 7.18
1790885327.728 6.04 7.18
1790885328.233 6.05 7.18
1790885328.738 6.07 7.21
1790885329.243 6.08 7.21
1790885329.748 6.08 7.21
1790885330.253 6.09 7.23
1790885330.758 6.09 7.23
1790885331.263 6.09 7.23
1790885331.768 6.10 7.24
1790885332.273 6.10 7.24
1790885332.778 6.12 7.26
1790885333.284 6.13 7.26
1790885333.790 6.13 7.26
1790885334.296 6.13 7.27
1790885334.801 6.14 7.28
1790885335.307 6.14 7.28
1790885335.812 6.15 7.29
1790885336.319 6.15 7.29
1790885336.824 6.15 7.29
1790885337.330 6.15 7.29
1790885337.835 6.15 7.29
1790885338.341 6.17 7.30
1790885338.847 6.17 7.31
1790885339.352 6.17 7.31
1790885339.858 6.17 7.31
1790885340.363 6.17 7.31
1790885340.869 6.17 7.31
1790885341.375 6.19 7.32
1790885341.880 6.19 7.32
1790885342.386 6.19 7.33
1790885342.892 6.19 7.33
1790885343.398 6.22 7.36
1790885343.903 6.22 7.36
1790885344.410 6.23 7.37
1790885344.916 6.23 7.37
1790885345.421 6.24 7.38
1790885345.927 6.24 7.38
1790885346.433 6.24 7.38
1790885346.939 6.25 7.39
1790885347.445 6.25 7.39
1790885347.950 6.25 7.39
1790885348.456 6.25 7.39
1790885348.962 6.25 7.39
1790885349.469 6.25 7.39
1790885349.976 6.25 7.39
1790885350.481 6.25 7.39
1790885350.987 6.25 7.39
1790885351.492 6.25 7.39
1790885351.997 6.27 7.41
1790885352.503 6.27 7.41
1790885353.009 6.29 7.43
1790885353.515 6.29 7.43
1790885354.020 6.31 7.45
1790885354.525 6.31 7.45
1790885355.031 6.31 7.45
1790885355.536 6.32 7.45
1790885356.041 6.32 7.46
1790885356.546 6.32 7.46
1790885357.051 6.32 7.46
1790885357.556 6.34 7.48
1790885358.061 6.34 7.48
1790885358.566 6.34 7.48
1790885359.071 6.36 7.50
1790885359.576 6.36 7.50
1790885360.081 6.36 7.50
1790885360.586 6.36 7.50
1790885361.091 6.36 7.50
1790885361.596 6.36 7.50
1790885362.101 6.37 7.51
1790885362.606 6.37 7.51
1790885363.110 6.38 7.51
1790885363.616 6.38 7.51
1790885364.121 6.39 7.53
1790885364.626 6.40 7.54
1790885365.131 6.40 7.54
1790885365.636 6.40 7.54
1790885366.141 6.41 7.55
1790885366.646 6.41 7.55
1790885367.151 6.41 7.55
1790885367.656 6.41 7.55
1790885368.162 6.41 7.55
1790885368.667 6.42 7.55
1790885369.172 6.43 7.57
1790885369.677 6.43 7.57
1790885370.182 6.44 7.58
1790885370.687 6.44 7.58
1790885371.192 6.44 7.58
1790885371.698 6.44 7.58
1790885372.203 6.44 7.58
1790885372.708 6.44 7.58
1790885373.213 6.45 7.59
1790885373.718 6.45 7.59
1790885374.224 6.46 7.60
1790885374.729 6.48 7.62
1790885375.235 6.48 7.62
1790885375.741 6.48 7.62
1790885376.246 6.49 7.63
1790885376.752 6.49 7.63
1790885377.258 6.50 7.64
1790885377.763 6.50 7.64
1790885378.269 6.50 7.64
1790885378.775 6.50 7.64
1790885379.280 6.52 7.66
1790885379.786 6.52 7.66
1790885380.291 6.52 7.66
1790885380.797 6.52 7.66
1790885381.303 6.53 7.67
1790885381.809 6.53 7.67
1790885382.315 6.53 7.67
1790885382.820 6.53 7.67
1790885383.326 6.51 7.65
1790885383.833 6.52 7.66
1790885384.338 6.52 7.66
1790885384.843 6.53 7.67
1790885385.348 6.54 7.68
1790885385.853 6.54 7.68
1790885386.359 6.56 7.70
1790885386.864 6.56 7.70
1790885387.369 6.57 7.71
1790885387.874 6.55 7.69
1790885388.380 6.57 7.71
1790885388.885 6.58 7.72
1790885389.390 6.59 7.73
1790885389.895 6.59 7.73
1790885390.400 6.60 7.74
1790885390.905 6.60 7.74
1790885391.411 6.60 7.74
1790885391.916 6.60 7.74
1790885392.420 6.61 7.75
1790885392.925 6.61 7.75
1790885393.431 6.61 7.75
1790885393.936 6.61 7.75
1790885394.441 6.61 7.75
1790885394.946 6.61 7.75
1790885395.451 6.61 7.75
1790885395.956 6.62 7.76
1790885396.461 6.62 7.76
1790885396.966 6.64 7.78
1790885397.471 6.64 7.78
1790885397.976 6.65 7.78
1790885398.480 6.65 7.79
1790885398.985 6.68 7.82
1790885399.491 6.68 7.82
1790885399.996 6.69 7.83
1790885400.501 6.69 7.83
1790885401.006 6.69 7.83
1790885401.511 6.69 7.83
1790885402.016 6.69 7.83
1790885402.521 6.69 7.83
1790885403.027 6.70 7.84
1790885403.532 6.70 7.84
1790885404.036 6.70 7.83
1790885404.541 6.70 7.83
1790885405.047 6.70 7.83
1790885405.552 6.70 7.83
1790885406.057 6.72 7.86
1790885406.562 6.72 7.86
1790885407.068 6.74 7.87
1790885407.574 6.74 7.88
1790885408.079 6.69 7.83
1790885408.584 6.69 7.83
1790885409.089 6.72 7.86
1790885409.594 6.72 7.86
1790885410.099 6.72 7.86
1790885410.605 6.73 7.87
1790885411.110 6.73 7.87
1790885411.615 6.73 7.87
1790885412.120 6.73 7.87
1790885412.625 6.73 7.87
1790885413.131 6.66 7.80
1790885413.636 6.66 7.80
1790885414.141 6.66 7.80
1790885414.646 6.66 7.80
1790885415.151 6.66 7.80
1790885415.656 6.67 7.81
1790885416.161 6.67 7.81
1790885416.666 6.67 7.81
1790885417.171 6.68 7.82
1790885417.676 6.69 7.83
1790885418.181 6.70 7.84
1790885418.687 6.71 7.85
1790885419.192 6.70 7.84
1790885419.697 6.69 7.83
1790885420.203 6.69 7.83
1790885420.708 6.69 7.83
1790885421.213 6.69 7.83
1790885421.718 6.70 7.84
1790885422.223 6.70 7.84
1790885422.728 6.70 7.84
1790885423.233 6.70 7.84
1790885423.739 6.70 7.84
1790885424.244 6.70 7.84
1790885424.749 6.70 7.84
1790885425.254 6.70 7.84
1790885425.760 6.70 7.84
1790885426.265 6.70 7.84
1790885426.770 6.70 7.84
1790885427.275 6.71 7.85
1790885427.780 6.71 7.85
1790885428.285 6.70 7.85
1790885428.790 6.70 7.84
1790885429.295 6.74 7.88
1790885429.800 6.74 7.88
1790885430.305 6.75 7.89
1790885430.810 6.75 7.89
1790885431.315 6.74 7.88
1790885431.820 6.74 7.88
1790885432.325 6.75 7.89
1790885432.830 6.75 7.89
1790885433.335 6.75 7.90
1790885433.840 6.75 7.89
1790885434.346 6.76 7.90
1790885434.851 6.76 7.90
1790885435.355 6.76 7.90
1790885435.861 6.68 7.83
1790885436.365 8.62 9.81
1790885436.870 8.76 9.94
1790885437.375 8.83 10.01
1790885437.880 89.39 90.58
1790885438.384 111.55 112.73
1790885438.889 111.51 112.71
1790885439.393 111.50 112.70
1790885439.912 113.33 112.75
1790885440.436 113.33 112.76
1790885440.941 113.34 112.77
1790885441.447 113.34 112.77
1790885441.953 113.34 112.77
1790885442.458 113.34 112.77
1790885442.963 113.33 112.76
1790885443.469 113.33 112.76
1790885443.975 113.34 112.76
1790885444.480 113.34 112.76
1790885444.986 113.34 112.77
1790885445.491 113.34 112.77
1790885445.997 113.35 112.77
1790885446.502 113.35 112.77
1790885447.007 113.35 112.78
1790885447.513 113.35 112.78
1790885448.018 113.37 112.80
1790885448.523 113.38 112.81
1790885449.029 113.38 112.81
1790885449.535 113.39 112.83
1790885450.039 113.38 112.82
1790885450.544 113.37 112.81
1790885451.049 113.32 112.82
1790885451.554 113.26 112.83
1790885452.059 113.22 112.85
1790885452.565 113.09 112.85
1790885453.070 113.03 112.85
1790885453.575 112.99 112.82
1790885454.080 112.97 112.81
1790885454.585 112.69 112.58
1790885455.091 112.69 112.58
1790885455.597 112.70 112.59
1790885456.102 112.70 112.59
1790885456.607 112.61 112.51
1790885457.112 111.87 111.78
1790885457.617 111.58 111.49
1790885458.122 111.38 111.29
1790885458.627 111.25 111.18
1790885459.132 95.02 94.95
1790885459.637 78.73 78.66
1790885460.142 61.90 61.83
1790885460.647 45.16 45.09
1790885461.152 28.39 28.31
1790885461.657 14.57 14.50
1790885462.163 13.87 13.80
1790885462.667 13.87 13.80
1790885463.172 13.86 13.79
1790885463.677 13.86 13.79
1790885464.182 13.87 13.79
1790885464.687 13.87 13.79
1790885465.192 13.87 13.79
1790885465.696 13.87 13.79
1790885466.201 13.87 13.79
1790885466.706 13.87 13.79
1790885467.211 13.86 13.79
1790885467.716 13.86 13.79
1790885468.222 13.85 13.78
1790885468.727 13.85 13.78
1790885469.232 13.85 13.78
1790885469.738 13.87 13.80
1790885470.243 13.72 13.69
1790885470.748 13.57 13.55
1790885471.253 13.38 13.38
1790885471.758 13.61 13.82
1790885472.263 13.20 13.82
1790885472.769 13.04 13.81
1790885473.274 12.63 13.50
1790885473.780 10.97 11.85
1790885474.286 9.34 10.22
1790885474.792 9.29 10.17
1790885475.297 9.29 10.17
1790885475.803 9.28 10.17
1790885476.308 9.28 10.17
1790885476.815 9.28 10.17
1790885477.320 9.28 10.17
1790885477.826 9.28 10.17
1790885478.332 9.27 10.15
1790885478.838 9.27 10.15
1790885479.344 9.27 10.15
1790885479.849 9.26 10.14
1790885480.354 9.27 10.15
1790885480.859 9.27 10.16
1790885481.366 9.27 10.16
1790885481.871 9.27 10.16
1790885482.378 9.27 10.16
1790885482.884 9.27 10.16
1790885483.390 9.27 10.16
1790885483.895 9.27 10.16
1790885484.400 9.27 10.16
1790885484.905 9.27 10.16
1790885485.411 9.27 10.16
1790885485.915 9.27 10.16
1790885486.421 9.28 10.17
1790885486.927 9.28 10.17
1790885487.432 9.22 10.11
1790885487.938 9.21 10.11
1790885488.443 9.21 10.11
1790885488.949 9.21 10.11
1790885489.455 9.21 10.11
1790885489.960 9.21 10.10
1790885490.466 9.21 10.10
1790885490.972 9.21 10.11
1790885491.478 9.22 10.12
1790885491.985 9.22 10.12
1790885492.491 9.16 10.06
1790885492.996 9.15 10.04
1790885493.502 9.15 10.04
1790885494.008 9.15 10.04
1790885494.514 9.14 10.04
1790885495.019 9.14 10.04
1790885495.525 9.14 10.04
1790885496.030 9.15 10.04
1790885496.535 9.15 10.04
1790885497.040 9.15 10.04
1790885497.545 9.15 10.05
1790885498.050 9.15 10.05
1790885498.555 9.15 10.05
1790885499.061 9.15 10.05
1790885499.566 9.16 10.06
1790885500.071 9.15 10.05
1790885500.576 9.15 10.04
1790885501.082 9.14 10.04
1790885501.587 9.14 10.04
1790885502.092 9.15 10.05
1790885502.597 9.15 10.05
1790885503.102 9.15 10.05
1790885503.608 9.15 10.05
1790885504.113 9.15 10.04
1790885504.618 9.14 10.04
1790885505.123 9.14 10.04
1790885505.628 9.14 10.04
1790885506.133 9.14 10.04
1790885506.638 9.14 10.04
1790885507.143 9.14 10.04
1790885507.648 9.14 10.03
1790885508.153 9.15 10.05
1790885508.659 9.15 10.05
1790885509.164 9.15 10.05
1790885509.669 9.15 10.04
1790885510.175 9.14 10.04
1790885510.679 9.14 10.04
1790885511.185 9.14 10.04
1790885511.690 9.14 10.04
1790885512.195 9.14 10.04
1790885512.699 9.14 10.04
1790885513.205 9.14 10.04
1790885513.710 9.14 10.04
1790885514.215 9.14 10.04
1790885514.721 9.14 10.04
1790885515.226 9.07 9.97
1790885515.732 10.29 11.23
1790885516.237 10.43 11.37
1790885516.742 10.52 11.46
1790885517.248 48.66 49.60
1790885517.754 113.14 114.08
1790885518.258 113.13 114.08
1790885518.764 113.12 114.08
1790885519.285 114.71 114.13
1790885519.805 114.71 114.13
1790885520.311 114.68 114.12
1790885520.816 114.68 114.12
1790885521.322 114.69 114.13
1790885521.828 114.69 114.13
1790885522.333 114.69 114.13
1790885522.839 114.69 114.13
1790885523.344 114.70 114.13
1790885523.850 114.70 114.13
1790885524.355 114.70 114.13
1790885524.861 114.70 114.14
1790885525.366 114.71 114.14
1790885525.871 114.71 114.14
1790885526.377 114.71 114.14
1790885526.883 114.71 114.14
1790885527.388 114.71 114.14
1790885527.893 114.69 114.13
1790885528.399 114.69 114.13
1790885528.904 114.69 114.13
1790885529.408 114.70 114.14
1790885529.912 114.68 114.12
1790885530.418 114.65 114.14
1790885530.923 114.64 114.21
1790885531.428 114.58 114.23
1790885531.934 114.30 114.09
1790885532.439 114.26 114.09
1790885532.943 114.24 114.07
1790885533.449 114.18 114.04
1790885533.954 113.98 113.87
1790885534.460 113.98 113.87
1790885534.965 113.98 113.87
1790885535.470 113.98 113.87
1790885535.976 113.98 113.87
1790885536.481 113.76 113.67
1790885536.985 113.33 113.24
1790885537.490 112.85 112.77
1790885537.995 112.29 112.21
1790885538.501 109.94 109.86
1790885539.006 93.48 93.41
1790885539.512 76.91 76.84
1790885540.017 61.06 60.98
1790885540.522 44.67 44.60
1790885541.028 28.23 28.15
1790885541.533 15.37 15.30
1790885542.038 14.93 14.86
1790885542.543 14.93 14.86
1790885543.048 14.92 14.85
1790885543.554 14.92 14.85
1790885544.060 14.92 14.85
1790885544.565 14.92 14.85
1790885545.070 14.92 14.85
1790885545.576 14.92 14.85
1790885546.081 14.92 14.85
1790885546.586 14.92 14.85
1790885547.092 14.92 14.85
1790885547.597 14.92 14.85
1790885548.102 14.91 14.84
1790885548.607 14.92 14.84
1790885549.113 14.92 14.84
1790885549.618 15.13 15.06
1790885550.122 14.64 14.62
1790885550.627 14.49 14.47
1790885551.132 14.16 14.16
1790885551.638 14.25 14.50
1790885552.143 13.85 14.51
1790885552.648 13.58 14.35
1790885553.153 13.11 13.99
1790885553.659 11.10 11.98
1790885554.165 9.73 10.62
1790885554.670 9.68 10.57
1790885555.176 9.68 10.57
1790885555.682 9.68 10.57
1790885556.187 9.68 10.57
1790885556.693 9.68 10.57
1790885557.199 9.68 10.57
1790885557.705 9.68 10.57
1790885558.211 9.68 10.57
1790885558.717 9.68 10.57
1790885559.222 9.68 10.57
1790885559.728 9.68 10.57
1790885560.233 9.66 10.55
1790885560.737 9.66 10.55
1790885561.242 9.66 10.55
1790885561.748 9.66 10.55
1790885562.254 9.66 10.55
1790885562.759 9.67 10.56
1790885563.264 9.65 10.54
1790885563.769 9.65 10.54
1790885564.274 9.65 10.54
1790885564.779 9.65 10.54
1790885565.284 9.65 10.54
1790885565.789 9.64 10.54
1790885566.294 9.64 10.54
1790885566.801 9.64 10.54
1790885567.307 9.58 10.48
1790885567.812 9.58 10.48
1790885568.317 9.58 10.47
1790885568.822 9.58 10.47
1790885569.327 9.58 10.47
1790885569.833 9.58 10.47
1790885570.338 9.57 10.47
1790885570.844 9.57 10.47
1790885571.349 9.57 10.47
1790885571.855 9.57 10.47
1790885572.359 9.51 10.41
1790885572.864 9.51 10.41
1790885573.369 9.52 10.41
1790885573.874 9.52 10.41
1790885574.379 9.52 10.41
1790885574.884 9.52 10.41
1790885575.389 9.51 10.41
1790885575.894 9.51 10.41
1790885576.399 9.51 10.41
1790885576.904 9.51 10.41
1790885577.410 9.52 10.41
1790885577.915 9.52 10.41
1790885578.421 9.52 10.41
1790885578.927 9.51 10.41
1790885579.433 9.52 10.42
1790885579.938 9.52 10.42
1790885580.444 9.51 10.41
1790885580.949 9.51 10.41
1790885581.454 9.51 10.41
1790885581.960 9.51 10.41
1790885582.466 9.51 10.41
1790885582.971 9.51 10.40
1790885583.476 9.51 10.40
1790885583.981 9.50 10.40
1790885584.487 9.51 10.41
1790885584.992 9.51 10.41
1790885585.497 9.52 10.41
1790885586.002 9.51 10.41
1790885586.508 9.51 10.41
1790885587.014 9.51 10.41
1790885587.519 9.51 10.41
1790885588.024 9.49 10.39
1790885588.530 9.49 10.39
1790885589.035 9.49 10.39
1790885589.540 9.49 10.39
1790885590.046 9.49 10.39
1790885590.552 9.49 10.39
1790885591.058 9.49 10.39
1790885591.563 9.49 10.39
1790885592.068 9.49 10.39
1790885592.574 9.49 10.38
1790885593.079 9.47 10.37
1790885593.585 9.47 10.36
1790885594.090 9.47 10.36
1790885594.596 9.46 10.36
1790885595.101 9.40 10.30
1790885595.606 11.28 12.22
1790885596.111 11.42 12.36
1790885596.616 11.48 12.42
1790885597.121 56.80 57.75
1790885597.627 114.15 115.09
1790885598.133 114.16 115.09
1790885598.638 114.16 115.09
1790885599.144 114.16 115.10
1790885599.649 114.16 115.10
1790885600.155 114.16 115.10
1790885600.661 114.16 115.10
1790885601.166 114.16 115.10
1790885601.672 114.16 115.10
1790885602.178 114.16 115.10
1790885602.683 114.16 115.10
1790885603.189 114.14 115.08
1790885603.694 114.14 115.08
1790885604.200 114.14 115.08
1790885604.705 114.14 115.08
1790885605.211 114.14 115.08
1790885605.716 114.15 115.09
1790885606.222 114.15 115.09
1790885606.727 114.15 115.09
1790885607.233 114.15 115.09
1790885607.738 114.15 115.09
1790885608.244 114.16 115.10
1790885608.750 114.16 115.10
1790885609.255 114.16 115.10
1790885609.760 114.17 115.10
1790885610.265 114.17 115.10
1790885610.770 114.17 115.11
1790885611.275 114.15 115.10
1790885611.779 114.14 115.10
1790885612.284 114.13 115.10
1790885612.789 114.13 115.10
1790885613.293 114.12 115.09
1790885613.812 115.71 115.13
1790885614.332 115.71 115.13
1790885614.838 115.71 115.13
1790885615.344 115.71 115.13
1790885615.849 115.71 115.13
1790885616.354 115.71 115.13
1790885616.860 115.71 115.13
1790885617.365 115.71 115.13
1790885617.870 115.71 115.13
1790885618.375 115.71 115.14
1790885618.880 115.71 115.14
1790885619.385 115.72 115.14
1790885619.891 115.72 115.14
1790885620.396 115.72 115.14
1790885620.902 115.71 115.15
1790885621.407 115.71 115.15
1790885621.913 115.71 115.15
1790885622.419 115.71 115.15
1790885622.924 115.71 115.15
1790885623.430 115.69 115.13
1790885623.934 115.69 115.13
1790885624.438 115.68 115.13
1790885624.944 115.60 115.12
1790885625.449 115.55 115.12
1790885625.954 115.42 115.10
1790885626.462 115.12 114.92
1790885626.971 115.07 114.90
1790885627.476 115.04 114.88
1790885627.980 114.72 114.61
1790885628.486 114.72 114.61
1790885628.992 114.72 114.61
1790885629.497 114.72 114.61
1790885630.003 114.73 114.62
1790885630.509 114.73 114.62
1790885631.014 114.30 114.22
1790885631.519 113.61 113.52
1790885632.024 113.15 113.06
1790885632.529 112.75 112.67
1790885633.033 112.45 112.38
1790885633.539 100.92 100.84
1790885634.044 84.08 84.00
1790885634.550 67.05 66.98
1790885635.056 50.27 50.20
1790885635.562 33.69 33.61
1790885636.067 16.90 16.82
1790885636.576 14.99 14.92
1790885637.081 14.99 14.92
1790885637.586 14.99 14.92
1790885638.091 15.00 14.93
1790885638.596 15.00 14.93
1790885639.100 15.00 14.93
1790885639.605 15.00 14.93
1790885640.110 15.01 14.94
1790885640.615 15.01 14.94
1790885641.120 14.99 14.92
1790885641.625 14.99 14.92
1790885642.130 14.99 14.92
1790885642.635 14.99 14.92
1790885643.140 14.98 14.90
1790885643.645 14.98 14.90
1790885644.150 14.97 14.90
1790885644.655 15.40 15.37
1790885645.160 15.03 15.00
1790885645.666 15.20 15.17
1790885646.171 14.99 14.98
1790885646.677 14.89 15.09
1790885647.182 14.49 15.09
1790885647.686 14.30 15.06
1790885648.190 14.13 14.91
1790885648.695 14.01 14.81
1790885649.200 13.94 14.74
1790885649.705 13.88 14.68
1790885650.210 13.86 14.67
1790885650.714 13.60 14.44
1790885651.219 13.44 14.29
1790885651.724 13.04 13.89
1790885652.229 12.75 13.60
1790885652.734 12.35 13.20
1790885653.239 12.05 12.90
1790885653.744 11.82 12.67
1790885654.248 11.69 12.54
1790885654.753 11.91 12.80
1790885655.258 11.60 12.50
1790885655.763 11.22 12.12
1790885656.268 10.97 11.86
1790885656.773 10.72 11.62
1790885657.278 10.60 11.51
1790885657.784 11.33 12.26
1790885658.289 11.33 12.26
1790885658.795 11.33 12.26
1790885659.300 11.33 12.26
1790885659.805 11.33 12.26
1790885660.310 11.33 12.26
1790885660.814 11.34 12.27
1790885661.319 11.34 12.27
1790885661.824 11.34 12.27
1790885662.330 11.35 12.28
1790885662.835 11.89 12.83
1790885663.340 11.89 12.84
1790885663.845 11.89 12.84
1790885664.350 11.89 12.84
1790885664.855 11.89 12.84
1790885665.360 11.89 12.84
1790885665.865 11.89 12.84
1790885666.370 11.90 12.84
1790885666.876 11.89 12.84
1790885667.381 11.91 12.87
1790885667.886 11.83 12.80
1790885668.392 11.66 12.63
1790885668.897 11.64 12.62
1790885669.403 11.49 12.47
1790885669.908 11.39 12.37
1790885670.413 11.37 12.35
1790885670.919 11.35 12.34
1790885671.424 11.42 12.34
1790885671.929 11.32 12.25
1790885672.434 11.20 12.15
1790885672.939 10.58 11.56
1790885673.445 10.10 11.10
1790885673.950 9.83 10.87
1790885674.455 9.74 10.80
1790885674.961 9.37 10.43
1790885675.466 8.56 9.62
1790885675.971 7.62 8.68
1790885676.476 6.79 7.85
1790885676.981 6.16 7.22
1790885677.486 5.92 7.01
1790885677.991 7.54 8.66
1790885678.496 7.20 8.31
1790885679.001 6.78 7.90
1790885679.507 5.79 6.91
1790885680.012 5.83 6.95
1790885680.517 5.50 6.62
1790885681.023 5.45 6.58
1790885681.528 5.96 7.09
1790885682.033 5.96 7.09
1790885682.538 5.95 7.08
1790885683.043 5.93 7.06
1790885683.548 5.93 7.06
1790885684.053 7.06 8.20
1790885684.558 7.59 8.75
1790885685.063 7.66 8.76
1790885685.568 7.66 8.76
1790885686.073 7.66 8.76
1790885686.578 7.68 8.81
1790885687.083 7.70 8.83
1790885687.589 7.70 8.85
1790885688.094 7.67 8.84
1790885688.599 7.67 8.84
1790885689.104 7.56 8.74
1790885689.609 7.43 8.62
1790885690.114 7.49 8.60
1790885690.619 7.57 8.62
1790885691.124 7.67 8.72
1790885691.629 7.77 8.75
1790885692.134 7.77 8.76
1790885692.639 7.77 8.76
1790885693.144 7.75 8.76
1790885693.649 7.75 8.76
1790885694.153 7.71 8.72
1790885694.658 7.64 8.65
1790885695.163 7.41 8.42
1790885695.668 7.09 8.10
1790885696.173 6.78 7.79
1790885696.678 6.62 7.64
1790885697.183 7.04 8.06
1790885697.688 7.01 8.04
1790885698.193 6.88 7.91
1790885698.698 7.43 8.46
1790885699.203 7.24 8.27
1790885699.708 7.19 8.21
1790885700.213 7.18 8.21
1790885700.719 7.18 8.21
1790885701.224 7.20 8.23
1790885701.729 7.73 8.76
1790885702.235 7.74 8.78
1790885702.740 7.73 8.77
1790885703.246 7.73 8.77
1790885703.752 7.73 8.77
1790885704.257 7.73 8.77
1790885704.763 7.73 8.77
1790885705.268 7.72 8.77
1790885705.773 7.69 8.74
1790885706.278 7.61 8.66
1790885706.784 7.44 8.53
1790885707.291 4.47 5.58
1790885707.796 4.16 5.27
1790885708.302 4.12 5.23
1790885708.807 4.12 5.23
1790885709.313 4.13 5.24
1790885709.818 4.14 5.25
1790885710.324 4.15 5.26
1790885710.829 4.15 5.26
1790885711.334 4.16 5.27
1790885711.839 4.16 5.27
1790885712.346 4.17 5.28
1790885712.851 4.17 5.28
1790885713.357 4.16 5.27
1790885713.862 4.16 5.27
1790885714.367 4.16 5.27
1790885714.873 4.16 5.27
1790885715.378 4.16 5.27
1790885715.887 4.17 5.28
1790885716.393 4.18 5.29
1790885716.899 4.18 5.29
1790885717.404 4.18 5.29
1790885717.909 4.17 5.27
1790885718.415 4.18 5.29
1790885718.921 4.19 5.30
1790885719.428 4.19 5.30
1790885719.934 4.21 5.32
1790885720.439 4.21 5.32
1790885720.945 4.21 5.32
1790885721.450 4.23 5.34
1790885721.955 4.23 5.34
1790885722.461 4.23 5.34
1790885722.966 4.22 5.33
1790885723.472 4.24 5.35
1790885723.977 4.24 5.35
1790885724.483 4.25 5.35
1790885724.988 4.25 5.35
1790885725.496 4.25 5.36
1790885726.002 4.25 5.36
1790885726.509 4.25 5.36
1790885727.014 4.26 5.36
1790885727.521 4.26 5.37
1790885728.027 4.27 5.38
1790885728.532 4.27 5.38
1790885729.039 4.27 5.38
1790885729.544 4.28 5.39
1790885730.052 4.29 5.40
1790885730.557 4.30 5.41
1790885731.064 4.30 5.41
1790885731.569 4.32 5.43
1790885732.074 4.32 5.43
1790885732.580 4.33 5.44
1790885733.086 4.35 5.46
1790885733.593 4.35 5.46
1790885734.099 4.35 5.46
1790885734.605 4.36 5.47
1790885735.112 4.37 5.47
1790885735.619 4.37 5.48
1790885736.125 4.37 5.48
1790885736.631 4.37 5.48
1790885737.136 4.38 5.49
1790885737.643 4.38 5.49
1790885738.149 4.39 5.50
1790885738.656 4.39 5.50
1790885739.162 4.39 5.50
1790885739.668 4.39 5.50
1790885740.173 4.40 5.51
1790885740.679 4.41 5.51
1790885741.185 4.42 5.53
1790885741.691 4.44 5.55
1790885742.198 4.44 5.55
1790885742.703 4.44 5.55
1790885743.209 4.45 5.56
1790885743.715 4.45 5.56
1790885744.221 4.45 5.56
1790885744.726 4.45 5.56
1790885745.231 4.45 5.56
1790885745.736 4.47 5.57
1790885746.243 4.48 5.59
1790885746.748 4.48 5.59
1790885747.253 4.49 5.60
1790885747.758 4.49 5.60
1790885748.264 4.49 5.60
1790885748.770 4.50 5.60
1790885749.275 4.50 5.60
1790885749.782 4.50 5.60
1790885750.288 4.50 5.61
1790885750.793 4.50 5.61
1790885751.298 4.49 5.60
1790885751.805 4.51 5.62
1790885752.311 4.51 5.62
1790885752.817 4.52 5.62
1790885753.323 4.51 5.62
1790885753.828 4.51 5.62
1790885754.335 4.51 5.62
1790885754.840 4.51 5.62
1790885755.348 4.51 5.62
1790885755.853 4.51 5.62
1790885756.360 4.52 5.63
1790885756.866 4.54 5.64
1790885757.372 4.54 5.64
1790885757.877 4.54 5.64
1790885758.382 4.56 5.67
1790885758.888 4.56 5.67
1790885759.393 4.57 5.68
1790885759.900 4.57 5.68
1790885760.407 4.57 5.68
1790885760.912 4.58 5.69
1790885761.417 4.60 5.70
1790885761.925 4.61 5.72
1790885762.430 4.61 5.72
1790885762.935 4.60 5.71
1790885763.440 4.61 5.72
1790885763.947 4.61 5.72
1790885764.454 4.62 5.72
1790885764.959 4.62 5.72
1790885765.464 4.62 5.72
1790885765.970 4.62 5.73
1790885766.475 4.62 5.73
1790885766.981 4.62 5.73
1790885767.487 4.64 5.75
1790885767.993 4.62 5.73
1790885768.498 4.62 5.73
1790885769.004 4.62 5.73
1790885769.509 4.63 5.74
1790885770.015 4.64 5.75
1790885770.521 4.64 5.75
1790885771.027 4.64 5.75
1790885771.532 4.66 5.77
1790885772.037 4.66 5.77
1790885772.542 4.68 5.79
1790885773.047 4.67 5.78
1790885773.553 4.68 5.79
1790885774.060 4.68 5.79
1790885774.565 4.69 5.79
1790885775.070 4.69 5.79
1790885775.576 4.69 5.80
1790885776.081 4.69 5.80
1790885776.587 4.69 5.80
1790885777.092 4.69 5.80
1790885777.598 4.69 5.80
1790885778.104 4.70 5.81
1790885778.610 4.72 5.83
1790885779.115 6.71 7.86
1790885779.621 6.85 8.00
1790885780.126 6.95 8.10
1790885780.631 42.66 43.81
1790885781.137 109.91 111.06
1790885781.643 109.91 111.06
1790885782.148 109.92 111.06
1790885782.654 109.92 111.06
1790885783.159 109.92 111.06
1790885783.665 109.92 111.06
1790885784.170 109.93 111.07
1790885784.676 109.93 111.07
1790885785.181 109.93 111.08
1790885785.687 109.93 111.08
1790885786.192 109.94 111.09
1790885786.698 109.95 111.10
1790885787.203 109.95 111.10
1790885787.708 109.95 111.10
1790885788.214 109.96 111.11
1790885788.719 109.96 111.11
1790885789.225 109.97 111.11
1790885789.731 109.98 111.13
1790885790.236 109.98 111.13
1790885790.742 109.98 111.13
1790885791.247 109.98 111.13
1790885791.753 109.99 111.13
1790885792.259 110.00 111.14
1790885792.764 110.00 111.14
1790885793.270 109.98 111.13
1790885793.775 109.98 111.13
1790885794.281 109.99 111.14
1790885794.786 109.99 111.14
1790885795.292 109.99 111.14
1790885795.798 109.99 111.14
1790885796.303 109.99 111.14
1790885796.809 109.99 111.14
1790885797.314 110.00 111.15
1790885797.820 110.00 111.15
1790885798.325 110.02 111.17
1790885798.831 110.02 111.17
1790885799.336 110.02 111.17
1790885799.842 110.02 111.17
1790885800.347 110.03 111.18
1790885800.853 110.03 111.18
1790885801.359 110.03 111.18
1790885801.864 110.06 111.20
1790885802.370 110.06 111.20
1790885802.875 110.06 111.21
1790885803.380 110.06 111.21
1790885803.886 110.06 111.21
1790885804.391 110.06 111.21
1790885804.897 110.07 111.21
1790885805.402 110.07 111.21
1790885805.908 110.07 111.21
1790885806.413 110.07 111.22
1790885806.918 110.08 111.22
1790885807.424 110.07 111.22
1790885807.929 110.07 111.22
1790885808.435 110.10 111.24
1790885808.940 110.10 111.24
1790885809.446 110.10 111.24
1790885809.951 110.11 111.26
1790885810.456 110.11 111.26
1790885810.962 110.11 111.26
1790885811.467 110.11 111.26
1790885811.973 110.12 111.27
1790885812.479 110.15 111.30
1790885812.984 110.15 111.30
1790885813.489 110.16 111.31
1790885813.994 110.16 111.31
1790885814.500 110.16 111.31
1790885815.006 110.16 111.31
1790885815.511 110.16 111.31
1790885816.017 110.16 111.31
1790885816.522 110.17 111.32
1790885817.027 110.17 111.32
1790885817.533 110.17 111.32
1790885818.038 110.17 111.32
1790885818.544 110.17 111.32
1790885819.049 110.17 111.32
1790885819.554 110.18 111.33
1790885820.060 110.18 111.33
1790885820.565 110.18 111.33
1790885821.070 110.19 111.34
1790885821.575 110.20 111.34
1790885822.080 110.21 111.36
1790885822.586 110.21 111.36
1790885823.091 110.22 111.37
1790885823.597 110.22 111.37
1790885824.102 110.24 111.39
1790885824.608 110.24 111.39
1790885825.113 110.24 111.39
1790885825.619 110.24 111.39
1790885826.125 110.24 111.39
1790885826.631 110.24 111.39
1790885827.136 110.24 111.39
1790885827.642 110.24 111.39
1790885828.148 110.26 111.41
1790885828.653 110.26 111.41
1790885829.159 110.26 111.41
1790885829.665 110.26 111.41
1790885830.170 110.27 111.42
1790885830.676 110.27 111.42
1790885831.181 110.27 111.42
1790885831.687 110.27 111.42
1790885832.193 110.30 111.44
1790885832.698 110.30 111.44
1790885833.204 110.31 111.46
1790885833.710 110.31 111.46
1790885834.215 110.33 111.48
1790885834.720 110.33 111.48
1790885835.226 110.33 111.48
1790885835.731 110.33 111.48
1790885836.237 110.33 111.48
1790885836.742 110.33 111.48
1790885837.248 110.33 111.48
1790885837.754 110.34 111.49
1790885838.260 110.35 111.49
1790885838.765 110.35 111.49
1790885839.270 110.34 111.49
1790885839.775 110.34 111.49
1790885840.280 110.35 111.50
1790885840.786 110.35 111.50
1790885841.291 110.35 111.50
1790885841.797 110.35 111.50
1790885842.302 110.38 111.53
1790885842.807 110.38 111.53
1790885843.313 110.37 111.52
1790885843.818 110.37 111.52
1790885844.324 110.38 111.53
1790885844.829 110.39 111.54
1790885845.335 110.40 111.55
1790885845.840 110.40 111.55
1790885846.346 110.41 111.56
1790885846.851 110.41 111.56
1790885847.356 110.41 111.56
1790885847.862 110.42 111.57
1790885848.367 110.40 111.55
1790885848.873 110.40 111.55
1790885849.378 110.40 111.55
1790885849.884 110.40 111.55
1790885850.389 110.40 111.55
1790885850.895 110.41 111.56
1790885851.399 110.41 111.56
1790885851.904 110.41 111.56
1790885852.410 110.44 111.59
1790885852.916 110.44 111.59
1790885853.421 110.45 111.60
1790885853.926 110.45 111.60
1790885854.432 110.45 111.60
1790885854.937 110.45 111.60
1790885855.443 110.46 111.61
1790885855.948 110.46 111.61
1790885856.454 110.46 111.61
1790885856.959 110.47 111.62
1790885857.465 110.47 111.62
1790885857.970 110.45 111.60
1790885858.475 110.49 111.63
1790885858.981 110.49 111.63
1790885859.487 110.49 111.63
1790885859.993 110.49 111.63
1790885860.498 110.49 111.63
1790885861.004 110.49 111.63
1790885861.509 110.49 111.64
1790885862.014 110.49 111.64
1790885862.520 110.49 111.64
1790885863.024 110.49 111.64
1790885863.530 110.49 111.63
1790885864.035 110.49 111.63
1790885864.541 110.49 111.63
1790885865.046 110.49 111.63
1790885865.552 110.49 111.63
1790885866.056 110.50 111.65
1790885866.561 110.50 111.65
1790885867.067 110.51 111.66
1790885867.572 110.51 111.66
1790885868.077 110.50 111.64
1790885868.583 110.52 111.67
1790885869.089 110.54 111.68
1790885869.595 110.54 111.68
1790885870.100 110.54 111.69
1790885870.606 110.54 111.69
1790885871.111 110.54 111.69
1790885871.617 110.54 111.69
1790885872.123 110.58 111.73
1790885872.628 110.58 111.73
1790885873.134 110.60 111.75
1790885873.639 110.60 111.75
1790885874.144 110.60 111.75
1790885874.650 110.60 111.75
1790885875.155 110.60 111.75
1790885875.661 110.60 111.75
1790885876.166 110.60 111.75
1790885876.672 110.60 111.75
1790885877.177 110.61 111.76
1790885877.682 110.61 111.76
1790885878.188 110.62 111.77
1790885878.693 110.62 111.77
1790885879.199 110.63 111.78
1790885879.704 110.64 111.78
1790885880.210 110.65 111.79
1790885880.715 110.66 111.81
1790885881.220 110.66 111.81
1790885881.726 110.66 111.81
1790885882.231 110.68 111.83
1790885882.736 110.68 111.83
1790885883.242 110.67 111.82
1790885883.748 110.67 111.81
1790885884.253 110.67 111.81
1790885884.759 110.67 111.81
1790885885.265 110.67 111.81
1790885885.770 110.67 111.81
1790885886.275 110.67 111.82
1790885886.781 110.68 111.83
1790885887.286 110.68 111.83
1790885887.792 110.68 111.83
1790885888.298 110.69 111.84
1790885888.803 110.69 111.84
1790885889.308 110.69 111.84
1790885889.814 110.69 111.84
1790885890.320 110.71 111.86
1790885890.825 110.71 111.86
1790885891.330 110.72 111.87
1790885891.836 110.72 111.87
1790885892.341 110.74 111.89
1790885892.847 110.75 111.90
1790885893.353 110.75 111.90
1790885893.858 110.75 111.90
1790885894.364 110.75 111.90
1790885894.868 110.75 111.90
1790885895.374 110.75 111.90
1790885895.879 110.75 111.90
1790885896.385 110.75 111.90
1790885896.891 110.75 111.90
1790885897.396 110.76 111.91
1790885897.901 110.76 111.91
1790885898.407 110.79 111.94
1790885898.912 110.79 111.94
1790885899.418 110.79 111.94
1790885899.923 110.79 111.94
1790885900.429 110.79 111.94
1790885900.935 110.79 111.94
1790885901.440 110.79 111.94
1790885901.946 110.79 111.94
1790885902.451 110.83 111.97
1790885902.955 110.83 111.97
1790885903.461 110.83 111.97
1790885903.967 110.83 111.98
1790885904.472 110.84 111.99
1790885904.977 110.85 112.00
1790885905.482 110.85 112.00
1790885905.988 110.85 112.00
1790885906.493 110.85 112.00
1790885906.998 110.82 111.98
1790885907.504 110.84 112.00
1790885908.008 110.85 112.02
1790885908.514 110.85 112.02
1790885909.019 110.85 112.02
1790885909.524 110.85 112.02
1790885910.029 110.86 112.03
1790885910.535 110.86 112.03
1790885911.040 110.86 112.03
1790885911.546 110.86 112.03
1790885912.051 110.86 112.03
1790885912.557 110.86 112.03
1790885913.062 110.88 112.04
1790885913.568 110.88 112.05
1790885914.074 110.90 112.07
1790885914.579 110.90 112.07
1790885915.085 110.90 112.07
1790885915.590 110.91 112.07
1790885916.096 110.91 112.07
1790885916.601 110.91 112.07
1790885917.107 110.91 112.07
1790885917.612 110.91 112.07
1790885918.117 110.91 112.08
1790885918.623 110.91 112.08
1790885919.128 110.92 112.09
1790885919.633 110.92 112.09
1790885920.139 110.92 112.09
1790885920.645 110.92 112.09
1790885921.150 110.93 112.09
1790885921.656 110.93 112.09
1790885922.161 110.93 112.09
1790885922.666 110.93 112.09
1790885923.172 110.93 112.09
1790885923.677 110.94 112.11
1790885924.183 110.94 112.11
1790885924.688 110.94 112.11
1790885925.193 110.95 112.11
1790885925.699 110.96 112.12
1790885926.205 110.96 112.13
1790885926.710 110.96 112.13
1790885927.214 110.97 112.14
1790885927.719 110.97 112.14
1790885928.224 110.97 112.14
1790885928.730 110.97 112.14
1790885929.235 110.97 112.14
1790885929.741 110.98 112.15
1790885930.247 110.98 112.15
1790885930.751 110.98 112.15
1790885931.257 110.98 112.15
1790885931.763 110.98 112.15
1790885932.268 110.98 112.15
1790885932.774 111.02 112.18
1790885933.279 111.01 112.18
1790885933.784 111.01 112.18
1790885934.290 111.02 112.19
1790885934.795 111.02 112.19
1790885935.301 111.02 112.19
1790885935.806 111.02 112.19
1790885936.312 111.04 112.20
1790885936.817 111.04 112.20
1790885937.323 111.05 112.22
1790885937.828 111.05 112.22
1790885938.334 111.03 112.20
1790885938.839 111.03 112.20
1790885939.345 111.03 112.20
1790885939.850 111.03 112.20
1790885940.356 111.04 112.21
1790885940.861 111.04 112.21
1790885941.367 111.04 112.21
1790885941.872 111.04 112.21
1790885942.378 111.04 112.21
1790885942.884 111.06 112.22
1790885943.390 111.05 112.22
1790885943.895 111.05 112.21
1790885944.400 111.05 112.21
1790885944.906 111.05 112.21
1790885945.411 111.05 112.21
1790885945.917 111.06 112.22
1790885946.423 111.07 112.24
1790885946.928 111.07 112.24
1790885947.434 111.08 112.24
1790885947.938 111.06 112.23
1790885948.444 111.09 112.25
1790885948.950 111.09 112.26
1790885949.455 111.09 112.26
1790885949.961 111.09 112.26
1790885950.467 111.09 112.26
1790885950.972 111.09 112.26
1790885951.477 111.10 112.27
1790885951.982 111.10 112.27
1790885952.488 111.10 112.27
1790885952.993 111.11 112.27
1790885953.498 111.11 112.28
1790885954.003 111.11 112.28
1790885954.509 111.11 112.28
1790885955.014 111.11 112.28
1790885955.520 111.11 112.28
1790885956.025 111.12 112.29
1790885956.531 111.12 112.29
1790885957.036 111.13 112.29
1790885957.542 111.13 112.29
1790885958.048 111.14 112.31
1790885958.553 111.14 112.31
1790885959.058 111.14 112.31
1790885959.563 111.14 112.31
1790885960.069 111.14 112.31
1790885960.574 111.15 112.32
1790885961.080 111.15 112.32
1790885961.586 111.16 112.32
1790885962.091 111.17 112.33
1790885962.596 111.15 112.32
1790885963.102 111.15 112.32
1790885963.608 111.15 112.32
1790885964.112 111.15 112.32
1790885964.617 111.15 112.32
1790885965.123 111.15 112.32
1790885965.629 111.15 112.32
1790885966.135 111.16 112.32
1790885966.640 111.16 112.32
1790885967.145 111.16 112.33
1790885967.651 111.16 112.33
1790885968.156 111.17 112.33
1790885968.662 111.17 112.33
1790885969.167 111.18 112.34
1790885969.672 111.18 112.34
1790885970.177 111.18 112.35
1790885970.683 111.18 112.35
1790885971.188 111.18 112.35
1790885971.694 111.18 112.35
1790885972.199 111.18 112.35
1790885972.703 111.22 112.39
1790885973.209 111.23 112.39
1790885973.714 111.23 112.39
1790885974.220 111.23 112.40
1790885974.725 111.23 112.40
1790885975.231 111.23 112.40
1790885975.736 111.23 112.40
1790885976.241 111.23 112.40
1790885976.747 111.23 112.40
1790885977.252 111.23 112.40
1790885977.758 111.23 112.39
1790885978.263 111.25 112.42
1790885978.769 111.25 112.42
1790885979.275 111.25 112.42
1790885979.780 111.25 112.42
1790885980.286 111.25 112.42
1790885980.791 111.25 112.42
1790885981.297 111.25 112.42
1790885981.802 111.25 112.42
1790885982.308 111.27 112.44
1790885982.813 111.28 112.45
1790885983.319 111.28 112.45
1790885983.825 111.30 112.46
1790885984.330 111.31 112.48
1790885984.836 111.31 112.48
1790885985.341 111.31 112.48
1790885985.847 111.31 112.48
1790885986.352 111.31 112.48
1790885986.858 111.31 112.48
1790885987.364 111.31 112.48
1790885987.869 111.31 112.48
1790885988.375 111.33 112.50
1790885988.881 111.33 112.50
1790885989.386 111.33 112.50
1790885989.892 111.33 112.50
1790885990.397 111.33 112.50
1790885990.903 111.33 112.50
1790885991.409 111.33 112.50
1790885991.914 111.34 112.50
1790885992.420 111.34 112.50
1790885992.924 111.36 112.53
1790885993.430 111.38 112.55
1790885993.936 111.38 112.55
1790885994.441 111.38 112.55
1790885994.946 111.39 112.55
1790885995.452 111.40 112.57
1790885995.957 111.41 112.58
1790885996.462 111.41 112.58
1790885996.967 111.41 112.58
1790885997.473 111.41 112.58
1790885997.977 111.41 112.58
1790885998.483 111.41 112.58
1790885998.988 111.41 112.58
1790885999.494 111.41 112.58
1790885999.999 111.42 112.59
1790886000.505 111.42 112.59
1790886001.010 111.42 112.59
1790886001.516 111.42 112.59
1790886002.021 111.42 112.59
1790886002.526 111.42 112.59
1790886003.031 111.44 112.61
1790886003.536 111.44 112.61
1790886004.041 111.44 112.61
1790886004.546 111.44 112.61
1790886005.052 111.44 112.61
1790886005.557 111.44 112.61
1790886006.062 111.46 112.63
1790886006.568 111.46 112.63
1790886007.073 111.46 112.63
1790886007.579 111.46 112.63
1790886008.084 111.47 112.64
1790886008.590 111.47 112.64
1790886009.095 111.48 112.64
1790886009.601 111.48 112.64
1790886010.107 111.48 112.64
1790886010.612 111.48 112.64
1790886011.118 111.48 112.64
1790886011.623 111.48 112.64
1790886012.129 111.48 112.64
1790886012.634 111.49 112.65
1790886013.140 111.51 112.68
1790886013.645 111.51 112.68
1790886014.151 111.51 112.68
1790886014.656 111.52 112.68
1790886015.161 111.52 112.68
1790886015.666 111.52 112.68
1790886016.171 111.52 112.68
1790886016.677 111.52 112.68
1790886017.182 111.52 112.68
1790886017.688 111.52 112.68
1790886018.193 111.54 112.71
1790886018.699 111.54 112.71
1790886019.204 111.55 112.72
1790886019.710 111.55 112.72
1790886020.216 111.55 112.72
1790886020.721 111.55 112.72
1790886021.227 111.55 112.72
1790886021.732 111.55 112.72
1790886022.238 111.55 112.72
1790886022.743 111.55 112.71
1790886023.247 111.54 112.71
1790886023.753 111.54 112.71
1790886024.259 111.55 112.72
1790886024.765 111.55 112.72
1790886025.270 111.56 112.72
1790886025.776 111.56 112.72
1790886026.281 111.56 112.72
1790886026.787 111.56 112.72
1790886027.292 111.56 112.72
1790886027.798 111.56 112.72
1790886028.303 111.58 112.74
1790886028.809 111.58 112.74
1790886029.314 111.59 112.76
1790886029.819 111.59 112.76
1790886030.325 111.60 112.77
1790886030.830 111.60 112.77
1790886031.335 111.60 112.77
1790886031.841 111.60 112.77
1790886032.346 111.60 112.77
1790886032.852 111.60 112.77
1790886033.357 111.59 112.76
1790886033.863 111.59 112.76
1790886034.368 111.59 112.76
1790886034.874 111.60 112.77
1790886035.379 111.60 112.77
1790886035.885 111.60 112.77
1790886036.390 111.61 112.78
1790886036.896 111.61 112.78
1790886037.401 111.61 112.78
1790886037.906 111.61 112.78
1790886038.413 111.61 112.78
1790886038.918 111.62 112.78
1790886039.423 111.62 112.78
1790886039.929 111.63 112.80
1790886040.434 111.63 112.80
1790886040.940 111.64 112.81
1790886041.445 111.64 112.81
1790886041.951 111.64 112.81
1790886042.456 111.64 112.81
1790886042.961 111.63 112.80
1790886043.467 111.65 112.82
1790886043.972 111.65 112.82
1790886044.478 111.65 112.82
1790886044.983 111.65 112.82
1790886045.489 111.65 112.82
1790886045.994 111.65 112.82
1790886046.499 111.66 112.83
1790886047.005 111.66 112.83
1790886047.511 111.66 112.83
1790886048.016 111.65 112.82
1790886048.521 111.65 112.82
1790886049.027 111.65 112.82
1790886049.532 111.66 112.83
1790886050.037 111.66 112.83
1790886050.542 111.67 112.83
1790886051.048 111.67 112.83
1790886051.553 111.67 112.84
1790886052.059 111.67 112.84
1790886052.564 111.68 112.85
1790886053.070 111.69 112.85
1790886053.575 111.71 112.88
1790886054.081 111.71 112.88
1790886054.586 111.71 112.88
1790886055.092 111.71 112.88
1790886055.598 111.71 112.88
1790886056.103 111.71 112.88
1790886056.609 111.71 112.88
1790886057.114 111.72 112.88
1790886057.620 111.72 112.88
1790886058.126 111.72 112.89
1790886058.632 111.72 112.89
1790886059.137 111.72 112.89
1790886059.643 111.72 112.89
1790886060.149 111.73 112.90
1790886060.654 111.73 112.90
1790886061.160 111.74 112.91
1790886061.665 111.74 112.91
1790886062.171 111.75 112.92
1790886062.676 111.75 112.92
1790886063.181 111.76 112.92
1790886063.686 111.77 112.93
1790886064.192 111.77 112.93
1790886064.697 111.77 112.93
1790886065.203 111.77 112.93
1790886065.708 111.77 112.93
1790886066.214 111.77 112.94
1790886066.719 111.77 112.94
1790886067.224 111.78 112.95
1790886067.730 111.78 112.95
1790886068.236 111.78 112.95
1790886068.741 111.78 112.95
1790886069.246 111.78 112.95
1790886069.752 111.79 112.96
1790886070.258 111.79 112.96
1790886070.763 111.79 112.96
1790886071.269 111.80 112.96
1790886071.774 111.80 112.97
1790886072.279 111.81 112.98
1790886072.785 111.81 112.98
1790886073.290 111.84 113.01
1790886073.796 111.84 113.01
1790886074.302 111.84 113.01
1790886074.807 111.84 113.01
1790886075.313 111.85 113.01
1790886075.818 111.85 113.01
1790886076.324 111.85 113.01
1790886076.829 111.85 113.01
1790886077.335 111.85 113.01
1790886077.840 111.85 113.02
1790886078.346 111.87 113.04
1790886078.851 111.87 113.04
1790886079.357 111.87 113.04
1790886079.863 111.89 113.06
1790886080.368 111.89 113.06
1790886080.874 111.89 113.06
1790886081.378 111.89 113.06
1790886081.884 111.90 113.06
1790886082.389 111.90 113.07
1790886082.894 111.90 113.06
1790886083.400 111.93 113.10
1790886083.905 111.93 113.10
1790886084.411 111.93 113.10
1790886084.916 111.93 113.10
1790886085.422 111.93 113.10
1790886085.927 111.93 113.10
1790886086.433 111.93 113.10
1790886086.938 111.93 113.10
1790886087.444 111.93 113.10
1790886087.948 111.91 113.08
1790886088.454 111.93 113.10
1790886088.959 111.93 113.10
1790886089.465 111.93 113.10
1790886089.970 111.93 113.10
1790886090.476 111.96 113.13
1790886090.981 111.96 113.13
1790886091.486 111.96 113.13
1790886091.992 111.96 113.13
1790886092.497 111.97 113.14
1790886093.002 111.96 113.12
1790886093.508 111.98 113.15
1790886094.013 111.98 113.15
1790886094.519 111.98 113.15
1790886095.025 111.98 113.15
1790886095.529 111.98 113.15
1790886096.034 111.98 113.15
1790886096.539 111.98 113.15
1790886097.045 111.98 113.15
1790886097.551 111.98 113.15
1790886098.056 112.00 113.17
1790886098.562 112.00 113.17
1790886099.067 112.00 113.17
1790886099.573 112.00 113.17
1790886100.078 112.00 113.17
1790886100.584 112.00 113.17
1790886101.089 112.01 113.17
1790886101.594 112.01 113.18
1790886102.100 112.03 113.20
1790886102.605 112.03 113.20
1790886103.111 112.04 113.20
1790886103.616 112.06 113.23
1790886104.122 112.06 113.23
1790886104.627 112.06 113.23
1790886105.132 112.06 113.23
1790886105.638 112.06 113.23
1790886106.143 112.07 113.23
1790886106.648 112.07 113.23
1790886107.154 112.07 113.23
1790886107.659 112.07 113.23
1790886108.164 112.07 113.23
1790886108.670 112.07 113.23
1790886109.175 112.07 113.23
1790886109.681 112.07 113.24
1790886110.186 112.08 113.24
1790886110.691 112.08 113.24
1790886111.197 112.08 113.25
1790886111.702 112.08 113.25
1790886112.207 112.08 113.25
1790886112.713 112.08 113.25
1790886113.218 112.09 113.26
1790886113.724 112.14 113.31
1790886114.230 112.14 113.31
1790886114.736 112.14 113.31
1790886115.241 112.14 113.31
1790886115.747 112.14 113.31
1790886116.252 112.14 113.31
1790886116.758 112.14 113.31
1790886117.263 112.14 113.31
1790886117.768 112.15 113.32
1790886118.274 112.16 113.32
1790886118.779 112.16 113.32
1790886119.285 112.15 113.32
1790886119.790 112.16 113.33
1790886120.296 112.16 113.33
1790886120.801 112.16 113.33
1790886121.306 112.16 113.33
1790886121.812 112.17 113.33
1790886122.317 112.17 113.34
1790886122.823 112.17 113.34
1790886123.328 112.19 113.36
1790886123.834 112.21 113.38
1790886124.340 112.22 113.38
1790886124.845 112.22 113.39
1790886125.351 112.23 113.40
1790886125.856 112.23 113.40
1790886126.361 112.23 113.40
1790886126.867 112.23 113.40
1790886127.372 112.23 113.40
1790886127.878 112.24 113.41
1790886128.384 112.24 113.41
1790886128.889 112.24 113.41
1790886129.395 112.24 113.41
1790886129.900 112.24 113.41
1790886130.406 112.25 113.41
1790886130.912 112.25 113.41
1790886131.417 112.25 113.41
1790886131.921 112.25 113.41
1790886132.427 112.25 113.42
1790886132.931 112.23 113.40
1790886133.437 112.24 113.41
1790886133.943 112.25 113.42
1790886134.448 112.26 113.43
1790886134.954 112.26 113.43
1790886135.459 112.27 113.43
1790886135.964 112.27 113.43
1790886136.470 112.27 113.44
1790886136.975 112.27 113.44
1790886137.481 112.27 113.44
1790886137.985 112.28 113.45
1790886138.491 112.28 113.45
1790886138.996 112.28 113.45
1790886139.502 112.28 113.45
1790886140.007 112.28 113.45
1790886140.512 112.28 113.45
1790886141.018 112.29 113.45
1790886141.523 112.29 113.46
1790886142.028 112.30 113.47
1790886142.533 112.30 113.47
1790886143.038 112.31 113.48
1790886143.543 112.31 113.48
1790886144.048 112.34 113.51
1790886144.554 112.34 113.51
1790886145.060 112.34 113.51
1790886145.566 112.34 113.51
1790886146.072 112.36 113.52
1790886146.576 112.36 113.52
1790886147.082 112.36 113.53
1790886147.587 112.36 113.53
1790886148.092 112.36 113.52
1790886148.598 112.36 113.52
1790886149.104 112.36 113.52
1790886149.609 112.36 113.52
1790886150.114 112.36 113.52
1790886150.620 112.36 113.52
1790886151.125 112.36 113.52
1790886151.631 112.36 113.52
1790886152.135 112.37 113.54
1790886152.641 112.37 113.54
1790886153.147 112.37 113.53
1790886153.651 112.38 113.55
1790886154.157 112.38 113.55
1790886154.663 112.38 113.55
1790886155.168 112.39 113.56
1790886155.674 112.39 113.56
1790886156.179 112.39 113.56
1790886156.685 112.39 113.56
1790886157.190 112.41 113.57
1790886157.696 112.41 113.57
1790886158.201 112.39 113.56
1790886158.707 112.39 113.56
1790886159.212 112.40 113.56
1790886159.718 112.40 113.56
1790886160.223 112.40 113.56
1790886160.729 112.40 113.57
1790886161.234 112.40 113.57
1790886161.739 112.40 113.57
1790886162.245 112.40 113.57
1790886162.750 112.40 113.57
1790886163.256 112.40 113.57
1790886163.761 112.44 113.60
1790886164.267 112.44 113.61
1790886164.772 112.44 113.61
1790886165.278 112.44 113.61
1790886165.784 112.44 113.61
1790886166.289 112.45 113.61
1790886166.794 112.45 113.61
1790886167.300 112.45 113.61
1790886167.805 112.45 113.61
1790886168.311 112.45 113.62
1790886168.816 112.46 113.63
1790886169.322 112.46 113.63
1790886169.827 112.46 113.63
1790886170.333 112.47 113.64
1790886170.839 112.47 113.64
1790886171.344 112.47 113.64
1790886171.850 112.47 113.64
1790886172.355 112.47 113.64
1790886172.860 112.47 113.64
1790886173.366 112.46 113.63
1790886173.872 112.49 113.65
1790886174.377 112.50 113.67
1790886174.882 112.50 113.67
1790886175.388 112.50 113.67
1790886175.894 112.50 113.67
1790886176.400 112.50 113.67
1790886176.905 112.50 113.67
1790886177.410 112.51 113.68
1790886177.915 112.51 113.68
1790886178.421 112.53 113.70
1790886178.927 112.53 113.70
1790886179.432 112.55 113.71
1790886179.937 112.55 113.71
1790886180.443 112.55 113.72
1790886180.947 112.55 113.72
1790886181.453 112.55 113.72
1790886181.959 112.55 113.72
1790886182.464 112.55 113.72
1790886182.969 112.55 113.72
1790886183.475 112.56 113.72
1790886183.980 112.58 113.75
1790886184.486 112.58 113.75
1790886184.992 112.59 113.76
1790886185.497 112.59 113.76
1790886186.003 112.59 113.76
1790886186.508 112.59 113.76
1790886187.014 112.59 113.76
1790886187.520 112.59 113.76
1790886188.025 112.58 113.75
1790886188.531 112.60 113.76
1790886189.037 112.60 113.76
1790886189.541 112.60 113.76
1790886190.047 112.62 113.79
1790886190.552 112.62 113.79
1790886191.058 112.63 113.79
1790886191.563 112.63 113.79
1790886192.068 112.63 113.79
1790886192.574 112.63 113.79
1790886193.080 112.64 113.81
1790886193.585 112.64 113.81
1790886194.091 112.66 113.83
1790886194.596 112.66 113.83
1790886195.101 112.67 113.84
1790886195.607 112.67 113.84
1790886196.111 112.67 113.84
1790886196.617 112.67 113.84
1790886197.122 112.67 113.84
1790886197.627 112.67 113.84
1790886198.133 112.68 113.85
1790886198.639 112.68 113.85
1790886199.144 112.68 113.85
1790886199.650 112.68 113.85
1790886200.155 112.70 113.86
1790886200.661 112.70 113.86
1790886201.166 112.70 113.87
1790886201.672 112.70 113.87
1790886202.178 112.71 113.88
1790886202.683 112.71 113.88
1790886203.189 112.72 113.89
1790886203.694 112.72 113.89
1790886204.199 112.71 113.88
1790886204.705 112.71 113.88
1790886205.211 112.71 113.88
1790886205.716 112.71 113.88
1790886206.222 112.72 113.89
1790886206.728 112.72 113.89
1790886207.233 112.72 113.89
1790886207.739 112.72 113.89
1790886208.244 112.73 113.89
1790886208.750 112.73 113.89
1790886209.255 112.73 113.89
1790886209.761 112.73 113.89
1790886210.267 112.73 113.90
1790886210.772 112.73 113.90
1790886211.278 112.74 113.91
1790886211.782 112.75 113.92
1790886212.288 112.75 113.92
1790886212.793 112.75 113.92
1790886213.299 112.77 113.94
1790886213.805 112.77 113.94
1790886214.310 112.77 113.94
1790886214.815 112.77 113.94
1790886215.321 112.77 113.94
1790886215.827 112.77 113.94
1790886216.333 112.78 113.95
1790886216.838 112.78 113.95
1790886217.343 112.78 113.95
1790886217.848 112.78 113.95
1790886218.354 112.78 113.95
1790886218.859 112.78 113.95
1790886219.365 112.78 113.95
1790886219.870 112.79 113.96
1790886220.376 112.79 113.96
1790886220.882 112.79 113.96
1790886221.387 112.80 113.97
1790886221.893 112.80 113.97
1790886222.398 112.81 113.98
1790886222.904 112.81 113.98
1790886223.408 112.81 113.98
1790886223.914 112.81 113.98
1790886224.420 112.84 114.01
1790886224.925 112.85 114.02
1790886225.431 112.85 114.02
1790886225.936 112.85 114.02
1790886226.442 112.85 114.01
1790886226.948 112.85 114.02
1790886227.453 112.85 114.02
1790886227.959 112.85 114.02
1790886228.464 112.85 114.02
1790886228.970 112.85 114.02
1790886229.475 112.85 114.02
1790886229.981 112.86 114.03
1790886230.486 112.86 114.03
1790886230.992 112.86 114.03
1790886231.497 112.86 114.03
1790886232.003 112.87 114.04
1790886232.509 112.87 114.04
1790886233.014 112.86 114.03
1790886233.520 112.86 114.03
1790886234.025 112.87 114.03
1790886234.531 112.87 114.04
1790886235.036 112.88 114.04
1790886235.542 112.88 114.05
1790886236.047 112.88 114.05
1790886236.552 112.88 114.05
1790886237.057 112.89 114.06
1790886237.563 112.89 114.06
1790886238.068 112.89 114.06
1790886238.574 112.89 114.06
1790886239.079 112.89 114.06
1790886239.585 112.89 114.06
1790886240.091 112.90 114.07
1790886240.596 112.90 114.07
1790886241.102 112.90 114.07
1790886241.607 112.91 114.07
1790886242.113 112.91 114.07
1790886242.618 112.91 114.07
1790886243.124 112.91 114.07
1790886243.629 112.91 114.08
1790886244.134 112.94 114.10
1790886244.640 112.95 114.12
1790886245.145 112.96 114.13
1790886245.650 112.96 114.13
1790886246.155 112.96 114.13
1790886246.660 112.96 114.13
1790886247.166 112.97 114.13
1790886247.671 112.97 114.13
1790886248.177 112.97 114.13
1790886248.683 112.97 114.13
1790886249.188 112.97 114.14
1790886249.694 112.97 114.14
1790886250.199 112.98 114.14
1790886250.705 112.98 114.14
1790886251.210 112.98 114.14
1790886251.716 112.98 114.14
1790886252.221 112.98 114.15
1790886252.727 112.98 114.15
1790886253.233 112.97 114.14
1790886253.738 112.97 114.14
1790886254.243 113.01 114.18
1790886254.749 113.01 114.18
1790886255.255 113.03 114.19
1790886255.760 113.03 114.19
1790886256.266 113.03 114.20
1790886256.771 113.03 114.20
1790886257.276 113.03 114.20
1790886257.782 113.03 114.20
1790886258.287 113.03 114.20
1790886258.793 113.03 114.20
1790886259.298 113.04 114.20
1790886259.804 113.04 114.20
1790886260.309 113.04 114.20
1790886260.815 113.04 114.20
1790886261.320 113.04 114.20
1790886261.825 113.04 114.20
1790886262.331 113.04 114.21
1790886262.835 113.04 114.21
1790886263.341 113.03 114.19
1790886263.847 113.03 114.19
1790886264.353 113.04 114.21
1790886264.858 113.04 114.21
1790886265.363 113.05 114.22
1790886265.869 113.05 114.22
1790886266.374 113.06 114.22
1790886266.880 113.06 114.22
1790886267.385 113.06 114.23
1790886267.891 113.06 114.23
1790886268.397 113.06 114.23
1790886268.902 113.06 114.23
1790886269.408 113.06 114.23
1790886269.914 113.07 114.24
1790886270.419 113.08 114.25
1790886270.925 113.08 114.25
1790886271.430 113.08 114.25
1790886271.936 113.08 114.25
1790886272.441 113.08 114.25
1790886272.947 113.09 114.25
1790886273.452 113.09 114.26
1790886273.958 113.09 114.26
1790886274.463 113.11 114.28
1790886274.969 113.11 114.28
1790886275.474 113.12 114.29
1790886275.980 113.13 114.30
1790886276.485 113.13 114.30
1790886276.990 113.14 114.31
1790886277.496 113.14 114.31
1790886278.001 113.15 114.31
1790886278.506 113.14 114.31
1790886279.012 113.14 114.31
1790886279.518 113.14 114.31
1790886280.023 113.14 114.31
1790886280.529 113.14 114.31
1790886281.034 113.15 114.31
1790886281.540 113.15 114.31
1790886282.045 113.16 114.32
1790886282.551 113.16 114.32
1790886283.056 113.16 114.33
1790886283.562 113.17 114.34
1790886284.067 113.17 114.34
1790886284.572 113.18 114.35
1790886285.078 113.18 114.35
1790886285.584 113.18 114.35
1790886286.089 113.19 114.36
1790886286.595 113.19 114.36
1790886287.100 113.19 114.36
1790886287.606 113.20 114.36
1790886288.110 113.20 114.37
1790886288.616 113.21 114.38
1790886289.121 113.21 114.38
1790886289.626 113.21 114.38
1790886290.131 113.21 114.38
1790886290.637 113.21 114.38
1790886291.142 113.21 114.38
1790886291.648 113.21 114.38
1790886292.153 113.21 114.38
1790886292.659 113.21 114.38
1790886293.165 113.22 114.39
1790886293.670 113.22 114.39
1790886294.176 113.24 114.41
1790886294.682 113.27 114.43
1790886295.187 113.27 114.43
1790886295.693 113.27 114.43
1790886296.198 113.27 114.43
1790886296.704 113.27 114.43
1790886297.209 113.27 114.44
1790886297.715 113.27 114.44
1790886298.219 113.27 114.44
1790886298.725 113.27 114.44
1790886299.231 113.27 114.44
1790886299.736 113.28 114.45
1790886300.242 113.28 114.45
1790886300.747 113.28 114.45
1790886301.253 113.28 114.45
1790886301.758 113.28 114.45
1790886302.264 113.28 114.45
1790886302.769 113.28 114.45
1790886303.275 113.29 114.46
1790886303.780 113.29 114.46
1790886304.286 113.30 114.47
1790886304.792 113.31 114.48
1790886305.297 113.31 114.48
1790886305.803 113.31 114.48
1790886306.308 113.32 114.49
1790886306.814 113.32 114.49
1790886307.319 113.32 114.49
1790886307.825 113.32 114.49
1790886308.330 113.33 114.50
1790886308.836 113.33 114.50
1790886309.342 113.34 114.51
1790886309.847 113.34 114.51
1790886310.353 113.35 114.52
1790886310.858 113.35 114.52
1790886311.364 113.35 114.52
1790886311.869 113.35 114.52
1790886312.375 113.35 114.52
1790886312.880 113.35 114.52
1790886313.386 113.35 114.52
1790886313.891 113.35 114.52
1790886314.397 113.35 114.52
1790886314.902 113.38 114.55
1790886315.408 113.39 114.56
1790886315.913 113.39 114.56
1790886316.419 113.39 114.56
1790886316.924 113.40 114.57
1790886317.430 113.40 114.57
1790886317.935 113.40 114.57
1790886318.440 113.41 114.58
1790886318.946 113.41 114.58
1790886319.452 113.41 114.58
1790886319.956 113.42 114.59
1790886320.462 113.42 114.59
1790886320.967 113.43 114.60
1790886321.472 113.43 114.60
1790886321.978 113.43 114.60
1790886322.484 113.43 114.60
1790886322.989 113.43 114.60
1790886323.495 113.42 114.59
1790886324.000 113.42 114.59
1790886324.506 113.42 114.59
1790886325.012 113.44 114.61
1790886325.518 113.44 114.61
1790886326.023 113.44 114.61
1790886326.529 113.45 114.62
1790886327.034 113.45 114.62
1790886327.540 113.45 114.62
1790886328.046 113.47 114.64
1790886328.551 113.47 114.64
1790886329.057 113.47 114.64
1790886329.562 113.48 114.64
1790886330.068 113.48 114.65
1790886330.573 113.49 114.66
1790886331.079 113.49 114.66
1790886331.584 113.50 114.66
1790886332.090 113.50 114.67
1790886332.595 113.50 114.67
1790886333.100 113.50 114.66
1790886333.606 113.50 114.67
1790886334.111 113.50 114.67
1790886334.616 113.50 114.67
1790886335.122 113.53 114.70
1790886335.628 113.53 114.70
1790886336.133 113.53 114.70
1790886336.639 113.53 114.70
1790886337.144 113.54 114.71
1790886337.649 113.54 114.71
1790886338.155 113.53 114.70
1790886338.660 113.53 114.70
1790886339.166 113.53 114.70
1790886339.671 113.53 114.70
1790886340.177 113.54 114.71
1790886340.682 113.54 114.71
1790886341.188 113.54 114.71
1790886341.693 113.55 114.72
1790886342.199 113.56 114.73
1790886342.705 113.56 114.73
1790886343.209 113.55 114.72
1790886343.715 113.55 114.72
1790886344.220 113.55 114.72
1790886344.725 113.58 114.75
1790886345.230 113.59 114.75
1790886345.735 113.59 114.76
1790886346.241 113.59 114.76
1790886346.747 113.59 114.76
1790886347.253 113.60 114.76
1790886347.758 113.60 114.76
1790886348.264 113.59 114.76
1790886348.769 113.59 114.76
1790886349.275 113.59 114.76
1790886349.780 113.59 114.76
1790886350.286 113.59 114.76
1790886350.791 113.59 114.76
1790886351.296 113.60 114.77
1790886351.802 113.60 114.77
1790886352.308 113.60 114.77
1790886352.813 113.60 114.77
1790886353.319 113.59 114.76
1790886353.824 113.60 114.77
1790886354.330 113.61 114.78
1790886354.836 113.64 114.81
1790886355.341 113.64 114.81
1790886355.847 113.64 114.81
1790886356.352 113.64 114.81
1790886356.857 113.64 114.81
1790886357.363 113.64 114.81
1790886357.868 113.64 114.81
1790886358.374 113.64 114.81
1790886358.879 113.65 114.82
1790886359.385 113.65 114.82
1790886359.890 113.66 114.83
1790886360.396 113.66 114.83
1790886360.902 113.66 114.83
1790886361.407 113.66 114.83
1790886361.913 113.67 114.83
1790886362.418 113.67 114.83
1790886362.924 113.67 114.84
1790886363.429 113.67 114.83
1790886363.935 113.67 114.84
1790886364.441 113.67 114.84
1790886364.945 113.69 114.86
1790886365.451 113.70 114.87
1790886365.957 113.70 114.87
1790886366.462 113.71 114.88
1790886366.968 113.71 114.88
1790886367.473 113.71 114.88
1790886367.979 113.71 114.88
1790886368.484 113.72 114.89
1790886368.990 113.72 114.89
1790886369.495 113.73 114.90
1790886370.000 113.73 114.90
1790886370.505 113.74 114.91
1790886371.011 113.74 114.91
1790886371.516 113.74 114.91
1790886372.022 113.74 114.91
1790886372.528 113.74 114.91
1790886373.033 113.74 114.91
1790886373.538 113.75 114.92
1790886374.044 113.75 114.91
1790886374.550 113.75 114.92
1790886375.055 113.78 114.95
1790886375.561 113.78 114.95
1790886376.066 113.78 114.95
1790886376.571 113.78 114.95
1790886377.076 113.78 114.95
1790886377.581 113.78 114.95
1790886378.086 113.77 114.94
1790886378.591 113.78 114.95
1790886379.097 113.78 114.95
1790886379.603 113.78 114.95
1790886380.108 113.78 114.95
1790886380.613 113.79 114.96
1790886381.119 113.79 114.96
1790886381.624 113.79 114.96
1790886382.130 113.79 114.96
1790886382.635 113.79 114.96
1790886383.140 113.80 114.97
1790886383.646 113.81 114.98
1790886384.151 113.81 114.98
1790886384.657 113.81 114.98
1790886385.162 113.84 115.01
1790886385.668 113.84 115.01
1790886386.174 113.84 115.01
1790886386.679 113.84 115.01
1790886387.184 113.84 115.01
1790886387.690 113.85 115.02
1790886388.194 113.83 115.00
1790886388.700 113.85 115.02
1790886389.206 113.85 115.02
1790886389.711 113.85 115.02
1790886390.216 113.85 115.02
1790886390.722 113.85 115.02
1790886391.227 113.87 115.04
1790886391.733 113.87 115.04
1790886392.238 113.87 115.04
1790886392.743 113.87 115.04
1790886393.248 113.87 115.04
1790886393.754 113.87 115.04
1790886394.259 113.87 115.04
1790886394.765 113.87 115.04
1790886395.270 113.89 115.05
1790886395.776 113.89 115.05
1790886396.281 113.89 115.05
1790886396.787 113.89 115.05
1790886397.292 113.89 115.05
1790886397.798 113.89 115.05
1790886398.303 113.90 115.07
1790886398.809 113.90 115.07
1790886399.314 113.90 115.07
1790886399.820 113.90 115.07
1790886400.325 113.90 115.07
1790886400.831 113.90 115.07
1790886401.336 113.90 115.07
1790886401.842 113.90 115.07
1790886402.348 113.90 115.07
1790886402.853 113.91 115.08
1790886403.359 113.91 115.08
1790886403.864 113.92 115.08
1790886404.370 113.92 115.08
1790886404.875 113.92 115.09
1790886405.381 113.93 115.10
1790886405.886 113.93 115.10
1790886406.392 113.93 115.10
1790886406.898 113.93 115.10
1790886407.403 113.93 115.10
1790886407.909 113.93 115.10
1790886408.414 113.92 115.09
1790886408.920 113.92 115.09
1790886409.425 113.92 115.09
1790886409.931 113.93 115.10
1790886410.436 113.93 115.10
1790886410.942 113.93 115.10
1790886411.447 113.93 115.10
1790886411.953 113.93 115.10
1790886412.458 113.93 115.10
1790886412.964 113.93 115.10
1790886413.469 113.92 115.09
1790886413.974 113.92 115.09
1790886414.480 113.94 115.11
1790886414.985 113.94 115.11
1790886415.491 113.96 115.13
1790886415.997 113.96 115.13
1790886416.502 113.96 115.13
1790886417.008 113.96 115.13
1790886417.513 113.96 115.13
1790886418.018 113.96 115.13
1790886418.524 113.96 115.13
1790886419.029 113.96 115.13
1790886419.535 113.96 115.13
1790886420.041 113.98 115.15
1790886420.545 113.98 115.15
1790886421.051 113.98 115.15
1790886421.556 113.98 115.15
1790886422.062 113.98 115.15
1790886422.568 113.98 115.15
1790886423.074 113.98 115.15
1790886423.579 113.97 115.14
1790886424.085 113.97 115.14
1790886424.590 113.97 115.14
1790886425.095 113.97 115.13
1790886425.601 114.01 115.18
1790886426.107 114.01 115.18
1790886426.613 114.01 115.18
1790886427.118 114.01 115.18
1790886427.624 114.01 115.18
1790886428.129 114.03 115.19
1790886428.634 114.03 115.19
1790886429.140 114.03 115.19
1790886429.645 114.03 115.19
1790886430.150 114.04 115.21
1790886430.655 114.04 115.21
1790886431.161 114.04 115.21
1790886431.666 114.04 115.21
1790886432.172 114.04 115.21
1790886432.678 114.04 115.21
1790886433.183 114.02 115.19
1790886433.689 114.04 115.21
1790886434.194 114.04 115.21
1790886434.699 114.04 115.21
1790886435.205 114.07 115.23
1790886435.711 114.06 115.23
1790886436.216 114.07 115.24
1790886436.722 114.08 115.25
1790886437.227 114.08 115.25
1790886437.732 114.08 115.25
1790886438.237 114.08 115.25
1790886438.743 114.08 115.25
1790886439.249 114.08 115.25
1790886439.754 114.08 115.25
1790886440.260 114.08 115.25
1790886440.765 114.09 115.26
1790886441.270 114.09 115.26
1790886441.775 114.09 115.26
1790886442.281 114.09 115.26
1790886442.786 114.09 115.26
1790886443.292 114.10 115.26
1790886443.797 114.10 115.26
1790886444.303 114.10 115.27
1790886444.809 114.10 115.27
1790886445.314 114.11 115.27
1790886445.820 114.11 115.27
1790886446.326 114.11 115.28
1790886446.831 114.11 115.28
1790886447.337 114.11 115.28
1790886447.842 114.12 115.29
1790886448.348 114.13 115.30
1790886448.854 114.13 115.30
1790886449.359 114.13 115.30
1790886449.864 114.13 115.30
1790886450.369 114.13 115.30
1790886450.875 114.14 115.31
1790886451.381 114.14 115.31
1790886451.886 114.14 115.31
1790886452.392 114.14 115.31
1790886452.896 114.14 115.31
1790886453.402 114.14 115.31
1790886453.907 114.14 115.31
1790886454.413 114.15 115.32
1790886454.919 114.15 115.32
1790886455.424 114.17 115.34
1790886455.929 114.17 115.34
1790886456.435 114.17 115.34
1790886456.940 114.17 115.34
1790886457.446 114.17 115.34
1790886457.951 114.17 115.34
1790886458.457 114.16 115.33
1790886458.962 114.16 115.33
1790886459.468 114.16 115.33
1790886459.974 114.16 115.33
1790886460.479 114.17 115.34
1790886460.985 114.17 115.34
1790886461.490 114.17 115.34
1790886461.996 114.17 115.34
1790886462.501 114.17 115.34
1790886463.007 114.18 115.35
1790886463.513 114.16 115.33
1790886464.018 114.16 115.33
1790886464.524 114.16 115.33
1790886465.029 114.16 115.33
1790886465.535 114.17 115.34
1790886466.040 114.17 115.34
1790886466.545 114.17 115.34
1790886467.051 114.17 115.34
1790886467.556 114.18 115.34
1790886468.061 114.16 115.33
1790886468.567 114.18 115.35
1790886469.072 114.18 115.35
1790886469.577 114.18 115.35
1790886470.083 114.18 115.35
1790886470.588 114.18 115.35
1790886471.094 114.19 115.36
1790886471.599 114.19 115.36
1790886472.104 114.19 115.36
1790886472.609 114.19 115.36
1790886473.113 114.20 115.37
1790886473.619 114.20 115.37
1790886474.125 114.21 115.37
1790886474.630 114.20 115.37
1790886475.136 114.20 115.37
1790886475.641 114.23 115.40
1790886476.146 114.23 115.40
1790886476.652 114.23 115.40
1790886477.157 114.23 115.40
1790886477.663 114.23 115.40
1790886478.168 114.22 115.38
1790886478.673 114.21 115.38
1790886479.179 114.21 115.38
1790886479.685 114.21 115.38
1790886480.190 114.22 115.39
1790886480.696 114.22 115.39
1790886481.201 114.22 115.39
1790886481.707 114.22 115.39
1790886482.212 114.22 115.39
1790886482.718 114.22 115.39
1790886483.223 114.22 115.39
1790886483.729 114.22 115.39
1790886484.235 114.22 115.39
1790886484.740 114.22 115.39
1790886485.246 114.22 115.39
1790886485.751 114.23 115.40
1790886486.257 114.24 115.40
1790886486.762 114.24 115.40
1790886487.268 114.24 115.40
1790886487.773 114.24 115.40
1790886488.279 114.25 115.41
1790886488.784 114.25 115.41
1790886489.290 114.25 115.41
1790886489.795 114.25 115.41
1790886490.301 114.25 115.42
1790886490.806 114.25 115.42
1790886491.312 114.25 115.42
1790886491.817 114.25 115.42
1790886492.323 114.25 115.42
1790886492.828 114.25 115.42
1790886493.334 114.26 115.43
1790886493.839 114.26 115.43
1790886494.345 114.26 115.43
1790886494.851 114.26 115.43
1790886495.356 114.26 115.43
1790886495.862 114.27 115.44
1790886496.367 114.27 115.44
1790886496.873 114.28 115.45
1790886497.378 114.28 115.45
1790886497.884 114.28 115.45
1790886498.389 114.29 115.46
1790886498.895 114.29 115.46
1790886499.400 114.29 115.45
1790886499.906 114.29 115.46
1790886500.411 114.29 115.46
1790886500.917 114.29 115.46
1790886501.422 114.29 115.46
1790886501.928 114.29 115.46
1790886502.433 114.30 115.47
1790886502.938 114.30 115.47
1790886503.443 114.30 115.47
1790886503.949 114.31 115.48
1790886504.455 114.31 115.48
1790886504.960 114.31 115.48
1790886505.465 114.31 115.48
1790886505.971 114.31 115.47
1790886506.477 114.31 115.47
1790886506.983 114.32 115.48
1790886507.488 114.32 115.48
1790886507.994 114.32 115.49
1790886508.499 114.30 115.47
1790886509.004 114.30 115.47
1790886509.510 114.30 115.47
1790886510.016 114.30 115.47
1790886510.522 114.30 115.47
1790886511.027 114.30 115.47
1790886511.533 114.30 115.47
1790886512.038 114.30 115.47
1790886512.544 114.30 115.47
1790886513.048 114.31 115.48
1790886513.554 114.32 115.49
1790886514.060 114.32 115.49
1790886514.565 114.32 115.49
1790886515.071 114.32 115.49
1790886515.576 114.32 115.49
1790886516.082 114.32 115.49
1790886516.587 114.32 115.49
1790886517.093 114.32 115.49
1790886517.598 114.32 115.49
1790886518.103 114.33 115.50
1790886518.609 114.34 115.51
1790886519.115 114.34 115.51
1790886519.620 114.34 115.51
1790886520.125 114.34 115.51
1790886520.631 114.34 115.51
1790886521.136 114.34 115.51
1790886521.642 114.34 115.51
1790886522.147 114.34 115.51
1790886522.653 114.34 115.51
1790886523.158 114.34 115.50
1790886523.664 114.34 115.50
1790886524.169 114.34 115.50
1790886524.675 114.34 115.51
1790886525.180 114.34 115.51
1790886525.686 114.34 115.51
1790886526.191 114.34 115.51
1790886526.697 114.34 115.51
1790886527.202 114.34 115.51
1790886527.708 114.34 115.51
1790886528.213 114.35 115.52
1790886528.718 114.35 115.52
1790886529.224 114.36 115.53
1790886529.729 114.36 115.53
1790886530.234 114.36 115.53
1790886530.740 114.36 115.53
1790886531.245 114.36 115.53
1790886531.750 114.36 115.53
1790886532.256 114.36 115.53
1790886532.761 114.36 115.53
1790886533.267 114.34 115.51
1790886533.772 114.34 115.51
1790886534.278 114.34 115.51
1790886534.783 114.34 115.51
1790886535.288 114.34 115.51
1790886535.794 114.35 115.52
1790886536.300 114.35 115.52
1790886536.805 114.35 115.52
1790886537.311 114.36 115.53
1790886537.815 114.36 115.52
1790886538.321 114.36 115.53
1790886538.827 114.36 115.53
1790886539.333 114.36 115.53
1790886539.838 114.36 115.53
1790886540.344 114.36 115.53
1790886540.849 114.36 115.53
1790886541.355 114.36 115.53
1790886541.860 114.36 115.53
1790886542.366 114.36 115.53
1790886542.871 114.36 115.53
1790886543.376 114.36 115.53
1790886543.882 114.36 115.53
1790886544.387 114.36 115.53
1790886544.893 114.36 115.53
1790886545.398 114.36 115.53
1790886545.904 114.37 115.54
1790886546.409 114.37 115.54
1790886546.915 114.37 115.54
1790886547.421 114.37 115.54
1790886547.926 114.37 115.54
1790886548.432 114.36 115.53
1790886548.937 114.36 115.53
1790886549.443 114.36 115.53
1790886549.949 114.36 115.53
1790886550.454 114.36 115.53
1790886550.960 114.36 115.53
1790886551.466 114.36 115.53
1790886551.971 114.36 115.53
1790886552.477 114.36 115.53
1790886552.982 114.36 115.53
1790886553.487 114.36 115.53
1790886553.991 114.36 115.52
1790886554.497 114.35 115.52
1790886555.003 114.35 115.52
1790886555.507 114.35 115.52
1790886556.014 116.12 115.55
1790886556.532 116.11 115.55
1790886557.037 116.11 115.55
1790886557.542 116.11 115.55
1790886558.047 116.10 115.54
1790886558.553 116.11 115.55
1790886559.058 116.11 115.55
1790886559.564 116.11 115.55
1790886560.068 116.11 115.55
1790886560.574 116.12 115.56
1790886561.079 116.12 115.56
1790886561.585 116.12 115.56
1790886562.090 116.12 115.56
1790886562.596 116.12 115.56
1790886563.101 116.10 115.54
1790886563.607 116.11 115.55
1790886564.113 116.11 115.55
1790886564.618 116.11 115.55
1790886565.124 116.11 115.55
1790886565.630 116.11 115.55
1790886566.134 116.12 115.56
1790886566.638 116.12 115.56
1790886567.144 116.04 115.56
1790886567.649 115.99 115.56
1790886568.154 115.86 115.53
1790886568.664 115.54 115.34
1790886569.172 115.45 115.29
1790886569.677 115.39 115.24
1790886570.183 115.11 115.00
1790886570.688 115.11 115.00
1790886571.194 115.11 115.00
1790886571.700 115.11 115.00
1790886572.205 115.11 115.00
1790886572.710 114.73 114.65
1790886573.215 114.03 113.95
1790886573.719 113.70 113.62
1790886574.224 113.03 112.95
1790886574.729 112.85 112.79
1790886575.234 106.71 106.65
1790886575.740 91.72 91.66
1790886576.247 77.15 77.08
1790886576.753 62.12 62.05
1790886577.260 47.06 46.99
1790886577.767 31.96 31.90
1790886578.274 17.84 17.78
1790886578.780 15.34 15.28
1790886579.285 15.34 15.28
1790886579.791 15.34 15.28
1790886580.296 15.34 15.28
1790886580.802 15.34 15.28
1790886581.307 15.34 15.27
1790886581.813 15.34 15.27
1790886582.318 15.34 15.28
1790886582.823 15.34 15.28
1790886583.329 15.36 15.29
1790886583.833 15.36 15.29
1790886584.338 15.35 15.29
1790886584.843 15.35 15.29
1790886585.348 15.35 15.29
1790886585.853 15.35 15.29
1790886586.358 15.34 15.27
1790886586.864 15.42 15.41
1790886587.370 15.02 15.00
1790886587.875 14.95 14.95
1790886588.381 14.89 14.99
1790886588.886 14.50 14.99
1790886589.391 14.25 15.00
1790886589.896 13.73 14.60
1790886590.402 13.41 14.29
1790886590.907 10.53 11.42
1790886591.414 10.50 11.39
1790886591.920 10.47 11.36
1790886592.427 10.47 11.36
1790886592.933 10.47 11.36
1790886593.439 10.48 11.37
1790886593.944 10.48 11.37
1790886594.449 10.47 11.37
1790886594.956 10.47 11.37
1790886595.462 10.48 11.37
1790886595.967 10.47 11.37
1790886596.474 10.45 11.34
1790886596.979 10.45 11.34
1790886597.484 10.45 11.34
1790886597.989 10.45 11.34
1790886598.493 10.44 11.33
1790886599.000 10.44 11.33
1790886599.506 10.44 11.33
1790886600.011 10.45 11.34
1790886600.517 10.45 11.34
1790886601.022 10.45 11.34
1790886601.528 10.45 11.34
1790886602.035 10.45 11.34
1790886602.541 10.45 11.34
1790886603.046 10.45 11.34
1790886603.552 10.45 11.34
1790886604.058 10.45 11.34
1790886604.563 10.45 11.34
1790886605.069 10.45 11.34
1790886605.575 10.45 11.34
1790886606.081 10.45 11.34
1790886606.587 10.44 11.33
1790886607.094 10.44 11.33
1790886607.599 10.44 11.33
1790886608.106 10.42 11.31
1790886608.611 10.42 11.31
1790886609.117 10.42 11.31
1790886609.623 10.42 11.31
1790886610.129 10.42 11.31
1790886610.635 10.42 11.31
1790886611.140 10.42 11.31
1790886611.645 10.43 11.32
1790886612.152 10.43 11.32
1790886612.657 10.43 11.32
1790886613.163 10.43 11.32
1790886613.669 10.43 11.32
1790886614.175 10.43 11.33
1790886614.680 10.43 11.33
1790886615.186 10.43 11.33
1790886615.692 10.43 11.33
1790886616.197 10.43 11.33
1790886616.702 10.44 11.34
1790886617.209 10.45 11.34
1790886617.715 10.45 11.34
1790886618.220 10.44 11.33
1790886618.727 10.44 11.33
1790886619.233 10.44 11.33
1790886619.739 10.44 11.33
1790886620.244 10.44 11.33
1790886620.750 10.44 11.33
1790886621.255 10.44 11.33
1790886621.760 10.44 11.33
1790886622.266 10.44 11.34
1790886622.771 10.44 11.34
1790886623.277 10.45 11.34
1790886623.782 10.45 11.34
1790886624.288 10.45 11.34
1790886624.795 10.45 11.34
1790886625.300 10.45 11.34
1790886625.806 10.45 11.34
1790886626.313 10.45 11.34
1790886626.819 10.46 11.35
1790886627.327 10.46 11.35
1790886627.833 10.46 11.35
1790886628.339 10.46 11.36
1790886628.845 10.46 11.36
1790886629.351 10.46 11.36
1790886629.857 10.46 11.36
1790886630.362 10.46 11.36
1790886630.868 10.46 11.36
1790886631.373 10.46 11.36
1790886631.879 10.46 11.36
1790886632.385 10.46 11.36
1790886632.891 10.46 11.36
1790886633.397 10.47 11.37
1790886633.904 10.47 11.37
1790886634.409 10.47 11.37
1790886634.916 10.47 11.37
1790886635.421 10.48 11.37
1790886635.928 10.48 11.37
1790886636.433 10.46 11.36
1790886636.939 10.46 11.35
1790886637.444 10.46 11.35
1790886637.950 10.46 11.35
1790886638.457 10.48 11.37
1790886638.962 10.48 11.37
1790886639.466 10.48 11.37
1790886639.971 10.48 11.37
1790886640.477 10.48 11.37
1790886640.984 10.48 11.37
1790886641.491 10.48 11.37
1790886641.998 10.48 11.37
1790886642.503 10.48 11.37
1790886643.008 10.46 11.36
1790886643.514 10.47 11.36
1790886644.018 10.48 11.37
1790886644.525 10.48 11.37
1790886645.032 10.48 11.37
1790886645.538 10.48 11.37
1790886646.046 10.48 11.37
1790886646.553 10.49 11.39
1790886647.058 10.49 11.39
1790886647.564 10.49 11.39
1790886648.069 10.49 11.39
1790886648.575 10.49 11.39
1790886649.080 10.49 11.39
1790886649.586 10.49 11.39
1790886650.091 10.49 11.39
1790886650.598 10.49 11.39
1790886651.104 10.49 11.39
1790886651.610 10.49 11.39
1790886652.116 10.49 11.39
1790886652.621 10.49 11.39
1790886653.125 10.48 11.37
1790886653.632 10.48 11.37
1790886654.138 10.48 11.37
1790886654.644 10.48 11.37
1790886655.150 10.48 11.38
1790886655.656 10.48 11.38
1790886656.162 10.48 11.38
1790886656.668 10.48 11.38
1790886657.173 10.48 11.38
1790886657.680 10.48 11.38
1790886658.186 10.48 11.38
1790886658.691 10.48 11.38
1790886659.197 10.48 11.38
1790886659.702 10.48 11.38
1790886660.207 10.49 11.38
1790886660.713 10.49 11.38
1790886661.218 10.49 11.38
1790886661.724 10.49 11.38
1790886662.231 10.49 11.38
1790886662.738 10.49 11.38
1790886663.244 10.49 11.38
1790886663.749 10.49 11.38
1790886664.255 10.49 11.38
1790886664.761 10.48 11.38
1790886665.266 12.30 13.23
1790886665.771 12.43 13.36
1790886666.276 12.51 13.44
1790886666.781 85.65 86.59
1790886667.287 114.53 115.46
1790886667.793 114.53 115.46
1790886668.299 114.52 115.46
1790886668.804 114.52 115.46
1790886669.309 114.52 115.46
1790886669.815 114.52 115.46
1790886670.320 114.52 115.46
1790886670.825 114.52 115.46
1790886671.331 114.52 115.46
1790886671.836 114.52 115.46
1790886672.342 114.52 115.46
1790886672.847 114.52 115.46
1790886673.353 114.52 115.46
1790886673.858 114.52 115.46
1790886674.364 114.52 115.46
1790886674.869 114.52 115.46
1790886675.374 114.52 115.46
1790886675.880 114.53 115.46
1790886676.384 114.53 115.46
1790886676.890 114.53 115.46
1790886677.395 114.53 115.46
1790886677.901 114.53 115.46
1790886678.406 114.51 115.44
1790886678.911 114.51 115.44
1790886679.417 114.51 115.44
1790886679.923 114.51 115.44
1790886680.428 114.51 115.44
1790886680.933 114.51 115.44
1790886681.438 114.51 115.44
1790886681.944 114.51 115.44
1790886682.449 114.51 115.44
1790886682.955 114.51 115.44
1790886683.460 114.51 115.44
1790886683.966 114.51 115.44
1790886684.471 114.51 115.44
1790886684.977 114.51 115.44
1790886685.482 114.51 115.44
1790886685.987 114.51 115.44
1790886686.493 114.51 115.44
1790886686.998 114.50 115.43
1790886687.503 114.49 115.43
1790886688.007 114.48 115.41
1790886688.513 114.49 115.43
1790886689.019 114.49 115.43
1790886689.525 114.49 115.43
1790886690.030 114.49 115.43
1790886690.535 114.49 115.43
1790886691.041 114.49 115.43
1790886691.546 114.49 115.43
1790886692.051 114.49 115.43
1790886692.556 114.49 115.43
1790886693.061 114.50 115.44
1790886693.567 114.50 115.44
1790886694.072 114.50 115.44
1790886694.578 114.50 115.44
1790886695.083 114.50 115.44
1790886695.589 114.50 115.44
1790886696.094 114.50 115.44
1790886696.598 114.50 115.44
1790886697.103 114.50 115.43
1790886697.609 114.50 115.43
1790886698.114 114.50 115.43
1790886698.618 114.50 115.43
1790886699.124 114.50 115.43
1790886699.630 114.50 115.43
1790886700.135 114.50 115.43
1790886700.640 114.50 115.43
1790886701.145 114.50 115.43
1790886701.651 114.50 115.43
1790886702.156 114.50 115.43
1790886702.662 114.50 115.43
1790886703.167 114.50 115.44
1790886703.673 114.50 115.44
1790886704.178 114.50 115.44
1790886704.683 114.50 115.44
1790886705.189 114.50 115.44
1790886705.695 114.50 115.44
1790886706.200 114.50 115.44
1790886706.705 114.50 115.44
1790886707.210 114.51 115.45
1790886707.716 114.51 115.45
1790886708.222 114.52 115.45
1790886708.727 114.52 115.45
1790886709.233 114.52 115.45
1790886709.738 114.52 115.45
1790886710.244 114.52 115.45
1790886710.749 114.52 115.45
1790886711.255 114.52 115.45
1790886711.760 114.52 115.45
1790886712.266 114.52 115.45
1790886712.771 114.52 115.45
1790886713.277 114.52 115.45
1790886713.783 114.52 115.45
1790886714.288 114.52 115.45
1790886714.794 114.52 115.45
1790886715.299 114.52 115.45
1790886715.804 114.52 115.45
1790886716.310 114.52 115.45
1790886716.815 114.52 115.45
1790886717.321 114.51 115.45
1790886717.826 114.51 115.45
1790886718.332 114.51 115.45
1790886718.838 114.51 115.45
1790886719.343 114.51 115.45
1790886719.849 114.51 115.45
1790886720.354 114.51 115.45
1790886720.860 114.51 115.45
1790886721.364 114.51 115.45
1790886721.869 114.51 115.45
1790886722.374 114.51 115.45
1790886722.880 114.51 115.45
1790886723.385 114.52 115.46
1790886723.891 114.52 115.46
1790886724.396 114.52 115.46
1790886724.902 114.52 115.46
1790886725.407 114.53 115.46
1790886725.913 114.53 115.46
1790886726.418 114.53 115.46
1790886726.923 114.53 115.46
1790886727.429 114.52 115.45
1790886727.934 114.52 115.45
1790886728.440 114.52 115.46
1790886728.945 114.52 115.46
1790886729.451 114.52 115.46
1790886729.957 114.52 115.46
1790886730.462 114.52 115.46
1790886730.968 114.52 115.46
1790886731.473 114.52 115.46
1790886731.979 114.52 115.46
1790886732.484 114.52 115.46
1790886732.990 114.52 115.46
1790886733.496 114.52 115.45
1790886734.001 114.52 115.45
1790886734.506 114.52 115.45
1790886735.012 114.52 115.45
1790886735.518 114.52 115.45
1790886736.022 114.52 115.45
1790886736.528 114.52 115.45
1790886737.032 114.52 115.46
1790886737.537 114.54 115.48
1790886738.042 114.53 115.46
1790886738.548 114.54 115.48
1790886739.053 114.54 115.48
1790886739.558 114.54 115.48
1790886740.064 114.55 115.48
1790886740.569 114.55 115.48
1790886741.075 114.55 115.48
1790886741.580 114.55 115.48
1790886742.086 114.55 115.48
1790886742.592 114.55 115.48
1790886743.097 114.53 115.47
1790886743.602 114.53 115.47
1790886744.107 114.53 115.47
1790886744.613 114.53 115.47
1790886745.118 114.53 115.47
1790886745.623 114.53 115.47
1790886746.129 114.53 115.47
1790886746.635 114.53 115.47
1790886747.140 114.53 115.47
1790886747.645 114.54 115.47
1790886748.151 114.55 115.49
1790886748.657 114.55 115.49
1790886749.161 114.55 115.49
1790886749.667 114.55 115.49
1790886750.172 114.55 115.49
1790886750.678 114.55 115.49
1790886751.183 114.55 115.49
1790886751.689 114.55 115.49
1790886752.194 114.55 115.49
1790886752.699 114.56 115.49
1790886753.205 114.56 115.49
1790886753.710 114.56 115.49
1790886754.216 114.56 115.49
1790886754.720 114.56 115.49
1790886755.226 114.56 115.49
1790886755.731 114.56 115.49
1790886756.236 114.56 115.49
1790886756.741 114.56 115.49
1790886757.247 114.56 115.49
1790886757.751 114.57 115.50
1790886758.257 114.56 115.50
1790886758.762 114.56 115.50
1790886759.268 114.56 115.50
1790886759.773 114.56 115.50
1790886760.278 114.56 115.50
1790886760.783 114.56 115.50
1790886761.289 114.56 115.50
1790886761.795 114.57 115.50
1790886762.300 114.57 115.50
1790886762.806 114.57 115.50
1790886763.312 114.57 115.51
1790886763.817 114.57 115.51
1790886764.323 114.57 115.51
1790886764.828 114.57 115.51
1790886765.334 114.57 115.51
1790886765.839 114.57 115.51
1790886766.344 114.57 115.51
1790886766.850 114.57 115.51
1790886767.355 114.57 115.51
1790886767.861 114.58 115.52
1790886768.366 114.57 115.50
1790886768.872 114.57 115.50
1790886769.377 114.57 115.50
1790886769.883 114.57 115.50
1790886770.388 114.57 115.50
1790886770.893 114.57 115.50
1790886771.399 114.57 115.50
1790886771.904 114.57 115.50
1790886772.410 114.57 115.50
1790886772.915 114.57 115.50
1790886773.421 114.59 115.52
1790886773.927 114.59 115.52
1790886774.433 114.60 115.53
1790886774.938 114.60 115.53
1790886775.444 114.60 115.53
1790886775.949 114.60 115.54
1790886776.455 114.60 115.54
1790886776.960 114.60 115.54
1790886777.465 114.60 115.54
1790886777.971 114.62 115.56
1790886778.477 114.62 115.55
1790886778.982 114.62 115.55
1790886779.487 114.62 115.55
1790886779.992 114.62 115.55
1790886780.498 114.62 115.55
1790886781.004 114.62 115.55
1790886781.509 114.62 115.55
1790886782.014 114.62 115.55
1790886782.520 114.62 115.55
1790886783.025 114.60 115.53
1790886783.531 114.61 115.54
1790886784.036 114.61 115.54
1790886784.541 114.61 115.54
1790886785.047 114.61 115.55
1790886785.551 114.61 115.55
1790886786.056 114.62 115.55
1790886786.562 114.62 115.55
1790886787.068 114.62 115.55
1790886787.573 114.62 115.55
1790886788.078 114.61 115.54
1790886788.584 114.63 115.56
1790886789.090 114.63 115.56
1790886789.595 114.63 115.56
1790886790.101 114.63 115.56
1790886790.606 114.63 115.56
1790886791.112 114.63 115.56
1790886791.617 114.63 115.56
1790886792.122 114.63 115.56
1790886792.628 114.63 115.56
1790886793.133 114.64 115.58
1790886793.638 114.64 115.58
1790886794.144 114.64 115.58
1790886794.649 114.64 115.58
1790886795.154 114.64 115.58
1790886795.660 114.64 115.58
1790886796.165 114.64 115.58
1790886796.670 114.64 115.58
1790886797.175 114.64 115.58
1790886797.681 114.64 115.58
1790886798.187 114.63 115.56
1790886798.693 114.63 115.56
1790886799.198 114.63 115.56
1790886799.704 114.63 115.56
1790886800.209 114.63 115.56
1790886800.715 114.63 115.56
1790886801.220 114.63 115.56
1790886801.726 114.63 115.56
1790886802.232 114.63 115.56
1790886802.737 114.63 115.56
1790886803.243 114.65 115.58
1790886803.749 114.65 115.58
1790886804.255 114.65 115.58
1790886804.761 114.65 115.58
1790886805.267 114.65 115.58
1790886805.772 114.65 115.58
1790886806.278 114.65 115.58
1790886806.783 114.65 115.58
1790886807.289 114.65 115.58
1790886807.793 114.64 115.57
1790886808.299 114.66 115.59
1790886808.805 114.66 115.59
1790886809.311 114.66 115.59
1790886809.816 114.66 115.59
1790886810.322 114.66 115.59
1790886810.827 114.66 115.59
1790886811.332 114.66 115.59
1790886811.838 114.66 115.59
1790886812.343 114.66 115.59
1790886812.848 114.66 115.59
1790886813.354 114.65 115.59
1790886813.860 114.65 115.59
1790886814.365 114.65 115.59
1790886814.870 114.65 115.59
1790886815.376 114.65 115.59
1790886815.881 114.65 115.59
1790886816.387 114.65 115.59
1790886816.892 114.65 115.59
1790886817.398 114.65 115.59
1790886817.902 114.65 115.59
1790886818.408 114.64 115.58
1790886818.913 114.64 115.58
1790886819.419 114.64 115.58
1790886819.925 114.64 115.58
1790886820.430 114.64 115.58
1790886820.936 114.64 115.58
1790886821.441 114.64 115.58
1790886821.947 114.64 115.58
1790886822.452 114.64 115.58
1790886822.957 114.64 115.58
1790886823.463 114.65 115.59
1790886823.968 114.65 115.59
1790886824.474 114.65 115.59
1790886824.979 114.65 115.59
1790886825.484 114.65 115.59
1790886825.990 114.65 115.59
1790886826.496 114.65 115.59
1790886827.001 114.65 115.59
1790886827.506 114.66 115.59
1790886828.012 114.64 115.58
1790886828.517 114.64 115.57
1790886829.023 114.64 115.58
1790886829.528 114.64 115.58
1790886830.034 114.64 115.58
1790886830.539 114.64 115.58
1790886831.045 114.65 115.58
1790886831.550 114.65 115.58
1790886832.056 114.64 115.58
1790886832.562 114.65 115.58
1790886833.067 114.63 115.57
1790886833.573 114.64 115.58
1790886834.078 114.65 115.58
1790886834.584 114.65 115.58
1790886835.090 114.65 115.58
1790886835.595 114.65 115.58
1790886836.100 114.65 115.58
1790886836.606 114.65 115.58
1790886837.112 114.65 115.58
1790886837.617 114.65 115.58
1790886838.121 114.66 115.60
1790886838.627 114.66 115.60
1790886839.133 114.66 115.60
1790886839.639 114.66 115.60
1790886840.144 114.67 115.60
1790886840.650 114.67 115.60
1790886841.155 114.67 115.60
1790886841.661 114.67 115.60
1790886842.165 114.67 115.60
1790886842.671 114.67 115.60
1790886843.176 114.67 115.60
1790886843.682 114.67 115.60
1790886844.188 114.67 115.60
1790886844.693 114.67 115.60
1790886845.199 114.67 115.60
1790886845.704 114.67 115.60
1790886846.210 114.67 115.60
1790886846.715 114.67 115.60
1790886847.221 114.67 115.60
1790886847.726 114.67 115.60
1790886848.232 114.68 115.61
1790886848.738 114.68 115.61
1790886849.243 114.68 115.61
1790886849.749 114.68 115.61
1790886850.254 114.68 115.62
1790886850.760 114.68 115.62
1790886851.265 114.68 115.62
1790886851.771 114.68 115.62
1790886852.276 114.68 115.62
1790886852.782 114.68 115.62
1790886853.287 114.67 115.61
1790886853.793 114.67 115.61
1790886854.298 114.67 115.61
1790886854.803 114.67 115.61
1790886855.308 114.67 115.61
1790886855.814 114.67 115.61
1790886856.319 114.67 115.61
1790886856.825 114.67 115.61
1790886857.330 114.67 115.61
1790886857.836 114.67 115.61
1790886858.341 114.68 115.61
1790886858.847 114.68 115.61
1790886859.353 114.68 115.61
1790886859.858 114.68 115.61
1790886860.364 114.68 115.61
1790886860.869 114.68 115.61
1790886861.375 114.68 115.61
1790886861.880 114.68 115.61
1790886862.386 114.68 115.61
1790886862.891 114.68 115.61
1790886863.397 114.68 115.62
1790886863.902 114.68 115.62
1790886864.407 114.64 115.59
1790886864.912 114.65 115.60
1790886865.418 114.65 115.60
1790886865.924 114.64 115.60
1790886866.428 114.64 115.59
1790886866.932 114.64 115.59
1790886867.452 116.21 115.63
1790886867.971 116.21 115.63
1790886868.477 116.18 115.62
1790886868.983 116.18 115.62
1790886869.488 116.18 115.62
1790886869.993 116.18 115.62
1790886870.498 116.18 115.62
1790886871.004 116.18 115.62
1790886871.509 116.18 115.62
1790886872.015 116.18 115.62
1790886872.520 116.18 115.62
1790886873.026 116.18 115.62
1790886873.532 116.17 115.61
1790886874.037 116.17 115.61
1790886874.542 116.17 115.61
1790886875.048 116.17 115.61
1790886875.553 116.17 115.61
1790886876.059 116.17 115.61
1790886876.564 116.17 115.61
1790886877.070 116.17 115.61
1790886877.574 116.16 115.61
1790886878.079 116.15 115.60
1790886878.584 116.08 115.61
1790886879.089 116.04 115.62
1790886879.595 115.91 115.59
1790886880.101 115.61 115.42
1790886880.611 115.55 115.38
1790886881.116 115.51 115.35
1790886881.621 115.37 115.26
1790886882.127 115.18 115.07
1790886882.632 115.18 115.07
1790886883.138 115.16 115.06
1790886883.644 115.16 115.06
1790886884.148 115.16 115.06
1790886884.653 115.04 114.95
1790886885.158 114.16 114.09
1790886885.662 113.73 113.65
1790886886.168 113.33 113.26
1790886886.673 112.92 112.85
1790886887.178 108.93 108.86
1790886887.684 93.92 93.85
1790886888.189 79.85 79.79
1790886888.695 65.05 64.98
1790886889.200 49.81 49.74
1790886889.706 34.56 34.49
1790886890.212 19.27 19.20
1790886890.717 15.36 15.29
1790886891.222 15.36 15.29
1790886891.726 15.36 15.29
1790886892.232 15.36 15.29
1790886892.736 15.36 15.29
1790886893.241 15.36 15.29
1790886893.747 15.36 15.29
1790886894.252 15.36 15.29
1790886894.757 15.36 15.29
1790886895.262 15.36 15.29
1790886895.767 15.36 15.29
1790886896.272 15.36 15.29
1790886896.778 15.35 15.29
1790886897.283 15.35 15.29
1790886897.788 15.35 15.29
1790886898.293 15.35 15.29
1790886898.800 15.90 15.89
1790886899.306 15.45 15.43
1790886899.811 15.36 15.36
1790886900.316 15.25 15.45
1790886900.822 14.85 15.45
1790886901.327 14.61 15.37
1790886901.832 14.11 14.98
1790886902.338 12.76 13.64
1790886902.844 11.11 12.00
1790886903.349 11.00 11.89
1790886903.854 11.00 11.89
1790886904.359 10.94 11.85
1790886904.864 10.88 11.80
1790886905.369 10.85 11.77
1790886905.875 10.83 11.76
1790886906.381 10.81 11.74
1790886906.886 10.57 11.49
1790886907.391 10.48 11.40
1790886907.897 10.37 11.29
1790886908.403 12.10 13.06
1790886908.908 12.23 13.19
1790886909.413 12.32 13.29
1790886909.918 70.97 71.94
1790886910.424 114.36 115.32
1790886910.930 114.36 115.32
1790886911.436 114.36 115.32
1790886911.941 114.36 115.32
1790886912.447 114.36 115.33
1790886912.951 114.36 115.33
1790886913.457 114.36 115.33
1790886913.963 114.36 115.33
1790886914.468 114.36 115.33
1790886914.973 114.37 115.33
1790886915.479 114.37 115.33
1790886915.984 114.37 115.33
1790886916.490 114.37 115.33
1790886916.995 114.37 115.33
1790886917.501 114.37 115.33
1790886918.006 114.37 115.33
1790886918.511 114.35 115.31
1790886919.017 114.35 115.31
1790886919.521 114.35 115.31
1790886920.026 114.35 115.31
1790886920.532 114.35 115.31
1790886921.038 114.35 115.31
1790886921.543 114.35 115.31
1790886922.048 114.35 115.31
1790886922.554 114.35 115.31
1790886923.058 114.35 115.31
1790886923.564 114.35 115.31
1790886924.069 114.35 115.31
1790886924.575 114.35 115.31
1790886925.080 114.35 115.31
1790886925.586 114.35 115.31
1790886926.091 114.35 115.31
1790886926.597 114.35 115.31
1790886927.102 114.35 115.31
1790886927.608 114.35 115.31
1790886928.112 114.35 115.31
1790886928.617 114.33 115.30
1790886929.123 114.33 115.30
1790886929.628 114.33 115.30
1790886930.134 114.33 115.30
1790886930.639 114.33 115.30
1790886931.145 114.33 115.30
1790886931.650 114.33 115.30
1790886932.156 114.33 115.30
1790886932.662 114.33 115.30
1790886933.167 114.32 115.29
1790886933.673 114.32 115.29
1790886934.178 114.33 115.30
1790886934.684 114.33 115.30
1790886935.189 114.33 115.30
1790886935.695 114.33 115.30
1790886936.200 114.33 115.30
1790886936.705 114.33 115.30
1790886937.210 114.33 115.30
1790886937.716 114.33 115.30
1790886938.221 114.33 115.30
1790886938.726 114.32 115.28
1790886939.232 114.32 115.28
1790886939.737 114.32 115.28
1790886940.242 114.32 115.28
1790886940.747 114.32 115.28
1790886941.253 114.32 115.28
1790886941.758 114.32 115.28
1790886942.263 114.32 115.28
1790886942.768 114.32 115.28
1790886943.273 114.31 115.27
1790886943.779 114.31 115.27
1790886944.284 114.31 115.27
1790886944.789 114.31 115.27
1790886945.295 114.32 115.28
1790886945.800 114.32 115.28
1790886946.305 114.32 115.28
1790886946.811 114.32 115.28
1790886947.317 114.32 115.28
1790886947.822 114.32 115.28
1790886948.327 114.30 115.26
1790886948.833 114.29 115.26
1790886949.339 114.29 115.26
1790886949.844 114.29 115.26
1790886950.350 114.29 115.26
1790886950.855 114.29 115.26
1790886951.361 114.29 115.26
1790886951.866 114.29 115.26
1790886952.372 114.30 115.26
1790886952.877 114.30 115.26
1790886953.383 114.29 115.25
1790886953.889 114.29 115.25
1790886954.394 114.29 115.25
1790886954.900 114.30 115.26
1790886955.406 114.30 115.26
1790886955.911 114.31 115.27
1790886956.417 114.31 115.27
1790886956.922 114.31 115.27
1790886957.428 114.31 115.27
1790886957.933 114.31 115.27
1790886958.439 114.32 115.28
1790886958.945 114.34 115.31
1790886959.450 114.34 115.31
1790886959.956 114.34 115.31
1790886960.461 114.34 115.31
1790886960.967 114.34 115.31
1790886961.473 114.34 115.31
1790886961.979 114.34 115.31
1790886962.484 114.34 115.31
1790886962.989 114.34 115.31
1790886963.494 114.34 115.30
1790886964.000 114.34 115.30
1790886964.505 114.34 115.30
1790886965.011 114.34 115.31
1790886965.517 114.34 115.31
1790886966.022 114.34 115.31
1790886966.528 114.34 115.31
1790886967.033 114.34 115.31
1790886967.539 114.34 115.31
1790886968.044 114.33 115.29
1790886968.549 114.33 115.29
1790886969.055 114.33 115.29
1790886969.560 114.33 115.29
1790886970.066 114.33 115.29
1790886970.572 114.33 115.29
1790886971.077 114.32 115.30
1790886971.581 114.32 115.30
1790886972.087 114.32 115.30
1790886972.591 114.32 115.30
1790886973.095 114.33 115.31
1790886973.601 114.33 115.31
1790886974.107 114.33 115.31
1790886974.612 114.33 115.31
1790886975.118 114.33 115.31
1790886975.623 114.33 115.31
1790886976.128 114.33 115.31
1790886976.634 114.33 115.31
1790886977.139 114.33 115.31
1790886977.645 114.33 115.31
1790886978.150 114.32 115.31
1790886978.655 114.32 115.31
1790886979.161 114.34 115.32
1790886979.666 114.34 115.32
1790886980.172 114.34 115.32
1790886980.677 114.34 115.32
1790886981.183 114.34 115.32
1790886981.688 114.34 115.32
1790886982.194 114.34 115.32
1790886982.699 114.34 115.32
1790886983.204 114.32 115.30
1790886983.710 114.32 115.30
1790886984.216 114.32 115.30
1790886984.722 114.32 115.30
1790886985.227 114.32 115.30
1790886985.733 114.32 115.30
1790886986.238 114.32 115.30
1790886986.744 114.32 115.30
1790886987.250 114.33 115.31
1790886987.755 114.33 115.31
1790886988.260 114.33 115.31
1790886988.766 114.33 115.31
1790886989.272 114.33 115.31
1790886989.778 114.33 115.31
1790886990.283 114.33 115.31
1790886990.789 114.33 115.31
1790886991.294 114.33 115.31
1790886991.799 114.33 115.31
1790886992.305 114.33 115.31
1790886992.811 114.33 115.31
1790886993.316 114.34 115.33
1790886993.822 114.34 115.33
1790886994.327 114.34 115.33
1790886994.833 114.34 115.33
1790886995.339 114.34 115.32
1790886995.844 114.34 115.32
1790886996.350 114.34 115.33
1790886996.855 114.34 115.33
1790886997.360 114.34 115.33
1790886997.866 114.34 115.33
1790886998.372 114.33 115.31
1790886998.877 114.33 115.32
1790886999.383 114.33 115.31
1790886999.888 114.33 115.31
1790887000.394 114.33 115.31
1790887000.899 114.33 115.31
1790887001.404 114.33 115.31
1790887001.910 114.33 115.31
1790887002.415 114.33 115.31
1790887002.921 114.33 115.31
1790887003.426 114.33 115.31
1790887003.932 114.33 115.31
1790887004.437 114.33 115.31
1790887004.943 114.33 115.31
1790887005.448 114.33 115.31
1790887005.953 114.33 115.31
1790887006.459 114.33 115.31
1790887006.965 114.33 115.31
1790887007.471 114.33 115.31
1790887007.976 114.33 115.31
1790887008.482 114.33 115.31
1790887008.988 114.33 115.31
1790887009.492 114.34 115.32
1790887009.998 114.34 115.32
1790887010.503 114.34 115.32
1790887011.009 114.34 115.32
1790887011.514 114.34 115.32
1790887012.020 114.34 115.32
1790887012.525 114.34 115.32
1790887013.030 114.34 115.32
1790887013.536 114.34 115.32
1790887014.042 114.34 115.32
1790887014.546 114.34 115.32
1790887015.052 114.34 115.32
1790887015.558 114.34 115.32
1790887016.063 114.34 115.32
1790887016.567 114.34 115.32
1790887017.073 114.35 115.33
1790887017.594 115.96 115.38
1790887018.114 115.95 115.38
1790887018.620 115.96 115.38
1790887019.125 115.96 115.39
1790887019.631 115.96 115.40
1790887020.136 115.96 115.40
1790887020.642 115.96 115.40
1790887021.147 115.96 115.40
1790887021.653 115.96 115.40
1790887022.158 115.96 115.40
1790887022.664 115.96 115.40
1790887023.169 115.96 115.40
1790887023.675 115.96 115.40
1790887024.180 115.96 115.40
1790887024.686 115.96 115.40
1790887025.191 115.96 115.40
1790887025.697 115.96 115.40
1790887026.202 115.96 115.40
1790887026.707 115.96 115.40
1790887027.211 115.96 115.40
1790887027.715 115.95 115.40
1790887028.220 115.95 115.39
1790887028.725 115.88 115.39
1790887029.230 115.81 115.38
1790887029.735 115.72 115.37
1790887030.240 115.41 115.20
1790887030.746 115.35 115.17
1790887031.250 115.31 115.15
1790887031.756 115.29 115.14
1790887032.261 115.08 114.96
1790887032.767 115.07 114.96
1790887033.272 115.07 114.96
1790887033.777 115.07 114.96
1790887034.282 115.07 114.96
1790887034.787 115.07 114.96
1790887035.292 114.22 114.14
1790887035.797 113.85 113.77
1790887036.302 113.50 113.41
1790887036.807 113.07 112.99
1790887037.312 112.84 112.77
1790887037.818 102.01 101.93
1790887038.323 88.08 88.00
1790887038.829 72.75 72.68
1790887039.335 57.51 57.43
1790887039.840 42.82 42.75
1790887040.346 27.63 27.56
1790887040.852 16.06 15.98
1790887041.358 15.33 15.26
1790887041.864 15.33 15.26
1790887042.369 15.33 15.26
1790887042.874 15.33 15.26
1790887043.378 15.33 15.26
1790887043.883 15.33 15.25
1790887044.388 15.33 15.25
1790887044.893 15.33 15.25
1790887045.398 15.33 15.25
1790887045.903 15.33 15.25
1790887046.408 15.33 15.25
1790887046.913 15.33 15.25
1790887047.418 15.33 15.25
1790887047.923 15.33 15.25
1790887048.428 15.33 15.26
1790887048.932 16.24 16.18
1790887049.438 15.57 15.55
1790887049.943 15.54 15.52
1790887050.448 15.16 15.17
1790887050.954 15.15 15.43
1790887051.459 14.75 15.43
1790887051.964 14.53 15.29
1790887052.468 14.48 15.26
1790887052.974 14.21 15.05
1790887053.479 13.95 14.85
1790887053.984 13.85 14.75
1790887054.490 12.15 13.05
1790887054.996 10.93 11.84
1790887055.502 10.90 11.80
1790887056.007 10.85 11.78
1790887056.513 10.78 11.72
1790887057.018 10.75 11.69
1790887057.523 10.72 11.66
1790887058.029 10.47 11.42
1790887058.534 10.35 11.29
1790887059.039 10.30 11.24
1790887059.544 12.01 13.00
1790887060.049 12.14 13.13
1790887060.554 12.24 13.22
1790887061.059 88.83 89.81
1790887061.564 114.25 115.24
1790887062.070 114.25 115.24
1790887062.576 114.25 115.24
1790887063.081 114.24 115.22
1790887063.587 114.24 115.22
1790887064.092 114.24 115.22
1790887064.598 114.24 115.22
1790887065.103 114.24 115.22
1790887065.609 114.24 115.22
1790887066.114 114.24 115.22
1790887066.620 114.24 115.22
1790887067.125 114.24 115.22
1790887067.631 114.24 115.22
1790887068.135 114.24 115.22
1790887068.640 114.24 115.22
1790887069.145 114.24 115.22
1790887069.650 114.26 115.24
1790887070.156 114.26 115.24
1790887070.661 114.26 115.24
1790887071.167 114.26 115.24
1790887071.673 114.26 115.24
1790887072.178 114.26 115.24
1790887072.684 114.26 115.24
1790887073.189 114.25 115.23
1790887073.695 114.25 115.23
1790887074.200 114.25 115.23
1790887074.706 114.25 115.23
1790887075.211 114.25 115.23
1790887075.717 114.25 115.23
1790887076.222 114.25 115.23
1790887076.727 114.25 115.23
1790887077.232 114.25 115.23
1790887077.737 114.25 115.23
1790887078.243 114.27 115.25
1790887078.748 114.27 115.25
1790887079.254 114.27 115.25
1790887079.758 114.28 115.26
1790887080.264 114.28 115.26
1790887080.770 114.28 115.26
1790887081.275 114.28 115.26
1790887081.781 114.28 115.26
1790887082.286 114.28 115.26
1790887082.792 114.28 115.26
1790887083.298 114.26 115.24
1790887083.803 114.26 115.24
1790887084.309 114.26 115.24
1790887084.814 114.27 115.25
1790887085.320 114.27 115.25
1790887085.826 114.27 115.25
1790887086.331 114.27 115.25
1790887086.837 114.27 115.25
1790887087.342 114.27 115.25
1790887087.847 114.27 115.25
1790887088.353 114.27 115.25
1790887088.859 114.26 115.25
1790887089.364 114.26 115.25
1790887089.870 114.26 115.24
1790887090.375 114.26 115.24
1790887090.881 114.26 115.24
1790887091.386 114.26 115.24
1790887091.891 114.26 115.24
1790887092.397 114.26 115.24
1790887092.903 114.26 115.24
1790887093.409 114.26 115.24
1790887093.914 114.26 115.24
1790887094.420 114.26 115.24
1790887094.925 114.26 115.24
1790887095.431 114.26 115.24
1790887095.937 114.26 115.24
1790887096.442 114.26 115.24
1790887096.947 114.26 115.24
1790887097.453 114.26 115.24
1790887097.958 114.26 115.24
1790887098.464 114.25 115.23
1790887098.969 114.25 115.23
1790887099.475 114.25 115.23
1790887099.980 114.26 115.24
1790887100.486 114.26 115.24
1790887100.991 114.26 115.24
1790887101.497 114.26 115.24
1790887102.002 114.26 115.24
1790887102.508 114.26 115.24
1790887103.014 114.26 115.24
1790887103.520 114.25 115.23
1790887104.025 114.25 115.23
1790887104.531 114.25 115.23
1790887105.036 114.25 115.23
1790887105.542 114.25 115.23
1790887106.047 114.25 115.23
1790887106.553 114.25 115.23
1790887107.058 114.25 115.23
1790887107.564 114.25 115.23
1790887108.069 114.23 115.22
1790887108.574 114.23 115.22
1790887109.080 114.23 115.22
1790887109.586 114.23 115.22
1790887110.091 114.22 115.21
1790887110.597 114.22 115.21
1790887111.102 114.22 115.21
1790887111.608 114.22 115.21
1790887112.114 114.22 115.21
1790887112.619 114.22 115.21
1790887113.124 114.24 115.22
1790887113.630 114.24 115.22
1790887114.135 114.24 115.22
1790887114.641 114.24 115.22
1790887115.146 114.24 115.22
1790887115.651 114.24 115.22
1790887116.156 114.24 115.22
1790887116.662 114.24 115.22
1790887117.166 114.24 115.22
1790887117.672 114.24 115.22
1790887118.177 114.23 115.22
1790887118.682 114.23 115.22
1790887119.187 114.23 115.22
1790887119.693 114.23 115.22
1790887120.199 114.22 115.20
1790887120.705 114.22 115.20
1790887121.210 114.22 115.20
1790887121.716 114.22 115.20
1790887122.222 114.22 115.20
1790887122.728 114.22 115.20
1790887123.233 114.24 115.22
1790887123.739 114.24 115.22
1790887124.244 114.24 115.22
1790887124.750 114.24 115.22
1790887125.256 114.24 115.22
1790887125.762 114.24 115.22
1790887126.268 114.24 115.22
1790887126.773 114.24 115.22
1790887127.279 114.24 115.22
1790887127.784 114.24 115.22
1790887128.289 114.23 115.21
1790887128.795 114.23 115.21
1790887129.301 114.23 115.21
1790887129.806 114.23 115.21
1790887130.313 114.25 115.23
1790887130.818 114.25 115.23
1790887131.324 114.25 115.23
1790887131.829 114.25 115.23
1790887132.335 114.25 115.23
1790887132.840 114.25 115.23
1790887133.345 114.25 115.23
1790887133.851 114.25 115.23
1790887134.356 114.25 115.23
1790887134.862 114.25 115.23
1790887135.367 114.25 115.23
1790887135.873 114.25 115.23
1790887136.378 114.25 115.23
1790887136.884 114.25 115.23
1790887137.388 114.26 115.24
1790887137.894 114.26 115.24
1790887138.400 114.27 115.25
1790887138.905 114.27 115.25
1790887139.411 114.27 115.25
1790887139.916 114.27 115.25
1790887140.422 114.28 115.27
1790887140.927 114.28 115.27
1790887141.433 114.28 115.27
1790887141.938 114.28 115.27
1790887142.443 114.28 115.27
1790887142.949 114.28 115.27
1790887143.455 114.29 115.27
1790887143.960 114.29 115.27
1790887144.466 114.29 115.27
1790887144.971 114.29 115.27
1790887145.476 114.29 115.27
1790887145.982 114.29 115.27
1790887146.487 114.29 115.27
1790887146.993 114.29 115.27
1790887147.498 114.29 115.27
1790887148.004 114.29 115.27
1790887148.509 114.31 115.29
1790887149.015 114.31 115.29
1790887149.520 114.31 115.29
1790887150.026 114.31 115.29
1790887150.532 114.31 115.29
1790887151.037 114.31 115.29
1790887151.543 114.31 115.29
1790887152.049 114.31 115.29
1790887152.554 114.31 115.29
1790887153.059 114.30 115.28
1790887153.565 114.30 115.28
1790887154.071 114.30 115.28
1790887154.576 114.30 115.28
1790887155.081 114.30 115.28
1790887155.587 114.30 115.28
1790887156.092 114.30 115.28
1790887156.597 114.30 115.28
1790887157.102 114.30 115.28
1790887157.608 114.30 115.28
1790887158.113 114.32 115.31
1790887158.618 114.32 115.30
1790887159.123 114.32 115.31
1790887159.628 114.32 115.31
1790887160.134 114.32 115.31
1790887160.639 114.32 115.31
1790887161.145 114.32 115.31
1790887161.650 114.32 115.31
1790887162.155 114.32 115.31
1790887162.661 114.32 115.31
1790887163.166 114.31 115.29
1790887163.671 114.31 115.29
1790887164.177 114.31 115.29
1790887164.683 114.31 115.29
1790887165.188 114.31 115.29
1790887165.693 114.31 115.29
1790887166.199 114.31 115.29
1790887166.705 114.31 115.29
1790887167.210 114.31 115.29
1790887167.716 114.31 115.29
1790887168.221 114.31 115.29
1790887168.727 114.31 115.29
1790887169.231 114.31 115.29
1790887169.736 114.32 115.30
1790887170.241 114.33 115.31
1790887170.747 114.31 115.29
1790887171.252 114.31 115.30
1790887171.758 114.31 115.30
1790887172.262 114.31 115.29
1790887172.768 114.28 115.27
1790887173.273 114.30 115.29
1790887173.778 114.28 115.28
1790887174.284 114.26 115.26
1790887174.790 114.26 115.26
1790887175.294 114.26 115.26
1790887175.799 114.26 115.26
1790887176.304 114.25 115.25
1790887176.816 115.87 115.29
1790887177.340 115.87 115.29
1790887177.845 115.87 115.29
1790887178.350 115.87 115.30
1790887178.855 115.87 115.30
1790887179.361 115.87 115.30
1790887179.866 115.87 115.30
1790887180.372 115.86 115.28
1790887180.878 115.86 115.30
1790887181.383 115.87 115.30
1790887181.888 115.87 115.31
1790887182.394 115.87 115.31
1790887182.900 115.87 115.31
1790887183.405 115.86 115.30
1790887183.911 115.86 115.30
1790887184.417 115.86 115.30
1790887184.922 115.86 115.30
1790887185.428 115.86 115.30
1790887185.933 115.86 115.30
1790887186.439 115.86 115.30
1790887186.943 115.86 115.30
1790887187.447 115.86 115.30
1790887187.951 115.82 115.30
1790887188.457 115.75 115.32
1790887188.962 115.73 115.31
1790887189.468 115.43 115.18
1790887189.972 115.30 115.12
1790887190.478 115.24 115.08
1790887190.983 115.11 114.99
1790887191.490 114.90 114.79
1790887191.996 114.91 114.79
1790887192.501 114.91 114.79
1790887193.007 114.91 114.79
1790887193.512 114.89 114.78
1790887194.017 114.49 114.40
1790887194.521 113.78 113.69
1790887195.026 113.54 113.45
1790887195.531 112.93 112.84
1790887196.036 112.67 112.59
1790887196.541 101.40 101.32
1790887197.048 86.23 86.16
1790887197.553 71.15 71.08
1790887198.059 55.96 55.89
1790887198.566 41.84 41.77
1790887199.072 26.55 26.48
1790887199.578 15.71 15.64
1790887200.084 15.29 15.21
1790887200.588 15.27 15.20
1790887201.093 15.27 15.20
1790887201.598 15.27 15.20
1790887202.103 15.27 15.20
1790887202.608 15.27 15.20
1790887203.114 15.27 15.20
1790887203.619 15.25 15.18
1790887204.124 15.25 15.18
1790887204.629 15.25 15.18
1790887205.134 15.25 15.18
1790887205.639 15.25 15.18
1790887206.145 15.25 15.18
1790887206.649 15.25 15.18
1790887207.154 15.25 15.18
1790887207.660 15.86 15.80
1790887208.164 15.19 15.17
1790887208.670 15.01 15.00
1790887209.175 14.97 14.99
1790887209.680 14.60 14.99
1790887210.185 14.25 14.99
1790887210.689 14.05 14.83
1790887211.195 14.00 14.79
1790887211.700 13.66 14.54
1790887212.205 13.45 14.34
1790887212.710 13.42 14.32
1790887213.217 10.91 11.81
1790887213.724 10.50 11.40
1790887214.230 10.46 11.37
1790887214.736 10.41 11.33
1790887215.241 10.35 11.28
1790887215.746 10.31 11.24
1790887216.251 10.16 11.10
1790887216.757 10.01 10.94
1790887217.261 9.86 10.80
1790887217.766 9.92 10.86
1790887218.271 11.60 12.57
1790887218.776 11.73 12.71
1790887219.282 11.84 12.81
1790887219.787 82.26 83.24
1790887220.292 113.95 114.92
1790887220.798 113.93 114.90
1790887221.303 113.93 114.90
1790887221.809 113.93 114.90
1790887222.313 113.94 114.91
1790887222.819 113.94 114.91
1790887223.324 113.93 114.90
1790887223.828 113.93 114.90
1790887224.334 113.93 114.90
1790887224.840 113.93 114.90
1790887225.346 113.93 114.90
1790887225.851 113.93 114.90
1790887226.357 113.93 114.90
1790887226.862 113.93 114.90
1790887227.368 113.93 114.90
1790887227.873 113.93 114.91
1790887228.379 113.91 114.89
1790887228.885 113.91 114.89
1790887229.390 113.91 114.89
1790887229.895 113.91 114.89
1790887230.401 113.91 114.89
1790887230.906 113.92 114.90
1790887231.412 113.92 114.90
1790887231.917 113.92 114.90
1790887232.423 113.92 114.90
1790887232.928 113.92 114.91
1790887233.434 113.92 114.91
1790887233.940 113.92 114.91
1790887234.445 113.92 114.91
1790887234.951 113.92 114.91
1790887235.456 113.92 114.91
1790887235.962 113.92 114.91
1790887236.467 113.92 114.91
1790887236.973 113.92 114.91
1790887237.478 113.92 114.91
1790887237.984 113.92 114.91
1790887238.489 113.92 114.91
1790887238.995 113.92 114.91
1790887239.500 113.92 114.90
1790887240.006 113.92 114.90
1790887240.511 113.92 114.90
1790887241.017 113.92 114.91
1790887241.523 113.92 114.91
1790887242.028 113.92 114.91
1790887242.533 113.92 114.91
1790887243.038 113.93 114.91
1790887243.543 113.96 114.94
1790887244.049 113.96 114.94
1790887244.555 113.96 114.94
1790887245.060 113.96 114.94
1790887245.566 113.96 114.94
1790887246.071 113.96 114.94
1790887246.577 113.96 114.94
1790887247.082 113.95 114.94
1790887247.588 113.95 114.94
1790887248.093 113.95 114.94
1790887248.598 113.95 114.94
1790887249.103 113.95 114.94
1790887249.608 113.95 114.94
1790887250.113 113.95 114.94
1790887250.619 113.95 114.94
1790887251.125 113.96 114.95
1790887251.630 113.96 114.95
1790887252.136 113.96 114.95
1790887252.642 113.96 114.95
1790887253.146 113.98 114.97
1790887253.652 113.99 114.97
1790887254.157 114.01 114.99
1790887254.663 114.01 115.00
1790887255.168 114.01 115.00
1790887255.674 114.01 115.00
1790887256.179 114.01 115.00
1790887256.684 114.01 115.00
1790887257.189 114.01 115.00
1790887257.695 114.01 115.00
1790887258.200 114.01 115.00
1790887258.705 114.01 115.00
1790887259.210 114.01 115.00
1790887259.716 114.01 115.00
1790887260.221 114.01 115.00
1790887260.727 114.01 115.00
1790887261.233 114.03 115.01
1790887261.738 114.03 115.01
1790887262.244 114.03 115.01
1790887262.750 114.03 115.01
1790887263.256 114.02 115.00
1790887263.761 114.02 115.00
1790887264.267 114.05 115.03
1790887264.772 114.05 115.03
1790887265.277 114.05 115.03
1790887265.783 114.05 115.03
1790887266.288 114.05 115.03
1790887266.794 114.05 115.03
1790887267.299 114.05 115.03
1790887267.805 114.05 115.03
1790887268.310 114.05 115.03
1790887268.816 114.05 115.03
1790887269.322 114.05 115.03
1790887269.828 114.05 115.03
1790887270.333 114.05 115.03
1790887270.839 114.05 115.03
1790887271.344 114.05 115.04
1790887271.850 114.05 115.03
1790887272.354 114.05 115.03
1790887272.860 114.05 115.03
1790887273.366 114.06 115.05
1790887273.872 114.06 115.05
1790887274.377 114.06 115.05
1790887274.882 114.08 115.06
1790887275.388 114.08 115.06
1790887275.893 114.08 115.06
1790887276.399 114.08 115.06
1790887276.904 114.08 115.06
1790887277.410 114.08 115.06
1790887277.915 114.08 115.06
1790887278.421 114.08 115.07
1790887278.926 114.08 115.07
1790887279.432 114.08 115.07
1790887279.937 114.08 115.07
1790887280.443 114.08 115.07
1790887280.949 114.08 115.07
1790887281.455 114.09 115.07
1790887281.960 114.09 115.07
1790887282.465 114.09 115.07
1790887282.970 114.09 115.07
1790887283.475 114.11 115.09
1790887283.981 114.11 115.09
1790887284.486 114.11 115.09
1790887284.992 114.11 115.09
1790887285.498 114.11 115.09
1790887286.003 114.11 115.09
1790887286.509 114.13 115.11
1790887287.014 114.13 115.11
1790887287.520 114.13 115.11
1790887288.025 114.13 115.11
1790887288.531 114.11 115.09
1790887289.036 114.11 115.09
1790887289.541 114.11 115.10
1790887290.045 114.10 115.10
1790887290.550 114.10 115.10
1790887291.056 114.08 115.10
1790887291.562 114.08 115.10
1790887292.067 114.08 115.10
1790887292.573 114.08 115.10
1790887293.078 114.07 115.08
1790887293.583 114.07 115.08
1790887294.088 114.07 115.08
1790887294.594 114.07 115.08
1790887295.100 114.07 115.08
1790887295.606 114.07 115.08
1790887296.111 114.07 115.09
1790887296.617 114.07 115.09
1790887297.122 114.08 115.10
1790887297.628 114.08 115.10
1790887298.133 114.09 115.11
1790887298.637 114.09 115.10
1790887299.141 114.09 115.11
1790887299.662 115.76 115.18
1790887300.182 115.76 115.18
1790887300.687 115.76 115.18
1790887301.192 115.76 115.18
1790887301.697 115.73 115.17
1790887302.203 115.73 115.17
1790887302.709 115.73 115.17
1790887303.215 115.74 115.18
1790887303.720 115.74 115.18
1790887304.226 115.74 115.18
1790887304.731 115.74 115.18
1790887305.235 115.74 115.18
1790887305.741 115.74 115.18
1790887306.246 115.74 115.17
1790887306.752 115.74 115.17
1790887307.258 115.74 115.17
1790887307.763 115.74 115.18
1790887308.269 115.74 115.18
1790887308.774 115.74 115.18
1790887309.280 115.74 115.18
1790887309.784 115.74 115.18
1790887310.289 115.73 115.17
1790887310.794 115.65 115.16
1790887311.299 115.59 115.16
1790887311.804 115.49 115.13
1790887312.310 115.17 114.96
1790887312.815 115.12 114.94
1790887313.320 115.13 114.97
1790887313.826 115.00 114.88
1790887314.332 114.83 114.72
1790887314.837 114.83 114.72
1790887315.343 114.83 114.72
1790887315.848 114.83 114.72
1790887316.353 114.83 114.72
1790887316.858 114.83 114.72
1790887317.363 114.01 113.92
1790887317.868 113.63 113.55
1790887318.373 113.19 113.10
1790887318.878 112.78 112.70
1790887319.384 112.59 112.52
1790887319.889 101.09 101.02
1790887320.395 86.50 86.43
1790887320.900 71.88 71.81
1790887321.406 57.05 56.98
1790887321.912 42.86 42.79
1790887322.418 28.04 27.97
1790887322.923 15.82 15.75
1790887323.428 15.04 14.97
1790887323.933 15.04 14.97
1790887324.438 15.04 14.97
1790887324.943 15.04 14.97
1790887325.448 15.04 14.97
1790887325.953 15.04 14.97
1790887326.459 15.04 14.97
1790887326.964 15.04 14.97
1790887327.469 15.04 14.97
1790887327.974 15.04 14.97
1790887328.479 15.06 14.99
1790887328.984 15.06 14.99
1790887329.489 15.06 14.99
1790887329.994 15.06 14.99
1790887330.499 15.06 14.99
1790887331.005 15.30 15.23
1790887331.511 14.91 14.89
1790887332.016 14.68 14.66
1790887332.522 14.57 14.57
1790887333.027 14.21 14.58
1790887333.532 13.83 14.57
1790887334.037 13.74 14.52
1790887334.542 13.62 14.41
1790887335.047 13.56 14.36
1790887335.553 13.55 14.36
1790887336.058 13.41 14.23
1790887336.563 13.07 13.91
1790887337.068 12.79 13.64
1790887337.573 12.63 13.48
1790887338.078 12.28 13.13
1790887338.583 11.89 12.74
1790887339.088 11.67 12.52
1790887339.593 11.51 12.36
1790887340.098 11.78 12.64
1790887340.603 11.59 12.48
1790887341.108 11.45 12.35
1790887341.614 11.30 12.20
1790887342.119 11.06 11.96
1790887342.624 10.87 11.77
1790887343.128 11.55 12.47
1790887343.633 11.55 12.47
1790887344.138 11.55 12.47
1790887344.643 11.55 12.47
1790887345.148 11.55 12.47
1790887345.653 11.55 12.47
1790887346.158 11.55 12.47
1790887346.663 11.55 12.47
1790887347.168 11.55 12.47
1790887347.673 11.55 12.48
1790887348.178 11.53 12.46
1790887348.684 12.13 13.09
1790887349.188 12.13 13.09
1790887349.694 12.13 13.09
1790887350.199 12.13 13.09
1790887350.703 12.13 13.09
1790887351.208 12.13 13.09
1790887351.713 12.13 13.09
1790887352.219 12.14 13.10
1790887352.724 12.11 13.09
1790887353.228 11.88 12.86
1790887353.733 11.72 12.69
1790887354.238 11.69 12.67
1790887354.743 11.55 12.52
1790887355.249 11.42 12.40
1790887355.754 11.40 12.38
1790887356.259 11.37 12.35
1790887356.764 11.55 12.46
1790887357.269 11.57 12.50
1790887357.774 11.57 12.50
1790887358.279 11.45 12.39
1790887358.784 11.07 12.04
1790887359.289 10.59 11.60
1790887359.795 10.29 11.33
1790887360.300 10.07 11.13
1790887360.805 9.52 10.58
1790887361.310 8.68 9.74
1790887361.815 7.78 8.84
1790887362.320 6.96 8.02
1790887362.825 6.35 7.41
1790887363.330 6.14 7.23
1790887363.835 7.60 8.72
1790887364.341 7.07 8.19
1790887364.846 6.19 7.30
1790887365.351 5.23 6.34
1790887365.856 4.46 5.58
1790887366.361 4.88 6.00
1790887366.866 5.34 6.47
1790887367.372 5.36 6.49
1790887367.877 5.36 6.49
1790887368.382 5.34 6.47
1790887368.887 5.34 6.47
1790887369.392 5.86 6.99
1790887369.897 6.44 7.58
1790887370.402 6.92 8.07
1790887370.908 7.07 8.17
1790887371.413 7.07 8.17
1790887371.918 7.08 8.18
1790887372.423 7.04 8.16
1790887372.929 7.04 8.18
1790887373.434 7.10 8.27
1790887373.939 7.10 8.27
1790887374.444 7.10 8.27
1790887374.949 7.06 8.23
1790887375.454 6.92 8.13
1790887375.959 7.16 8.28
1790887376.465 7.16 8.20
1790887376.970 7.37 8.33
1790887377.475 7.36 8.34
1790887377.980 7.36 8.35
1790887378.485 7.38 8.38
1790887378.989 7.39 8.40
1790887379.494 7.39 8.40
1790887379.999 7.30 8.31
1790887380.504 7.09 8.10
1790887381.010 6.80 7.81
1790887381.515 6.55 7.56
1790887382.020 6.39 7.40
1790887382.525 6.64 7.67
1790887383.030 6.58 7.61
1790887383.535 6.48 7.51
1790887384.040 6.21 7.23
1790887384.545 6.77 7.80
1790887385.050 6.71 7.74
1790887385.556 6.71 7.74
1790887386.061 6.70 7.73
1790887386.566 7.33 8.36
1790887387.071 7.33 8.36
1790887387.576 7.32 8.36
1790887388.081 7.31 8.35
1790887388.586 7.31 8.35
1790887389.092 7.31 8.35
1790887389.597 7.31 8.35
1790887390.102 7.27 8.32
1790887390.607 7.25 8.30
1790887391.112 7.38 8.37
1790887391.617 7.23 8.28
1790887392.123 7.21 8.30
1790887392.631 4.30 5.40
1790887393.137 4.22 5.33
1790887393.643 4.20 5.31
1790887394.150 4.20 5.31
1790887394.656 4.20 5.31
1790887395.161 4.20 5.31
1790887395.666 4.20 5.31
1790887396.171 4.20 5.31
1790887396.677 4.21 5.32
1790887397.186 4.22 5.32
1790887397.691 4.23 5.33
1790887398.198 4.23 5.33
1790887398.703 4.23 5.34
1790887399.209 4.23 5.34
1790887399.715 4.23 5.34
1790887400.220 4.24 5.35
1790887400.726 4.24 5.35
1790887401.233 4.25 5.36
1790887401.739 4.26 5.37
1790887402.244 4.27 5.38
1790887402.749 4.29 5.40
1790887403.256 4.30 5.41
1790887403.762 4.30 5.41
1790887404.268 4.31 5.43
1790887404.774 4.31 5.43
1790887405.280 4.31 5.43
1790887405.786 4.31 5.43
1790887406.293 4.32 5.43
1790887406.798 4.32 5.43
1790887407.304 4.32 5.43
1790887407.810 4.32 5.43
1790887408.316 4.31 5.42
1790887408.821 4.32 5.43
1790887409.327 4.33 5.44
1790887409.833 4.33 5.44
1790887410.339 4.33 5.45
1790887410.845 4.33 5.45
1790887411.350 4.34 5.45
1790887411.856 4.34 5.45
1790887412.362 4.36 5.48
1790887412.867 4.36 5.48
1790887413.374 4.38 5.50
1790887413.879 4.38 5.50
1790887414.385 4.39 5.51
1790887414.890 4.39 5.51
1790887415.396 4.39 5.51
1790887415.902 4.40 5.51
1790887416.408 4.40 5.51
1790887416.913 4.40 5.51
1790887417.419 4.40 5.51
1790887417.924 4.40 5.52
1790887418.430 4.40 5.52
1790887418.936 4.41 5.52
1790887419.441 4.43 5.55
1790887419.947 4.43 5.55
1790887420.452 4.43 5.55
1790887420.957 4.43 5.55
1790887421.463 4.44 5.56
1790887421.971 4.44 5.56
1790887422.476 4.46 5.57
1790887422.982 4.48 5.59
1790887423.488 4.48 5.59
1790887423.993 4.48 5.59
1790887424.498 4.48 5.59
1790887425.006 4.48 5.59
1790887425.513 4.48 5.60
1790887426.020 4.49 5.61
1790887426.525 4.49 5.61
1790887427.031 4.49 5.61
1790887427.537 4.49 5.61
1790887428.042 4.50 5.61
1790887428.547 4.51 5.63
1790887429.053 4.51 5.63
1790887429.559 4.51 5.63
1790887430.064 4.51 5.63
1790887430.569 4.51 5.63
1790887431.075 4.52 5.64
1790887431.580 4.52 5.64
1790887432.086 4.52 5.64
1790887432.591 4.56 5.67
1790887433.097 4.57 5.69
1790887433.603 4.59 5.70
1790887434.110 4.59 5.71
1790887434.615 4.60 5.71
1790887435.120 4.60 5.71
1790887435.627 4.60 5.71
1790887436.133 4.60 5.71
1790887436.639 4.60 5.72
1790887437.145 4.61 5.72
1790887437.652 4.61 5.72
1790887438.158 4.64 5.75
1790887438.663 4.64 5.75
1790887439.170 4.64 5.75
1790887439.676 4.64 5.75
1790887440.181 4.64 5.75
1790887440.687 4.64 5.75
1790887441.193 4.64 5.75
1790887441.698 4.64 5.76
1790887442.206 4.64 5.76
1790887442.712 4.65 5.77
1790887443.217 4.65 5.76
1790887443.723 4.65 5.77
1790887444.227 4.68 5.79
1790887444.734 4.68 5.79
1790887445.240 4.68 5.80
1790887445.746 4.68 5.80
1790887446.251 4.68 5.80
1790887446.757 4.68 5.80
1790887447.262 4.69 5.81
1790887447.769 4.69 5.81
1790887448.275 4.70 5.81
1790887448.781 4.70 5.81
1790887449.287 4.70 5.81
1790887449.792 4.70 5.81
1790887450.298 4.70 5.81
1790887450.803 4.70 5.81
1790887451.308 4.70 5.81
1790887451.814 4.70 5.81
1790887452.319 4.71 5.82
1790887452.825 4.71 5.82
1790887453.330 4.71 5.83
1790887453.836 4.71 5.83
1790887454.342 4.74 5.85
1790887454.848 4.74 5.85
1790887455.354 4.74 5.86
1790887455.859 4.75 5.87
1790887456.364 4.75 5.87
1790887456.870 4.75 5.87
1790887457.376 4.76 5.87
1790887457.881 4.76 5.87
1790887458.386 4.80 5.91
1790887458.891 4.79 5.92
1790887459.396 4.70 5.90
1790887459.901 4.71 5.91
1790887460.406 4.71 5.91
1790887460.911 4.71 5.91
1790887461.416 4.71 5.91
1790887461.922 4.71 5.91
1790887462.427 4.72 5.92
1790887462.933 4.72 5.92
1790887463.439 4.72 5.92
1790887463.945 4.72 5.92
1790887464.451 4.72 5.92
1790887464.957 4.62 5.92
1790887465.463 4.50 5.90
1790887465.968 4.41 5.89
1790887466.473 4.41 5.89
1790887466.978 4.41 5.89
1790887467.484 4.39 5.87
1790887467.990 4.39 5.87
1790887468.495 4.46 5.83
1790887469.000 4.45 5.83
1790887469.507 4.33 5.82
1790887470.012 4.34 5.83
1790887470.519 4.34 5.83
1790887471.024 4.34 5.83
1790887471.530 4.34 5.83
1790887472.035 4.34 5.83
1790887472.540 4.34 5.83
1790887473.045 4.35 5.84
1790887473.551 4.34 5.82
1790887474.056 4.34 5.82
1790887474.562 4.34 5.82
1790887475.066 4.35 5.83
1790887475.572 4.34 5.82
1790887476.077 4.35 5.84
1790887476.582 4.34 5.83
1790887477.086 4.33 5.82
1790887477.592 4.33 5.82
1790887478.097 4.34 5.83
1790887478.602 4.32 5.81
1790887479.110 4.33 5.82
1790887479.619 4.33 5.82
1790887480.126 4.33 5.82
1790887480.632 4.34 5.83
1790887481.137 4.35 5.85
1790887481.642 4.35 5.85
1790887482.148 4.36 5.85
1790887482.654 4.36 5.85
1790887483.161 4.36 5.85
1790887483.669 4.33 5.83
1790887484.177 4.33 5.83
1790887484.686 4.34 5.83
1790887485.192 4.34 5.83
1790887485.700 4.35 5.84
1790887486.206 4.35 5.84
1790887486.713 4.34 5.84
1790887487.218 4.35 5.84
1790887487.724 4.35 5.85
1790887488.232 4.36 5.85
1790887488.738 4.35 5.85
1790887489.243 4.38 5.87
1790887489.748 4.37 5.86
1790887490.252 4.39 5.88
1790887490.757 4.38 5.88
1790887491.262 4.38 5.87
1790887491.768 4.38 5.87
1790887492.274 4.37 5.86
1790887492.780 4.38 5.88
1790887493.287 4.36 5.85
1790887493.795 4.35 5.85
1790887494.302 4.37 5.87
1790887494.811 4.36 5.85
1790887495.319 4.35 5.84
1790887495.824 4.35 5.84
1790887496.330 4.33 5.83
1790887496.836 4.33 5.82
1790887497.342 4.33 5.82
1790887497.847 4.32 5.82
1790887498.355 4.36 5.86
1790887498.864 4.35 5.84
1790887499.371 4.35 5.85
1790887499.878 4.35 5.84
1790887500.386 4.35 5.84
1790887500.891 4.38 5.87
1790887501.396 4.40 5.89
1790887501.901 4.40 5.89
1790887502.406 4.39 5.88
1790887502.911 4.39 5.88
1790887503.416 4.39 5.88
1790887503.921 4.38 5.88
1790887504.426 4.37 5.87
1790887504.931 4.37 5.86
1790887505.438 4.36 5.85
1790887505.946 4.36 5.85
1790887506.452 4.34 5.84
1790887506.956 4.34 5.84
1790887507.465 4.36 5.85
1790887507.973 4.39 5.88
1790887508.478 4.38 5.87
1790887508.985 4.41 5.90
1790887509.494 4.42 5.92
1790887510.001 4.42 5.92
1790887510.508 4.41 5.90
1790887511.016 4.42 5.91
1790887511.524 4.42 5.91
1790887512.031 4.43 5.93
1790887512.539 4.44 5.93
1790887513.048 4.43 5.93
1790887513.556 4.42 5.91
1790887514.062 4.42 5.92
1790887514.567 4.43 5.93
1790887515.074 4.43 5.93
1790887515.580 4.43 5.93
1790887516.086 4.43 5.93
1790887516.594 4.45 5.95
1790887517.099 4.45 5.95
1790887517.605 4.46 5.95
1790887518.110 4.44 5.94
1790887518.616 4.46 5.95
1790887519.121 4.47 5.97
1790887519.627 4.49 5.98
1790887520.132 4.50 5.99
1790887520.638 4.50 5.99
1790887521.144 4.50 5.99
1790887521.649 4.50 6.00
1790887522.155 4.51 6.01
1790887522.660 4.53 6.02
1790887523.165 4.51 6.01
1790887523.671 4.51 6.01
1790887524.177 4.51 6.01
1790887524.683 4.51 6.01
1790887525.188 4.52 6.02
1790887525.694 4.53 6.03
1790887526.199 4.53 6.03
1790887526.705 4.53 6.03
1790887527.210 4.53 6.03
1790887527.715 4.53 6.03
1790887528.220 4.55 6.05
1790887528.725 4.55 6.05
1790887529.230 4.56 6.05
1790887529.736 4.57 6.06
1790887530.242 4.59 6.08
1790887530.747 4.59 6.08
1790887531.252 4.60 6.10
1790887531.758 4.60 6.10
1790887532.265 4.61 6.11
1790887532.770 4.61 6.11
1790887533.276 4.67 6.16
1790887533.781 4.67 6.16
1790887534.286 4.67 6.16
1790887534.792 4.67 6.16
1790887535.298 4.67 6.16
1790887535.805 4.67 6.16
1790887536.310 4.68 6.17
1790887536.816 4.68 6.18
1790887537.322 4.68 6.18
1790887537.828 4.68 6.18
1790887538.333 4.70 6.19
1790887538.839 4.70 6.19
1790887539.343 4.70 6.19
1790887539.848 4.71 6.20
1790887540.356 4.72 6.22
1790887540.862 4.72 6.22
1790887541.368 4.74 6.24
1790887541.873 4.74 6.24
1790887542.378 4.74 6.24
1790887542.884 4.76 6.26
1790887543.390 4.78 6.27
1790887543.895 4.78 6.27
1790887544.401 4.79 6.29
1790887544.907 4.79 6.29
1790887545.412 4.79 6.29
1790887545.918 4.80 6.30
1790887546.424 4.80 6.30
1790887546.930 4.80 6.30
1790887547.436 4.80 6.30
1790887547.941 4.81 6.31
1790887548.447 4.82 6.31
1790887548.953 4.82 6.31
1790887549.458 4.82 6.31
1790887549.964 4.82 6.31
1790887550.469 4.82 6.32
1790887550.975 4.82 6.32
1790887551.481 4.85 6.34
1790887551.987 4.85 6.34
1790887552.493 4.85 6.34
1790887552.999 4.90 6.40
1790887553.505 4.90 6.40
1790887554.010 4.90 6.40
1790887554.516 4.90 6.40
1790887555.021 4.91 6.41
1790887555.528 4.92 6.41
1790887556.035 4.92 6.41
1790887556.540 4.92 6.42
1790887557.046 4.92 6.42
1790887557.552 4.92 6.42
1790887558.059 4.93 6.43
1790887558.564 4.93 6.43
1790887559.071 4.93 6.43
1790887559.578 4.93 6.43
1790887560.084 4.94 6.44
1790887560.590 4.94 6.44
1790887561.096 4.94 6.44
1790887561.602 4.94 6.44
1790887562.108 4.95 6.45
1790887562.614 4.96 6.46
1790887563.120 4.99 6.49
1790887563.626 4.99 6.48
1790887564.132 4.99 6.48
1790887564.638 4.99 6.49
1790887565.143 4.99 6.49
1790887565.649 4.99 6.49
1790887566.154 5.00 6.50
1790887566.660 5.01 6.51
1790887567.166 5.01 6.51
1790887567.672 5.02 6.51
1790887568.179 5.02 6.52
1790887568.685 5.04 6.54
1790887569.191 5.05 6.55
1790887569.696 5.05 6.55
1790887570.202 5.05 6.55
1790887570.708 5.06 6.55
1790887571.214 5.06 6.55
1790887571.719 5.06 6.55
1790887572.226 5.06 6.55
1790887572.732 5.06 6.56
1790887573.238 5.10 6.60
1790887573.744 5.10 6.60
1790887574.249 5.12 6.62
1790887574.755 5.07 6.56
1790887575.261 5.08 6.58
1790887575.767 5.08 6.58
1790887576.273 5.08 6.58
1790887576.778 5.08 6.58
1790887577.284 5.10 6.60
1790887577.790 5.10 6.60
1790887578.296 5.12 6.62
1790887578.802 5.06 6.55
1790887579.308 5.06 6.55
1790887579.813 5.06 6.55
1790887580.319 5.06 6.56
1790887580.825 5.06 6.56
1790887581.331 5.07 6.56
1790887581.837 5.07 6.56
1790887582.342 5.07 6.57
1790887582.848 5.07 6.57
1790887583.353 5.10 6.60
1790887583.859 5.10 6.60
1790887584.364 5.11 6.61
1790887584.870 5.11 6.61
1790887585.376 5.13 6.62
1790887585.882 5.12 6.62
1790887586.388 5.12 6.62
1790887586.894 5.12 6.62
1790887587.400 5.13 6.63
1790887587.906 5.13 6.63
1790887588.412 5.13 6.63
1790887588.917 5.12 6.62
1790887589.422 5.12 6.62
1790887589.928 5.12 6.62
1790887590.434 5.13 6.62
1790887590.939 5.12 6.62
1790887591.445 5.13 6.63
1790887591.950 5.07 6.56
1790887592.456 7.60 9.14
1790887592.961 7.75 9.29
1790887593.467 7.86 9.40
1790887593.972 58.44 59.98
1790887594.478 110.22 111.76
1790887594.983 110.22 111.76
1790887595.489 110.22 111.76
1790887595.994 110.24 111.77
1790887596.500 110.24 111.78
1790887597.005 110.24 111.78
1790887597.511 110.24 111.78
1790887598.016 110.24 111.78
1790887598.522 110.25 111.79
1790887599.027 110.25 111.79
1790887599.533 110.25 111.79
1790887600.038 110.25 111.79
1790887600.544 110.25 111.79
1790887601.049 110.26 111.80
1790887601.555 110.26 111.80
1790887602.060 110.26 111.80
1790887602.566 110.26 111.80
1790887603.071 110.27 111.81
1790887603.576 110.29 111.82
1790887604.082 110.29 111.83
1790887604.587 110.29 111.83
1790887605.093 110.31 111.85
1790887605.598 110.32 111.85
1790887606.103 110.33 111.87
1790887606.609 110.33 111.87
1790887607.114 110.33 111.87
1790887607.620 110.33 111.87
1790887608.125 110.33 111.87
1790887608.632 110.33 111.87
1790887609.137 110.33 111.87
1790887609.643 110.34 111.88
1790887610.148 110.34 111.88
1790887610.653 110.34 111.88
1790887611.158 110.34 111.88
1790887611.664 110.34 111.88
1790887612.169 110.34 111.88
1790887612.675 110.32 111.87
1790887613.179 110.33 111.88
1790887613.700 112.67 112.07
1790887614.225 112.68 112.08
1790887614.731 112.68 112.09
1790887615.235 112.68 112.09
1790887615.741 112.68 112.09
1790887616.247 112.69 112.10
1790887616.752 112.69 112.10
1790887617.258 112.69 112.10
1790887617.763 112.69 112.10
1790887618.269 112.69 112.10
1790887618.775 112.70 112.10
1790887619.281 112.70 112.10
1790887619.786 112.70 112.10
1790887620.291 112.69 112.10
1790887620.797 112.69 112.10
1790887621.302 112.69 112.10
1790887621.808 112.69 112.10
1790887622.313 112.70 112.11
1790887622.819 112.70 112.11
1790887623.323 112.71 112.12
1790887623.828 112.71 112.13
1790887624.332 112.71 112.13
1790887624.836 112.69 112.20
1790887625.341 112.68 112.20
1790887625.847 112.55 112.22
1790887626.352 112.45 112.22
1790887626.857 112.42 112.21
1790887627.362 112.40 112.20
1790887627.867 112.31 112.15
1790887628.373 112.13 111.98
1790887628.879 112.13 111.98
1790887629.384 112.13 111.98
1790887629.890 112.14 111.99
1790887630.394 111.86 111.73
1790887630.899 111.46 111.33
1790887631.404 111.28 111.16
1790887631.909 110.90 110.77
1790887632.414 110.57 110.46
1790887632.920 102.69 102.58
1790887633.425 87.26 87.15
1790887633.931 70.80 70.69
1790887634.436 54.13 54.02
1790887634.941 37.19 37.08
1790887635.447 20.47 20.36
1790887635.953 13.48 13.37
1790887636.459 13.48 13.37
1790887636.964 13.48 13.36
1790887637.469 13.48 13.36
1790887637.974 13.48 13.36
1790887638.479 13.47 13.36
1790887638.985 13.47 13.36
1790887639.490 13.47 13.36
1790887639.995 13.48 13.37
1790887640.501 13.48 13.37
1790887641.006 13.48 13.37
1790887641.512 13.48 13.37
1790887642.017 13.48 13.37
1790887642.522 13.48 13.37
1790887643.027 13.48 13.37
1790887643.532 13.50 13.39
1790887644.037 13.78 13.72
1790887644.542 13.03 12.97
1790887645.047 13.12 13.06
1790887645.552 13.11 13.06
1790887646.057 13.07 13.15
1790887646.563 12.66 13.15
1790887647.068 12.43 13.15
1790887647.573 12.23 12.99
1790887648.078 11.84 12.72
1790887648.583 10.33 11.22
1790887649.089 8.80 9.69
1790887649.594 8.75 9.64
1790887650.099 8.76 9.65
1790887650.604 8.76 9.65
1790887651.109 8.76 9.65
1790887651.614 8.77 9.66
1790887652.120 8.77 9.66
1790887652.626 8.77 9.66
1790887653.131 8.77 9.66
1790887653.638 8.75 9.64
1790887654.144 8.75 9.64
1790887654.649 8.75 9.64
1790887655.155 8.75 9.64
1790887655.660 8.75 9.64
1790887656.167 8.75 9.64
1790887656.672 8.75 9.64
1790887657.178 8.75 9.64
1790887657.684 8.75 9.64
1790887658.190 8.75 9.65
1790887658.695 8.75 9.65
1790887659.200 8.75 9.64
1790887659.708 8.75 9.64
1790887660.214 8.75 9.64
1790887660.720 8.75 9.64
1790887661.226 8.76 9.65
1790887661.731 8.76 9.65
1790887662.236 8.77 9.66
1790887662.743 8.77 9.66
1790887663.249 8.77 9.66
1790887663.755 8.78 9.67
1790887664.261 8.78 9.67
1790887664.768 8.78 9.67
1790887665.273 8.78 9.67
1790887665.779 8.78 9.67
1790887666.286 8.78 9.67
1790887666.792 8.78 9.67
1790887667.298 8.79 9.68
1790887667.804 8.79 9.68
1790887668.309 8.78 9.67
1790887668.816 8.79 9.68
1790887669.322 8.79 9.68
1790887669.828 8.79 9.68
1790887670.333 8.79 9.68
1790887670.838 8.79 9.68
1790887671.344 8.79 9.68
1790887671.850 8.79 9.68
1790887672.357 8.79 9.68
1790887672.862 8.79 9.68
1790887673.368 8.79 9.68
1790887673.873 8.78 9.67
1790887674.380 8.78 9.67
1790887674.886 8.78 9.67
1790887675.392 8.78 9.67
1790887675.896 8.78 9.67
1790887676.402 8.78 9.67
1790887676.907 8.78 9.67
1790887677.413 8.78 9.67
1790887677.920 8.78 9.67
1790887678.426 8.79 9.68
1790887678.932 8.80 9.69
1790887679.437 8.80 9.70
1790887679.942 8.80 9.70
1790887680.447 8.80 9.70
1790887680.954 8.81 9.70
1790887681.460 8.80 9.70
1790887681.966 8.81 9.70
1790887682.473 8.81 9.70
1790887682.978 8.81 9.70
1790887683.484 8.80 9.69
1790887683.990 8.81 9.70
1790887684.497 8.81 9.70
1790887685.002 8.81 9.70
1790887685.509 8.81 9.70
1790887686.014 8.81 9.71
1790887686.518 8.81 9.71
1790887687.023 8.81 9.70
1790887687.529 8.82 9.71
1790887688.035 8.82 9.71
1790887688.540 8.82 9.71
1790887689.047 8.82 9.71
1790887689.552 8.83 9.72
1790887690.057 8.84 9.73
1790887690.563 8.84 9.73
1790887691.068 8.84 9.73
1790887691.575 8.84 9.73
1790887692.081 8.85 9.74
1790887692.586 8.85 9.74
1790887693.092 8.85 9.74
1790887693.598 8.86 9.76
1790887694.104 8.87 9.76
1790887694.610 8.88 9.77
1790887695.117 8.88 9.77
1790887695.622 8.88 9.77
1790887696.127 8.88 9.77
1790887696.632 8.88 9.77
1790887697.138 8.88 9.77
1790887697.645 8.88 9.77
1790887698.150 8.89 9.78
1790887698.657 8.90 9.79
1790887699.163 8.90 9.79
1790887699.670 8.90 9.79
1790887700.177 8.91 9.80
1790887700.683 8.91 9.80
1790887701.188 8.91 9.80
1790887701.693 8.92 9.81
1790887702.199 8.92 9.81
1790887702.705 8.92 9.81
1790887703.210 8.92 9.81
1790887703.716 8.92 9.81
1790887704.223 8.92 9.81
1790887704.728 8.92 9.81
1790887705.233 8.92 9.81
1790887705.739 8.93 9.82
1790887706.244 8.93 9.82
1790887706.751 8.93 9.82
1790887707.257 8.92 9.82
1790887707.764 8.92 9.82
1790887708.269 8.93 9.83
1790887708.775 8.93 9.83
1790887709.280 8.93 9.83
1790887709.786 8.94 9.83
1790887710.293 8.94 9.83
1790887710.799 8.94 9.83
1790887711.305 8.94 9.83
1790887711.810 8.95 9.84
1790887712.317 8.96 9.85
1790887712.824 8.97 9.86
1790887713.330 8.99 9.89
1790887713.835 8.99 9.89
1790887714.342 8.99 9.89
1790887714.847 8.99 9.89
1790887715.353 8.99 9.89
1790887715.860 8.99 9.89
1790887716.365 9.00 9.90
1790887716.870 9.00 9.90
1790887717.376 9.00 9.90
1790887717.882 9.00 9.90
1790887718.388 8.99 9.88
1790887718.894 8.99 9.88
1790887719.402 8.99 9.88
1790887719.907 8.97 9.90
1790887720.412 10.75 11.68
1790887720.917 10.89 11.82
1790887721.422 10.97 11.90
1790887721.930 112.95 113.88
1790887722.436 112.93 113.87
1790887722.940 112.93 113.88
1790887723.445 112.94 113.89
1790887723.966 114.56 113.97
1790887724.487 114.55 113.97
1790887724.992 114.55 113.97
1790887725.498 114.55 113.97
1790887726.004 114.55 113.97
1790887726.510 114.55 113.97
1790887727.015 114.56 113.98
1790887727.521 114.56 113.98
1790887728.026 114.56 113.98
1790887728.532 114.55 113.98
1790887729.037 114.55 113.98
1790887729.542 114.55 113.98
1790887730.048 114.55 113.98
1790887730.553 114.56 113.98
1790887731.059 114.56 113.98
1790887731.564 114.56 113.98
1790887732.070 114.56 113.98
1790887732.575 114.56 113.98
1790887733.081 114.56 113.98
1790887733.586 114.58 114.00
1790887734.091 114.58 114.00
1790887734.596 114.58 114.01
1790887735.101 114.49 114.01
1790887735.606 114.47 114.00
1790887736.111 114.27 113.94
1790887736.615 114.10 113.87
1790887737.120 114.06 113.84
1790887737.625 114.04 113.84
1790887738.131 113.94 113.78
1790887738.637 113.78 113.63
1790887739.141 113.78 113.63
1790887739.647 113.78 113.63
1790887740.151 113.38 113.25
1790887740.656 112.63 112.51
1790887741.161 112.20 112.08
1790887741.666 111.64 111.51
1790887742.171 111.54 111.43
1790887742.677 97.36 97.25
1790887743.182 82.60 82.48
1790887743.688 68.22 68.11
1790887744.194 53.08 52.97
1790887744.700 38.38 38.27
1790887745.206 23.21 23.10
1790887745.711 14.69 14.58
1790887746.216 14.27 14.16
1790887746.721 14.27 14.16
1790887747.226 14.27 14.16
1790887747.731 14.27 14.16
1790887748.236 14.26 14.15
1790887748.741 14.26 14.15
1790887749.246 14.27 14.16
1790887749.751 14.27 14.16
1790887750.257 14.27 14.16
1790887750.762 14.27 14.16
1790887751.267 14.27 14.16
1790887751.771 14.27 14.16
1790887752.277 14.27 14.16
1790887752.782 14.26 14.15
1790887753.287 14.25 14.14
1790887753.793 14.59 14.49
1790887754.297 13.91 13.85
1790887754.803 13.88 13.82
1790887755.307 14.03 13.99
1790887755.812 13.70 13.99
1790887756.317 13.30 13.99
1790887756.823 12.96 13.75
1790887757.328 12.85 13.68
1790887757.834 9.96 10.80
1790887758.340 9.92 10.77
1790887758.846 9.89 10.74
1790887759.352 9.89 10.74
1790887759.859 9.90 10.75
1790887760.364 9.90 10.75
1790887760.869 9.90 10.75
1790887761.375 9.90 10.75
1790887761.881 9.90 10.75
1790887762.387 9.90 10.75
1790887762.893 9.90 10.75
1790887763.398 9.91 10.75
1790887763.904 9.91 10.76
1790887764.410 9.91 10.76
1790887764.915 9.92 10.77
1790887765.421 9.92 10.77
1790887765.926 9.92 10.77
1790887766.432 9.92 10.77
1790887766.937 9.92 10.78
1790887767.442 9.92 10.78
1790887767.948 9.92 10.78
1790887768.453 9.90 10.76
1790887768.958 9.89 10.79
1790887769.464 11.71 12.61
1790887769.969 11.85 12.75
1790887770.475 13.28 14.18
1790887770.981 113.92 114.82
1790887771.486 113.92 114.82
1790887771.995 115.48 114.89
1790887772.517 115.48 114.89
1790887773.023 115.48 114.89
1790887773.528 115.48 114.89
1790887774.033 115.48 114.89
1790887774.538 115.48 114.89
1790887775.044 115.46 114.88
1790887775.549 115.46 114.88
1790887776.055 115.46 114.88
1790887776.559 115.46 114.88
1790887777.065 115.46 114.88
1790887777.571 115.46 114.88
1790887778.076 115.46 114.88
1790887778.582 115.45 114.87
1790887779.088 115.45 114.87
1790887779.592 115.45 114.87
1790887780.098 115.45 114.87
1790887780.604 115.46 114.88
1790887781.109 115.46 114.88
1790887781.615 115.46 114.88
1790887782.121 115.46 114.88
1790887782.625 115.45 114.88
1790887783.130 115.42 114.85
1790887783.634 115.33 114.84
1790887784.140 115.31 114.84
1790887784.645 115.09 114.77
1790887785.150 114.87 114.64
1790887785.655 114.82 114.61
1790887786.161 114.76 114.56
1790887786.667 114.46 114.31
1790887787.172 114.46 114.31
1790887787.678 114.46 114.31
1790887788.184 114.45 114.30
1790887788.689 114.06 113.92
1790887789.193 113.33 113.20
1790887789.698 113.02 112.89
1790887790.203 112.49 112.36
1790887790.708 112.41 112.29
1790887791.213 96.69 96.57
1790887791.719 79.95 79.84
1790887792.225 63.18 63.06
1790887792.730 46.31 46.19
1790887793.236 31.01 30.89
1790887793.741 15.80 15.69
1790887794.247 14.89 14.78
1790887794.752 14.89 14.78
1790887795.257 14.89 14.78
1790887795.762 14.89 14.78
1790887796.267 14.89 14.77
1790887796.772 14.89 14.77
1790887797.278 14.89 14.77
1790887797.783 14.89 14.77
1790887798.288 14.87 14.76
1790887798.794 14.87 14.76
1790887799.300 14.87 14.76
1790887799.804 14.87 14.76
1790887800.310 14.88 14.76
1790887800.816 14.88 14.76
1790887801.321 14.88 14.76
1790887801.826 14.91 14.80
1790887802.332 14.76 14.69
1790887802.836 14.62 14.56
1790887803.341 14.62 14.56
1790887803.845 14.19 14.15
1790887804.351 14.16 14.39
1790887804.856 13.76 14.39
1790887805.361 13.51 14.23
1790887805.866 13.07 13.90
1790887806.372 11.82 12.66
1790887806.878 9.94 10.79
1790887807.383 9.89 10.74
1790887807.888 9.89 10.74
1790887808.395 9.89 10.74
1790887808.901 9.90 10.74
1790887809.407 9.90 10.74
1790887809.913 9.90 10.74
1790887810.419 9.90 10.74
1790887810.927 9.91 10.75
1790887811.433 9.91 10.75
1790887811.938 9.91 10.75
1790887812.444 9.91 10.75
1790887812.949 9.91 10.75
1790887813.457 9.89 10.74
1790887813.963 9.89 10.74
1790887814.469 9.89 10.74
1790887814.975 9.89 10.74
1790887815.482 9.89 10.73
1790887815.987 9.87 10.72
1790887816.493 9.87 10.72
1790887816.999 9.87 10.72
1790887817.505 9.87 10.72
1790887818.010 11.27 12.17
1790887818.515 11.39 12.29
1790887819.020 11.49 12.39
1790887819.525 43.35 44.25
1790887820.030 113.85 114.74
1790887820.536 113.85 114.74
1790887821.042 113.85 114.74
1790887821.547 113.86 114.75
1790887822.053 113.86 114.75
1790887822.558 113.86 114.75
1790887823.064 113.86 114.75
1790887823.569 113.86 114.75
1790887824.075 113.86 114.75
1790887824.581 113.86 114.75
1790887825.085 113.84 114.73
1790887825.591 113.84 114.73
1790887826.097 113.84 114.73
1790887826.602 113.84 114.73
1790887827.108 113.84 114.73
1790887827.613 113.84 114.73
1790887828.118 113.83 114.73
1790887828.624 113.83 114.73
1790887829.129 113.83 114.73
1790887829.634 113.83 114.73
1790887830.140 113.84 114.74
1790887830.645 113.84 114.74
1790887831.151 113.84 114.74
1790887831.657 113.84 114.74
1790887832.162 113.85 114.74
1790887832.668 113.85 114.74
1790887833.173 113.83 114.73
1790887833.679 113.83 114.73
1790887834.184 113.83 114.73
1790887834.690 113.83 114.73
1790887835.195 113.83 114.72
1790887835.700 113.83 114.72
1790887836.206 113.83 114.72
1790887836.711 113.83 114.72
1790887837.217 113.83 114.72
1790887837.722 113.83 114.72
1790887838.227 113.82 114.72
1790887838.733 113.82 114.72
1790887839.238 113.82 114.72
1790887839.744 113.82 114.73
1790887840.248 113.81 114.73
1790887840.753 113.81 114.73
1790887841.258 113.80 114.72
1790887841.762 113.79 114.71
1790887842.267 113.79 114.71
1790887842.773 113.80 114.71
1790887843.278 113.78 114.70
1790887843.784 113.78 114.70
1790887844.289 113.79 114.71
1790887844.795 113.79 114.70
1790887845.301 113.78 114.70
1790887845.806 113.78 114.70
1790887846.312 113.78 114.70
1790887846.817 113.78 114.70
1790887847.323 113.78 114.70
1790887847.828 113.78 114.70
1790887848.332 113.79 114.71
1790887848.838 113.79 114.71
1790887849.343 113.79 114.71
1790887849.847 113.79 114.71
1790887850.353 113.79 114.70
1790887850.859 113.79 114.70
1790887851.364 113.79 114.71
1790887851.870 113.79 114.71
1790887852.375 113.79 114.71
1790887852.881 113.79 114.71
1790887853.386 113.81 114.73
1790887853.892 113.81 114.73
1790887854.398 113.81 114.73
1790887854.903 113.81 114.72
1790887855.409 113.81 114.72
1790887855.915 113.81 114.73
1790887856.420 113.81 114.73
1790887856.926 113.81 114.73
1790887857.431 113.81 114.73
1790887857.937 113.81 114.73
1790887858.443 113.83 114.75
1790887858.949 113.83 114.75
1790887859.454 113.83 114.75
1790887859.960 113.83 114.75
1790887860.465 113.83 114.75
1790887860.970 113.83 114.75
1790887861.476 113.83 114.75
1790887861.981 113.83 114.75
1790887862.487 113.83 114.75
1790887862.992 113.83 114.75
1790887863.498 113.85 114.76
1790887864.003 113.85 114.76
1790887864.509 113.86 114.77
1790887865.015 113.86 114.77
1790887865.520 113.84 114.76
1790887866.026 113.84 114.76
1790887866.531 113.84 114.76
1790887867.036 113.84 114.76
1790887867.542 113.84 114.76
1790887868.047 113.84 114.76
1790887868.551 113.86 114.78
1790887869.057 113.86 114.78
1790887869.562 113.86 114.78
1790887870.068 113.86 114.78
1790887870.573 113.86 114.78
1790887871.079 113.86 114.78
1790887871.584 113.86 114.78
1790887872.090 113.86 114.78
1790887872.595 113.86 114.78
1790887873.100 113.86 114.78
1790887873.606 113.88 114.79
1790887874.112 113.88 114.79
1790887874.618 113.88 114.79
1790887875.123 113.88 114.79
1790887875.629 113.88 114.79
1790887876.135 113.88 114.79
1790887876.641 113.88 114.79
1790887877.146 113.88 114.79
1790887877.652 113.88 114.79
1790887878.157 113.86 114.78
1790887878.663 113.86 114.78
1790887879.169 113.86 114.78
1790887879.674 113.86 114.78
1790887880.180 113.86 114.78
1790887880.685 113.86 114.78
1790887881.191 113.86 114.78
1790887881.696 113.86 114.78
1790887882.201 113.86 114.78
1790887882.707 113.86 114.78
1790887883.213 113.86 114.78
1790887883.718 113.86 114.78
1790887884.224 113.86 114.78
1790887884.729 113.86 114.78
1790887885.234 113.86 114.78
1790887885.740 113.84 114.76
1790887886.246 113.85 114.77
1790887886.751 113.85 114.77
1790887887.257 113.85 114.77
1790887887.762 113.85 114.77
1790887888.267 113.84 114.75
1790887888.772 113.84 114.75
1790887889.277 113.84 114.75
1790887889.783 113.84 114.75
1790887890.288 113.84 114.75
1790887890.794 113.84 114.75
1790887891.299 113.84 114.75
1790887891.804 113.84 114.75
1790887892.309 113.84 114.76
1790887892.814 113.84 114.76
1790887893.320 113.82 114.74
1790887893.825 113.82 114.74
1790887894.331 113.82 114.74
1790887894.836 113.82 114.74
1790887895.342 113.82 114.74
1790887895.848 113.82 114.74
1790887896.353 113.82 114.74
1790887896.859 113.82 114.74
1790887897.365 113.83 114.75
1790887897.870 113.83 114.75
1790887898.376 113.84 114.76
1790887898.882 113.84 114.76
1790887899.388 113.84 114.76
1790887899.893 113.84 114.75
1790887900.398 113.84 114.76
1790887900.904 113.84 114.75
1790887901.409 113.84 114.75
1790887901.914 113.84 114.75
1790887902.420 113.84 114.75
1790887902.925 113.84 114.75
1790887903.431 113.85 114.77
1790887903.936 113.85 114.77
1790887904.442 113.85 114.77
1790887904.948 113.85 114.77
1790887905.453 113.85 114.77
1790887905.959 113.85 114.77
1790887906.465 113.85 114.77
1790887906.970 113.85 114.77
1790887907.476 113.85 114.77
1790887907.982 113.85 114.77
1790887908.486 113.86 114.78
1790887908.992 113.86 114.78
1790887909.498 113.86 114.78
1790887910.003 113.86 114.78
1790887910.509 113.86 114.78
1790887911.015 113.86 114.78
1790887911.520 113.86 114.78
1790887912.024 113.86 114.78
1790887912.529 113.86 114.78
1790887913.035 113.87 114.79
1790887913.541 113.89 114.81
1790887914.046 113.89 114.81
1790887914.551 113.89 114.81
1790887915.057 113.89 114.81
1790887915.562 113.89 114.81
1790887916.068 113.90 114.82
1790887916.574 113.90 114.82
1790887917.080 113.90 114.82
1790887917.585 113.90 114.82
1790887918.089 113.90 114.82
1790887918.595 113.90 114.81
1790887919.101 113.90 114.82
1790887919.607 113.90 114.82
1790887920.112 113.90 114.82
1790887920.618 113.91 114.82
1790887921.123 113.91 114.82
1790887921.629 113.91 114.82
1790887922.134 113.91 114.82
1790887922.640 113.91 114.82
1790887923.145 113.91 114.82
1790887923.651 113.93 114.85
1790887924.156 113.93 114.85
1790887924.662 113.93 114.85
1790887925.168 113.93 114.85
1790887925.672 113.91 114.83
1790887926.178 113.92 114.84
1790887926.683 113.92 114.84
1790887927.189 113.92 114.84
1790887927.694 113.92 114.84
1790887928.199 113.91 114.83
1790887928.704 113.91 114.83
1790887929.209 113.91 114.83
1790887929.715 113.91 114.83
1790887930.220 113.91 114.83
1790887930.726 113.91 114.83
1790887931.231 113.92 114.84
1790887931.737 113.92 114.84
1790887932.243 113.92 114.84
1790887932.748 113.92 114.84
1790887933.254 113.93 114.85
1790887933.759 113.93 114.85
1790887934.264 113.93 114.85
1790887934.770 113.93 114.85
1790887935.276 113.93 114.85
1790887935.780 113.94 114.86
1790887936.286 113.95 114.86
1790887936.791 113.95 114.86
1790887937.297 113.95 114.86
1790887937.803 113.95 114.86
1790887938.308 113.94 114.86
1790887938.814 113.94 114.86
1790887939.320 113.94 114.86
1790887939.825 113.94 114.86
1790887940.331 113.94 114.86
1790887940.837 113.94 114.86
1790887941.343 113.94 114.86
1790887941.848 113.94 114.86
1790887942.354 113.95 114.87
1790887942.859 113.95 114.87
1790887943.365 113.95 114.86
1790887943.871 113.95 114.86
1790887944.376 113.95 114.87
1790887944.881 113.95 114.87
1790887945.387 113.95 114.87
1790887945.892 113.95 114.87
1790887946.397 113.95 114.87
1790887946.903 113.95 114.87
1790887947.408 113.95 114.87
1790887947.913 113.95 114.87
1790887948.419 113.95 114.87
1790887948.925 113.95 114.87
1790887949.430 113.95 114.87
1790887949.936 113.95 114.87
1790887950.441 113.96 114.87
1790887950.947 113.96 114.87
1790887951.452 113.96 114.87
1790887951.957 113.96 114.87
1790887952.463 113.96 114.87
1790887952.967 113.96 114.87
1790887953.473 113.98 114.90
1790887953.978 113.98 114.90
1790887954.484 113.98 114.90
1790887954.990 113.98 114.90
1790887955.496 113.98 114.90
1790887956.001 113.98 114.90
1790887956.507 113.98 114.90
1790887957.012 113.98 114.90
1790887957.518 113.98 114.90
1790887958.023 113.98 114.90
1790887958.528 114.00 114.91
1790887959.034 114.00 114.91
1790887959.540 114.00 114.92
1790887960.045 114.00 114.92
1790887960.551 114.00 114.92
1790887961.057 114.00 114.92
1790887961.562 114.00 114.92
1790887962.067 114.00 114.92
1790887962.573 114.00 114.92
1790887963.078 114.00 114.92
1790887963.584 114.00 114.92
1790887964.089 114.00 114.92
1790887964.595 114.01 114.92
1790887965.101 114.01 114.92
1790887965.606 114.01 114.93
1790887966.112 114.03 114.95
1790887966.618 114.03 114.95
1790887967.123 114.03 114.95
1790887967.629 114.03 114.95
1790887968.133 114.02 114.93
1790887968.640 114.03 114.95
1790887969.146 114.03 114.95
1790887969.651 114.03 114.95
1790887970.156 114.03 114.95
1790887970.662 114.03 114.95
1790887971.167 114.03 114.95
1790887971.673 114.03 114.95
1790887972.178 114.04 114.95
1790887972.683 114.04 114.95
1790887973.188 114.04 114.96
1790887973.694 114.04 114.96
1790887974.199 114.04 114.96
1790887974.705 114.04 114.96
1790887975.211 114.04 114.96
1790887975.717 114.05 114.96
1790887976.222 114.05 114.96
1790887976.728 114.05 114.96
1790887977.234 114.05 114.96
1790887977.740 114.05 114.96
1790887978.245 114.05 114.97
1790887978.751 114.05 114.97
1790887979.257 114.05 114.97
1790887979.762 114.05 114.97
1790887980.267 114.05 114.97
1790887980.773 114.05 114.97
1790887981.278 114.05 114.97
1790887981.784 114.05 114.97
1790887982.290 114.05 114.97
1790887982.795 114.05 114.97
1790887983.301 114.07 114.99
1790887983.806 114.07 114.99
1790887984.311 114.07 114.99
1790887984.816 114.07 114.99
1790887985.322 114.07 114.99
1790887985.827 114.07 114.99
1790887986.332 114.09 115.00
1790887986.838 114.09 115.01
1790887987.343 114.09 115.01
1790887987.848 114.09 115.01
1790887988.353 114.09 115.01
1790887988.858 114.09 115.01
1790887989.363 114.09 115.01
1790887989.869 114.09 115.01
1790887990.374 114.09 115.01
1790887990.879 114.09 115.01
1790887991.384 114.09 115.01
1790887991.890 114.09 115.01
1790887992.395 114.09 115.01
1790887992.900 114.09 115.00
1790887993.405 114.10 115.02
1790887993.911 114.10 115.02
1790887994.415 114.10 115.02
1790887994.921 114.10 115.02
1790887995.426 114.10 115.02
1790887995.932 114.10 115.02
1790887996.437 114.08 115.00
1790887996.943 114.08 115.00
1790887997.448 114.09 115.01
1790887997.954 114.09 115.01
1790887998.459 114.09 115.01
1790887998.965 114.09 115.01
1790887999.471 114.10 115.01
1790887999.976 114.10 115.01
1790888000.482 114.10 115.01
1790888000.988 114.10 115.01
1790888001.493 114.10 115.01
1790888001.999 114.10 115.01
1790888002.504 114.10 115.01
1790888003.010 114.10 115.01
1790888003.516 114.10 115.02
1790888004.021 114.10 115.02
1790888004.527 114.10 115.02
1790888005.033 114.10 115.02
1790888005.538 114.10 115.02
1790888006.044 114.10 115.02
1790888006.550 114.10 115.02
1790888007.056 114.10 115.02
1790888007.561 114.10 115.02
1790888008.066 114.10 115.02
1790888008.572 114.11 115.03
1790888009.078 114.11 115.03
1790888009.583 114.11 115.03
1790888010.088 114.11 115.03
1790888010.594 114.11 115.03
1790888011.099 114.12 115.03
1790888011.605 114.12 115.03
1790888012.111 114.12 115.03
1790888012.616 114.12 115.03
1790888013.121 114.12 115.03
1790888013.627 114.12 115.03
1790888014.133 114.12 115.03
1790888014.638 114.12 115.03
1790888015.144 114.12 115.04
1790888015.650 114.12 115.04
1790888016.155 114.12 115.04
1790888016.661 114.11 115.03
1790888017.166 114.11 115.03
1790888017.672 114.11 115.03
1790888018.177 114.11 115.03
1790888018.683 114.12 115.03
1790888019.189 114.12 115.03
1790888019.695 114.12 115.03
1790888020.200 114.13 115.05
1790888020.706 114.13 115.05
1790888021.211 114.13 115.05
1790888021.716 114.13 115.05
1790888022.222 114.13 115.05
1790888022.727 114.13 115.05
1790888023.233 114.13 115.05
1790888023.738 114.13 115.05
1790888024.244 114.13 115.05
1790888024.750 114.13 115.05
1790888025.256 114.13 115.05
1790888025.761 114.13 115.05
1790888026.267 114.13 115.05
1790888026.773 114.15 115.06
1790888027.278 114.15 115.06
1790888027.784 114.15 115.06
1790888028.290 114.15 115.06
1790888028.796 114.15 115.06
1790888029.301 114.15 115.06
1790888029.806 114.15 115.06
1790888030.312 114.14 115.06
1790888030.818 114.14 115.06
1790888031.323 114.15 115.07
1790888031.828 114.15 115.07
1790888032.334 114.15 115.07
1790888032.839 114.15 115.07
1790888033.344 114.16 115.07
1790888033.850 114.16 115.08
1790888034.356 114.16 115.08
1790888034.862 114.16 115.08
1790888035.367 114.16 115.08
1790888035.872 114.16 115.07
1790888036.378 114.16 115.08
1790888036.883 114.16 115.08
1790888037.389 114.16 115.08
1790888037.894 114.16 115.08
1790888038.401 114.18 115.10
1790888038.906 114.18 115.10
1790888039.412 114.18 115.10
1790888039.918 114.18 115.10
1790888040.423 114.18 115.10
1790888040.929 114.18 115.10
1790888041.434 114.18 115.10
1790888041.940 114.18 115.10
1790888042.445 114.19 115.11
1790888042.951 114.19 115.11
1790888043.457 114.20 115.12
1790888043.962 114.20 115.12
1790888044.467 114.20 115.12
1790888044.973 114.20 115.12
1790888045.479 114.20 115.12
1790888045.984 114.20 115.12
1790888046.490 114.20 115.12
1790888046.996 114.20 115.12
1790888047.501 114.20 115.12
1790888048.006 114.20 115.12
1790888048.512 114.19 115.11
1790888049.018 114.19 115.11
1790888049.523 114.19 115.11
1790888050.028 114.19 115.11
1790888050.534 114.20 115.12
1790888051.039 114.20 115.12
1790888051.544 114.20 115.12
1790888052.050 114.20 115.12
1790888052.555 114.20 115.12
1790888053.061 114.20 115.12
1790888053.567 114.21 115.13
1790888054.072 114.21 115.13
1790888054.577 114.21 115.13
1790888055.083 114.21 115.13
1790888055.588 114.21 115.13
1790888056.094 114.21 115.13
1790888056.598 114.22 115.14
1790888057.104 114.22 115.14
1790888057.610 114.22 115.14
1790888058.115 114.20 115.12
1790888058.621 114.22 115.14
1790888059.126 114.22 115.14
1790888059.632 114.22 115.14
1790888060.138 114.22 115.14
1790888060.644 114.22 115.14
1790888061.149 114.22 115.14
1790888061.655 114.22 115.14
1790888062.161 114.22 115.14
1790888062.666 114.22 115.14
1790888063.172 114.21 115.13
1790888063.677 114.22 115.13
1790888064.183 114.22 115.14
1790888064.689 114.22 115.14
1790888065.195 114.22 115.14
1790888065.700 114.22 115.14
1790888066.206 114.22 115.14
1790888066.710 114.20 115.12
1790888067.216 114.20 115.12
1790888067.721 114.20 115.12
1790888068.226 114.21 115.13
1790888068.731 114.21 115.13
1790888069.237 114.21 115.13
1790888069.742 114.21 115.13
1790888070.248 114.21 115.13
1790888070.753 114.21 115.13
1790888071.259 114.21 115.13
1790888071.765 114.21 115.13
1790888072.270 114.21 115.13
1790888072.776 114.21 115.13
1790888073.281 114.21 115.13
1790888073.787 114.21 115.13
1790888074.293 114.22 115.14
1790888074.799 114.22 115.14
1790888075.305 114.22 115.14
1790888075.810 114.22 115.14
1790888076.316 114.22 115.14
1790888076.822 114.23 115.15
1790888077.327 114.23 115.15
1790888077.832 114.23 115.15
1790888078.337 114.23 115.15
1790888078.843 114.23 115.15
1790888079.349 114.23 115.15
1790888079.854 114.23 115.15
1790888080.360 114.23 115.15
1790888080.865 114.23 115.15
1790888081.371 114.23 115.15
1790888081.876 114.23 115.15
1790888082.381 114.23 115.15
1790888082.886 114.23 115.15
1790888083.392 114.23 115.15
1790888083.898 114.23 115.15
1790888084.403 114.23 115.15
1790888084.909 114.23 115.15
1790888085.414 114.24 115.16
1790888085.920 114.24 115.16
1790888086.425 114.24 115.16
1790888086.931 114.24 115.16
1790888087.436 114.24 115.16
1790888087.942 114.24 115.16
1790888088.448 114.24 115.16
1790888088.953 114.24 115.16
1790888089.458 114.24 115.16
1790888089.964 114.24 115.16
1790888090.469 114.24 115.16
1790888090.975 114.24 115.16
1790888091.480 114.24 115.16
1790888091.985 114.24 115.16
1790888092.490 114.24 115.16
1790888092.995 114.24 115.16
1790888093.501 114.23 115.16
1790888094.006 114.23 115.16
1790888094.512 114.23 115.16
1790888095.017 114.23 115.16
1790888095.523 114.23 115.16
1790888096.028 114.24 115.16
1790888096.534 114.24 115.16
1790888097.040 114.27 115.19
1790888097.545 114.27 115.19
1790888098.050 114.27 115.19
1790888098.556 114.27 115.20
1790888099.061 114.27 115.19
1790888099.567 114.27 115.20
1790888100.072 114.27 115.19
1790888100.577 114.27 115.19
1790888101.083 114.27 115.19
1790888101.589 114.27 115.19
1790888102.095 114.27 115.20
1790888102.600 114.27 115.20
1790888103.106 114.27 115.20
1790888103.611 114.27 115.19
1790888104.118 114.27 115.19
1790888104.623 114.27 115.19
1790888105.129 114.27 115.20
1790888105.634 114.27 115.20
1790888106.140 114.27 115.20
1790888106.645 114.27 115.20
1790888107.150 114.29 115.21
1790888107.656 114.29 115.21
1790888108.161 114.29 115.21
1790888108.667 114.31 115.23
1790888109.173 114.31 115.23
1790888109.679 114.31 115.23
1790888110.184 114.31 115.23
1790888110.690 114.31 115.23
1790888111.196 114.31 115.23
1790888111.701 114.31 115.23
1790888112.207 114.31 115.23
1790888112.712 114.31 115.23
1790888113.217 114.30 115.22
1790888113.723 114.30 115.22
1790888114.229 114.30 115.22
1790888114.734 114.30 115.22
1790888115.240 114.30 115.22
1790888115.745 114.30 115.22
1790888116.251 114.30 115.22
1790888116.756 114.30 115.22
1790888117.262 114.32 115.24
1790888117.768 114.32 115.24
1790888118.273 114.31 115.24
1790888118.779 114.31 115.24
1790888119.285 114.31 115.24
1790888119.790 114.31 115.24
1790888120.296 114.31 115.24
1790888120.802 114.31 115.24
1790888121.307 114.31 115.24
1790888121.813 114.31 115.24
1790888122.318 114.32 115.24
1790888122.824 114.32 115.24
1790888123.330 114.33 115.25
1790888123.835 114.33 115.25
1790888124.341 114.33 115.25
1790888124.847 114.33 115.25
1790888125.353 114.33 115.25
1790888125.858 114.33 115.25
1790888126.363 114.33 115.25
1790888126.869 114.33 115.25
1790888127.374 114.33 115.25
1790888127.879 114.33 115.25
1790888128.385 114.32 115.24
1790888128.891 114.33 115.25
1790888129.397 114.33 115.25
1790888129.902 114.33 115.25
1790888130.407 114.33 115.25
1790888130.913 114.33 115.25
1790888131.418 114.33 115.25
1790888131.923 114.33 115.25
1790888132.429 114.33 115.25
1790888132.934 114.33 115.25
1790888133.440 114.34 115.27
1790888133.945 114.34 115.27
1790888134.451 114.35 115.27
1790888134.957 114.35 115.27
1790888135.462 114.35 115.27
1790888135.967 114.35 115.27
1790888136.473 114.35 115.27
1790888136.978 114.35 115.27
1790888137.483 114.34 115.26
1790888137.988 114.34 115.26
1790888138.494 114.33 115.25
1790888138.999 114.33 115.25
1790888139.505 114.33 115.25
1790888140.011 114.33 115.26
1790888140.516 114.33 115.26
1790888141.021 114.33 115.26
1790888141.527 114.33 115.25
1790888142.032 114.33 115.25
1790888142.538 114.34 115.26
1790888143.044 114.34 115.26
1790888143.549 114.33 115.26
1790888144.055 114.33 115.26
1790888144.561 114.33 115.26
1790888145.066 114.33 115.26
1790888145.572 114.33 115.26
1790888146.078 114.33 115.26
1790888146.583 114.33 115.26
1790888147.089 114.33 115.26
1790888147.594 114.34 115.26
1790888148.100 114.34 115.26
1790888148.607 114.34 115.26
1790888149.112 114.34 115.26
1790888149.618 114.34 115.26
1790888150.124 114.34 115.27
1790888150.629 114.34 115.27
1790888151.134 114.34 115.27
1790888151.640 114.34 115.27
1790888152.145 114.34 115.27
1790888152.650 114.34 115.27
1790888153.155 114.33 115.25
1790888153.661 114.34 115.26
1790888154.167 114.34 115.26
1790888154.672 114.34 115.26
1790888155.177 114.34 115.26
1790888155.683 114.34 115.26
1790888156.189 114.34 115.26
1790888156.693 114.34 115.26
1790888157.199 114.34 115.26
1790888157.704 114.35 115.28
1790888158.208 114.35 115.27
1790888158.714 114.35 115.27
1790888159.220 114.35 115.27
1790888159.725 114.35 115.27
1790888160.231 114.35 115.27
1790888160.736 114.35 115.27
1790888161.242 114.35 115.27
1790888161.747 114.35 115.28
1790888162.253 114.35 115.28
1790888162.758 114.35 115.28
1790888163.264 114.37 115.29
1790888163.770 114.37 115.29
1790888164.276 114.37 115.29
1790888164.781 114.37 115.29
1790888165.287 114.37 115.29
1790888165.793 114.37 115.29
1790888166.298 114.37 115.29
1790888166.804 114.37 115.29
1790888167.309 114.35 115.28
1790888167.814 114.37 115.29
1790888168.320 114.36 115.29
1790888168.825 114.36 115.29
1790888169.331 114.36 115.29
1790888169.836 114.36 115.29
1790888170.341 114.35 115.27
1790888170.845 114.34 115.26
1790888171.365 115.94 115.34
1790888171.885 115.94 115.34
1790888172.391 115.94 115.35
1790888172.896 115.94 115.35
1790888173.401 115.94 115.35
1790888173.906 115.94 115.35
1790888174.412 115.94 115.35
1790888174.918 115.94 115.34
1790888175.423 115.94 115.34
1790888175.929 115.94 115.35
1790888176.434 115.94 115.35
1790888176.940 115.94 115.35
1790888177.445 115.93 115.35
1790888177.951 115.92 115.34
1790888178.457 115.92 115.34
1790888178.963 115.92 115.34
1790888179.468 115.92 115.34
1790888179.974 115.92 115.34
1790888180.479 115.92 115.34
1790888180.985 115.92 115.34
1790888181.490 115.91 115.33
1790888181.996 115.91 115.33
1790888182.501 115.91 115.33
1790888183.006 115.91 115.33
1790888183.512 115.92 115.34
1790888184.017 115.91 115.34
1790888184.523 115.91 115.34
1790888185.028 115.91 115.34
1790888185.534 115.91 115.34
1790888186.039 115.91 115.34
1790888186.543 115.91 115.34
1790888187.048 115.91 115.34
1790888187.553 115.91 115.33
1790888188.059 115.91 115.33
1790888188.565 115.90 115.32
1790888189.070 115.90 115.32
1790888189.576 115.90 115.32
1790888190.080 115.90 115.32
1790888190.586 115.90 115.32
1790888191.092 115.90 115.32
1790888191.598 115.90 115.32
1790888192.103 115.90 115.32
1790888192.609 115.90 115.32
1790888193.114 115.88 115.31
1790888193.620 115.90 115.33
1790888194.126 115.91 115.33
1790888194.631 115.91 115.33
1790888195.137 115.91 115.33
1790888195.643 115.90 115.33
1790888196.148 115.90 115.33
1790888196.654 115.91 115.33
1790888197.159 115.90 115.33
1790888197.664 115.89 115.32
1790888198.169 115.88 115.30
1790888198.675 115.88 115.30
1790888199.181 115.88 115.31
1790888199.687 115.88 115.31
1790888200.192 115.88 115.31
1790888200.698 115.88 115.31
1790888201.203 115.88 115.31
1790888201.708 115.88 115.31
1790888202.214 115.88 115.31
1790888202.719 115.88 115.31
1790888203.225 115.88 115.31
1790888203.730 115.88 115.31
1790888204.236 115.88 115.31
1790888204.741 115.88 115.31
1790888205.245 115.88 115.31
1790888205.751 115.89 115.32
1790888206.257 115.89 115.32
1790888206.762 115.89 115.31
1790888207.268 115.89 115.31
1790888207.773 115.90 115.33
1790888208.279 115.88 115.31
1790888208.785 115.88 115.31
1790888209.291 115.88 115.31
1790888209.796 115.88 115.31
1790888210.301 115.88 115.31
1790888210.807 115.88 115.31
1790888211.312 115.88 115.31
1790888211.818 115.88 115.31
1790888212.323 115.88 115.31
1790888212.829 115.89 115.31
1790888213.334 115.89 115.31
1790888213.840 115.89 115.31
1790888214.345 115.89 115.32
1790888214.851 115.89 115.32
1790888215.356 115.89 115.32
1790888215.862 115.90 115.33
1790888216.367 115.90 115.33
1790888216.873 115.90 115.33
1790888217.378 115.90 115.33
1790888217.884 115.90 115.33
1790888218.390 115.88 115.31
1790888218.895 115.88 115.31
1790888219.401 115.88 115.31
1790888219.906 115.88 115.31
1790888220.411 115.88 115.31
1790888220.916 115.88 115.31
1790888221.421 115.88 115.31
1790888221.926 115.88 115.31
1790888222.432 115.88 115.31
1790888222.937 115.88 115.31
1790888223.443 115.89 115.32
1790888223.948 115.89 115.32
1790888224.454 115.89 115.32
1790888224.960 115.89 115.32
1790888225.464 115.90 115.32
1790888225.970 115.90 115.33
1790888226.476 115.91 115.33
1790888226.981 115.91 115.33
1790888227.487 115.91 115.33
1790888227.993 115.90 115.33
1790888228.498 115.89 115.32
1790888229.004 115.89 115.32
1790888229.509 115.89 115.32
1790888230.015 115.89 115.32
1790888230.520 115.89 115.32
1790888231.025 115.89 115.32
1790888231.531 115.89 115.32
1790888232.037 115.89 115.32
1790888232.542 115.89 115.32
1790888233.047 115.89 115.32
1790888233.553 115.90 115.33
1790888234.059 115.90 115.33
1790888234.564 115.90 115.33
1790888235.070 115.90 115.33
1790888235.575 115.90 115.33
1790888236.081 115.90 115.33
1790888236.587 115.91 115.33
1790888237.092 115.91 115.33
1790888237.598 115.91 115.33
1790888238.103 115.90 115.33
1790888238.609 115.89 115.32
1790888239.115 115.89 115.32
1790888239.621 115.89 115.32
1790888240.126 115.89 115.32
1790888240.632 115.89 115.32
1790888241.138 115.89 115.32
1790888241.643 115.89 115.32
1790888242.149 115.89 115.32
1790888242.654 115.89 115.32
1790888243.159 115.87 115.30
1790888243.665 115.89 115.31
1790888244.171 115.89 115.32
1790888244.677 115.89 115.32
1790888245.182 115.89 115.32
1790888245.688 115.89 115.32
1790888246.193 115.89 115.32
1790888246.699 115.89 115.32
1790888247.204 115.89 115.32
1790888247.710 115.89 115.32
1790888248.215 115.90 115.33
1790888248.720 115.90 115.33
1790888249.226 115.91 115.34
1790888249.732 115.91 115.34
1790888250.237 115.91 115.34
1790888250.742 115.91 115.34
1790888251.248 115.91 115.34
1790888251.753 115.91 115.34
1790888252.259 115.91 115.34
1790888252.764 115.91 115.34
1790888253.268 115.91 115.34
1790888253.773 115.93 115.35
1790888254.279 115.93 115.35
1790888254.784 115.93 115.35
1790888255.289 115.93 115.35
1790888255.795 115.92 115.35
1790888256.299 115.92 115.35
1790888256.805 115.92 115.35
1790888257.310 115.92 115.35
1790888257.816 115.92 115.35
1790888258.321 115.92 115.35
1790888258.827 115.92 115.35
1790888259.332 115.92 115.35
1790888259.838 115.92 115.35
1790888260.342 115.93 115.36
1790888260.848 115.93 115.36
1790888261.353 115.93 115.36
1790888261.859 115.93 115.36
1790888262.364 115.93 115.36
1790888262.869 115.93 115.36
1790888263.374 115.94 115.37
1790888263.880 115.94 115.37
1790888264.386 115.94 115.37
1790888264.891 115.94 115.37
1790888265.397 115.94 115.37
1790888265.902 115.94 115.37
1790888266.408 115.94 115.37
1790888266.914 115.94 115.37
1790888267.419 115.94 115.37
1790888267.925 115.94 115.37
1790888268.429 115.95 115.38
1790888268.934 115.95 115.38
1790888269.440 115.95 115.38
1790888269.946 115.95 115.38
1790888270.451 115.95 115.38
1790888270.957 115.95 115.38
1790888271.463 115.95 115.38
1790888271.968 115.96 115.39
1790888272.474 115.96 115.39
1790888272.979 115.96 115.39
1790888273.485 115.95 115.37
1790888273.990 115.95 115.37
1790888274.496 115.94 115.37
1790888275.002 115.94 115.37
1790888275.506 115.94 115.37
1790888276.012 115.94 115.37
1790888276.517 115.94 115.37
1790888277.023 115.94 115.37
1790888277.528 115.95 115.37
1790888278.034 115.95 115.37
1790888278.539 115.91 115.34
1790888279.045 115.91 115.34
1790888279.550 115.91 115.34
1790888280.055 115.91 115.34
1790888280.560 115.91 115.34
1790888281.066 115.91 115.34
1790888281.572 115.91 115.34
1790888282.077 115.92 115.35
1790888282.583 115.92 115.35
1790888283.088 115.92 115.35
1790888283.593 115.93 115.36
1790888284.098 115.93 115.36
1790888284.603 115.93 115.36
1790888285.109 115.93 115.36
1790888285.614 115.93 115.36
1790888286.120 115.94 115.36
1790888286.625 115.94 115.36
1790888287.131 115.94 115.36
1790888287.636 115.94 115.36
1790888288.141 115.94 115.36
1790888288.648 115.93 115.36
1790888289.153 115.93 115.36
1790888289.659 115.93 115.36
1790888290.164 115.93 115.36
1790888290.669 115.93 115.36
1790888291.174 115.93 115.36
1790888291.680 115.93 115.36
1790888292.185 115.93 115.36
1790888292.691 115.93 115.36
1790888293.196 115.93 115.36
1790888293.702 115.94 115.37
1790888294.208 115.94 115.37
1790888294.713 115.94 115.37
1790888295.219 115.94 115.37
1790888295.724 115.94 115.37
1790888296.230 115.94 115.37
1790888296.736 115.94 115.37
1790888297.242 115.94 115.37
1790888297.747 115.94 115.37
1790888298.252 115.95 115.38
1790888298.758 115.97 115.40
1790888299.264 115.97 115.40
1790888299.769 115.97 115.40
1790888300.275 115.97 115.40
1790888300.780 115.97 115.40
1790888301.286 115.97 115.40
1790888301.791 115.97 115.40
1790888302.297 115.97 115.40
1790888302.803 115.97 115.40
1790888303.308 115.98 115.41
1790888303.814 115.98 115.41
1790888304.319 115.99 115.42
1790888304.825 115.99 115.42
1790888305.331 115.99 115.42
1790888305.836 115.99 115.42
1790888306.342 115.99 115.42
1790888306.847 115.99 115.42
1790888307.353 115.99 115.42
1790888307.858 115.99 115.42
1790888308.364 115.98 115.41
1790888308.870 116.00 115.43
1790888309.375 116.00 115.43
1790888309.881 116.00 115.43
1790888310.386 116.00 115.43
1790888310.891 116.00 115.43
1790888311.397 116.00 115.42
1790888311.902 116.00 115.42
1790888312.408 116.00 115.42
1790888312.913 116.00 115.43
1790888313.419 116.00 115.42
1790888313.924 116.00 115.42
1790888314.430 116.00 115.43
1790888314.935 116.00 115.43
1790888315.441 116.00 115.43
1790888315.946 116.00 115.43
1790888316.452 116.00 115.43
1790888316.957 116.00 115.43
1790888317.463 116.00 115.43
1790888317.968 116.01 115.43
1790888318.473 115.98 115.40
1790888318.979 115.98 115.41
1790888319.485 115.98 115.41
1790888319.991 115.98 115.41
1790888320.497 115.98 115.41
1790888321.001 115.98 115.41
1790888321.507 115.98 115.41
1790888322.012 115.98 115.41
1790888322.517 115.98 115.41
1790888323.023 115.98 115.41
1790888323.528 115.98 115.41
1790888324.033 115.98 115.41
1790888324.539 115.98 115.41
1790888325.045 115.99 115.42
1790888325.550 115.99 115.42
1790888326.056 115.99 115.42
1790888326.562 115.99 115.42
1790888327.067 115.99 115.42
1790888327.573 115.99 115.42
1790888328.078 115.99 115.42
1790888328.582 116.01 115.44
1790888329.088 116.01 115.44
1790888329.594 116.01 115.44
1790888330.099 116.01 115.44
1790888330.605 116.01 115.44
1790888331.110 116.01 115.44
1790888331.616 116.01 115.44
1790888332.121 116.01 115.44
1790888332.627 116.01 115.44
1790888333.132 116.01 115.44
1790888333.638 116.01 115.44
1790888334.143 116.01 115.44
1790888334.648 116.01 115.44
1790888335.152 116.02 115.45
1790888335.658 116.02 115.45
1790888336.163 116.02 115.45
1790888336.669 116.02 115.45
1790888337.174 116.02 115.45
1790888337.679 116.02 115.45
1790888338.184 116.00 115.43
1790888338.689 116.00 115.43
1790888339.195 116.01 115.43
1790888339.701 116.01 115.43
1790888340.206 116.01 115.43
1790888340.712 116.01 115.43
1790888341.217 116.01 115.43
1790888341.722 116.01 115.43
1790888342.228 116.01 115.43
1790888342.733 116.01 115.43
1790888343.239 116.01 115.44
1790888343.744 116.01 115.44
1790888344.250 116.01 115.44
1790888344.755 116.01 115.44
1790888345.261 116.01 115.44
1790888345.766 116.01 115.44
1790888346.272 116.02 115.45
1790888346.777 116.02 115.45
1790888347.282 116.02 115.45
1790888347.788 116.02 115.45
1790888348.293 116.02 115.45
1790888348.799 116.02 115.45
1790888349.305 116.02 115.45
1790888349.811 116.02 115.45
1790888350.316 116.02 115.45
1790888350.822 116.02 115.45
1790888351.327 116.02 115.45
1790888351.833 116.02 115.45
1790888352.338 116.02 115.45
1790888352.843 116.02 115.45
1790888353.349 116.03 115.46
1790888353.854 116.03 115.46
1790888354.360 116.04 115.46
1790888354.866 116.04 115.46
1790888355.371 116.04 115.46
1790888355.877 116.04 115.46
1790888356.382 116.04 115.46
1790888356.888 116.04 115.46
1790888357.393 116.04 115.46
1790888357.899 116.04 115.47
1790888358.404 116.05 115.48
1790888358.910 116.06 115.48
1790888359.415 116.06 115.48
1790888359.921 116.06 115.48
1790888360.426 116.06 115.48
1790888360.932 116.06 115.48
1790888361.438 116.05 115.48
1790888361.943 116.06 115.48
1790888362.449 116.06 115.48
1790888362.954 116.06 115.48
1790888363.460 116.07 115.50
1790888363.965 116.07 115.50
1790888364.470 116.07 115.50
1790888364.976 116.07 115.50
1790888365.481 116.07 115.50
1790888365.987 116.08 115.50
1790888366.492 116.08 115.50
1790888366.998 116.07 115.50
1790888367.503 116.07 115.50
1790888368.008 116.08 115.51
1790888368.514 116.09 115.52
1790888369.020 116.09 115.52
1790888369.525 116.09 115.52
1790888370.031 116.09 115.52
1790888370.536 116.09 115.52
1790888371.042 116.09 115.52
1790888371.547 116.09 115.52
1790888372.053 116.09 115.52
1790888372.558 116.09 115.52
1790888373.063 116.09 115.52
1790888373.569 116.08 115.51
1790888374.075 116.08 115.51
1790888374.580 116.08 115.51
1790888375.086 116.08 115.51
1790888375.591 116.08 115.51
1790888376.097 116.08 115.51
1790888376.602 116.08 115.51
1790888377.108 116.08 115.51
1790888377.614 116.08 115.51
1790888378.119 116.08 115.51
1790888378.625 116.08 115.51
1790888379.131 116.09 115.51
1790888379.636 116.09 115.52
1790888380.142 116.09 115.52
1790888380.647 116.09 115.52
1790888381.153 116.09 115.52
1790888381.658 116.09 115.52
1790888382.164 116.09 115.52
1790888382.669 116.09 115.52
1790888383.175 116.09 115.52
1790888383.681 116.08 115.51
1790888384.186 116.08 115.51
1790888384.692 116.08 115.51
1790888385.197 116.08 115.51
1790888385.703 116.08 115.51
1790888386.209 116.08 115.51
1790888386.714 116.08 115.51
1790888387.220 116.08 115.51
1790888387.725 116.08 115.51
1790888388.230 116.07 115.50
1790888388.735 116.07 115.50
1790888389.241 116.06 115.49
1790888389.748 116.06 115.49
1790888390.253 116.07 115.50
1790888390.759 116.07 115.50
1790888391.264 116.07 115.50
1790888391.770 116.07 115.50
1790888392.275 116.07 115.50
1790888392.781 116.07 115.50
1790888393.286 116.07 115.50
1790888393.792 116.07 115.50
1790888394.298 116.07 115.50
1790888394.804 116.07 115.50
1790888395.309 116.07 115.50
1790888395.815 116.07 115.50
1790888396.320 116.07 115.50
1790888396.825 116.07 115.50
1790888397.331 116.07 115.50
1790888397.836 116.07 115.50
1790888398.342 116.06 115.49
1790888398.847 116.06 115.49
1790888399.353 116.06 115.49
1790888399.859 116.06 115.49
1790888400.364 116.06 115.49
1790888400.870 116.06 115.49
1790888401.376 116.06 115.49
1790888401.881 116.07 115.50
1790888402.387 116.07 115.50
1790888402.893 116.07 115.50
1790888403.398 116.07 115.50
1790888403.904 116.07 115.50
1790888404.410 116.07 115.50
1790888404.915 116.07 115.50
1790888405.420 116.07 115.50
1790888405.926 116.07 115.50
1790888406.432 116.07 115.50
1790888406.937 116.07 115.50
1790888407.442 116.07 115.50
1790888407.948 116.07 115.50
1790888408.453 116.09 115.51
1790888408.959 116.09 115.51
1790888409.464 116.09 115.52
1790888409.970 116.09 115.52
1790888410.475 116.09 115.52
1790888410.981 116.09 115.52
1790888411.487 116.09 115.52
1790888411.991 116.09 115.52
1790888412.497 116.10 115.53
1790888413.002 116.10 115.53
1790888413.507 116.08 115.51
1790888414.012 116.08 115.51
1790888414.517 116.08 115.51
1790888415.023 116.08 115.51
1790888415.529 116.08 115.51
1790888416.034 116.08 115.51
1790888416.539 116.08 115.51
1790888417.044 116.08 115.51
1790888417.550 116.08 115.51
1790888418.055 116.08 115.51
1790888418.561 116.08 115.51
1790888419.067 116.08 115.51
1790888419.573 116.10 115.53
1790888420.078 116.10 115.53
1790888420.584 116.10 115.53
1790888421.090 116.10 115.53
1790888421.595 116.10 115.53
1790888422.101 116.10 115.53
1790888422.606 116.10 115.53
1790888423.112 116.11 115.54
1790888423.617 116.13 115.56
1790888424.122 116.13 115.56
1790888424.627 116.13 115.56
1790888425.133 116.13 115.56
1790888425.638 116.13 115.56
1790888426.144 116.13 115.56
1790888426.649 116.13 115.56
1790888427.154 116.13 115.56
1790888427.660 116.13 115.56
1790888428.164 116.11 115.54
1790888428.671 116.12 115.55
1790888429.176 116.12 115.55
1790888429.682 116.12 115.55
1790888430.188 116.12 115.55
1790888430.693 116.12 115.55
1790888431.199 116.12 115.55
1790888431.704 116.12 115.55
1790888432.210 116.12 115.55
1790888432.716 116.12 115.55
1790888433.220 116.11 115.54
1790888433.726 116.11 115.54
1790888434.232 116.12 115.55
1790888434.737 116.12 115.55
1790888435.243 116.12 115.55
1790888435.748 116.12 115.55
1790888436.254 116.12 115.55
1790888436.759 116.12 115.55
1790888437.265 116.12 115.55
1790888437.770 116.12 115.55
1790888438.275 116.11 115.54
1790888438.781 116.11 115.54
1790888439.286 116.11 115.54
1790888439.792 116.12 115.55
1790888440.298 116.12 115.55
1790888440.804 116.12 115.55
1790888441.309 116.12 115.55
1790888441.815 116.12 115.55
1790888442.320 116.12 115.55
1790888442.826 116.12 115.55
1790888443.331 116.13 115.56
1790888443.836 116.13 115.56
1790888444.342 116.13 115.56
1790888444.847 116.13 115.56
1790888445.353 116.14 115.57
1790888445.858 116.14 115.57
1790888446.364 116.14 115.57
1790888446.869 116.14 115.57
1790888447.374 116.14 115.57
1790888447.879 116.14 115.57
1790888448.385 116.14 115.57
1790888448.890 116.14 115.57
1790888449.394 116.13 115.56
1790888449.900 116.13 115.56
1790888450.406 116.13 115.56
1790888450.911 116.13 115.56
1790888451.417 116.13 115.56
1790888451.923 116.13 115.56
1790888452.428 116.13 115.56
1790888452.934 116.13 115.56
1790888453.440 116.13 115.56
1790888453.945 116.13 115.56
1790888454.450 116.13 115.56
1790888454.956 116.13 115.56
1790888455.461 116.13 115.56
1790888455.967 116.13 115.56
1790888456.472 116.14 115.57
1790888456.978 116.14 115.57
1790888457.484 116.14 115.57
1790888457.989 116.14 115.57
1790888458.495 116.14 115.57
1790888459.000 116.14 115.57
1790888459.506 116.15 115.58
1790888460.011 116.15 115.58
1790888460.517 116.15 115.58
1790888461.022 116.15 115.58
1790888461.528 116.15 115.58
1790888462.033 116.15 115.58
1790888462.538 116.15 115.58
1790888463.044 116.15 115.58
1790888463.549 116.15 115.58
1790888464.055 116.15 115.58
1790888464.561 116.15 115.58
1790888465.066 116.15 115.58
1790888465.572 116.15 115.58
1790888466.077 116.15 115.58
1790888466.583 116.15 115.58
1790888467.088 116.16 115.59
1790888467.594 116.16 115.59
1790888468.099 116.16 115.59
1790888468.605 116.15 115.58
1790888469.111 116.15 115.58
1790888469.616 116.17 115.60
1790888470.122 116.17 115.60
1790888470.627 116.17 115.60
1790888471.133 116.17 115.60
1790888471.638 116.17 115.60
1790888472.143 116.17 115.60
1790888472.649 116.17 115.60
1790888473.154 116.17 115.60
1790888473.660 116.18 115.61
1790888474.165 116.18 115.61
1790888474.670 116.18 115.61
1790888475.176 116.18 115.61
1790888475.681 116.18 115.61
1790888476.186 116.18 115.61
1790888476.692 116.18 115.61
1790888477.197 116.18 115.61
1790888477.703 116.18 115.61
1790888478.208 116.16 115.59
1790888478.713 116.18 115.61
1790888479.219 116.18 115.61
1790888479.725 116.18 115.61
1790888480.230 116.18 115.61
1790888480.736 116.18 115.61
1790888481.241 116.18 115.61
1790888481.747 116.18 115.61
1790888482.252 116.18 115.61
1790888482.758 116.18 115.61
1790888483.263 116.17 115.60
1790888483.769 116.18 115.61
1790888484.274 116.18 115.61
1790888484.780 116.18 115.61
1790888485.285 116.18 115.61
1790888485.791 116.18 115.61
1790888486.296 116.18 115.61
1790888486.801 116.18 115.61
1790888487.306 116.18 115.61
1790888487.811 116.19 115.62
1790888488.317 116.20 115.63
1790888488.822 116.20 115.63
1790888489.328 116.20 115.63
1790888489.833 116.19 115.62
1790888490.339 116.19 115.62
1790888490.844 116.19 115.62
1790888491.350 116.19 115.62
1790888491.855 116.19 115.62
1790888492.361 116.19 115.62
1790888492.866 116.19 115.62
1790888493.372 116.19 115.62
1790888493.877 116.19 115.62
1790888494.382 116.19 115.62
1790888494.888 116.19 115.62
1790888495.392 116.19 115.62
1790888495.898 116.19 115.62
1790888496.403 116.19 115.62
1790888496.908 116.19 115.62
1790888497.413 116.19 115.62
1790888497.919 116.19 115.62
1790888498.424 116.19 115.61
1790888498.930 116.19 115.61
1790888499.435 116.18 115.61
1790888499.941 116.17 115.60
1790888500.447 116.17 115.60
1790888500.952 116.17 115.60
1790888501.458 116.17 115.60
1790888501.963 116.17 115.60
1790888502.469 116.17 115.60
1790888502.974 116.17 115.60
1790888503.480 116.16 115.59
1790888503.985 116.16 115.59
1790888504.491 116.16 115.59
1790888504.996 116.16 115.59
1790888505.502 116.16 115.59
1790888506.008 116.16 115.59
1790888506.513 116.16 115.59
1790888507.019 116.16 115.59
1790888507.524 116.16 115.59
1790888508.029 116.16 115.59
1790888508.535 116.16 115.59
1790888509.041 116.16 115.59
1790888509.546 116.17 115.60
1790888510.052 116.19 115.62
1790888510.557 116.19 115.62
1790888511.063 116.19 115.62
1790888511.568 116.19 115.62
1790888512.073 116.19 115.62
1790888512.579 116.19 115.62
1790888513.084 116.19 115.62
1790888513.590 116.18 115.61
1790888514.095 116.18 115.61
1790888514.601 116.18 115.61
1790888515.107 116.18 115.61
1790888515.612 116.18 115.61
1790888516.118 116.18 115.61
1790888516.623 116.18 115.61
1790888517.128 116.18 115.61
1790888517.633 116.18 115.61
1790888518.139 116.18 115.61
1790888518.644 116.18 115.61
1790888519.150 116.18 115.61
1790888519.655 116.18 115.61
1790888520.161 116.20 115.63
1790888520.666 116.20 115.63
1790888521.172 116.20 115.63
1790888521.677 116.20 115.63
1790888522.182 116.20 115.63
1790888522.688 116.20 115.63
1790888523.193 116.18 115.61
1790888523.698 116.20 115.63
1790888524.204 116.20 115.63
1790888524.710 116.20 115.63
1790888525.215 116.20 115.63
1790888525.721 116.20 115.63
1790888526.227 116.20 115.63
1790888526.732 116.20 115.63
1790888527.237 116.20 115.63
1790888527.743 116.20 115.63
1790888528.248 116.20 115.63
1790888528.753 116.20 115.63
1790888529.259 116.20 115.63
1790888529.764 116.20 115.63
1790888530.270 116.21 115.64
1790888530.775 116.21 115.64
1790888531.281 116.21 115.64
1790888531.787 116.21 115.64
1790888532.292 116.21 115.64
1790888532.798 116.21 115.64
1790888533.304 116.21 115.64
1790888533.810 116.21 115.64
1790888534.315 116.21 115.64
1790888534.821 116.21 115.64
1790888535.326 116.21 115.64
1790888535.831 116.21 115.64
1790888536.337 116.21 115.64
1790888536.842 116.21 115.64
1790888537.347 116.21 115.64
1790888537.853 116.21 115.64
1790888538.358 116.21 115.64
1790888538.865 116.21 115.64
1790888539.370 116.21 115.64
1790888539.876 116.21 115.64
1790888540.381 116.21 115.64
1790888540.887 116.21 115.64
1790888541.393 116.21 115.64
1790888541.898 116.21 115.64
1790888542.404 116.22 115.65
1790888542.910 116.22 115.65
1790888543.416 116.22 115.65
1790888543.921 116.22 115.65
1790888544.427 116.22 115.65
1790888544.933 116.22 115.65
1790888545.438 116.22 115.65
1790888545.944 116.22 115.65
1790888546.449 116.22 115.65
1790888546.955 116.22 115.65
1790888547.460 116.22 115.65
1790888547.966 116.22 115.65
1790888548.471 116.22 115.65
1790888548.977 116.22 115.65
1790888549.482 116.22 115.65
1790888549.987 116.20 115.63
1790888550.494 116.21 115.64
1790888550.999 116.21 115.64
1790888551.505 116.21 115.64
1790888552.010 116.21 115.64
1790888552.515 116.21 115.64
1790888553.021 116.21 115.64
1790888553.526 116.22 115.65
1790888554.032 116.22 115.65
1790888554.537 116.22 115.65
1790888555.043 116.22 115.65
1790888555.548 116.22 115.65
1790888556.053 116.22 115.65
1790888556.559 116.22 115.65
1790888557.064 116.22 115.65
1790888557.568 116.22 115.65
1790888558.074 116.22 115.65
1790888558.579 116.22 115.65
1790888559.085 116.22 115.65
1790888559.591 116.22 115.65
1790888560.095 116.23 115.66
1790888560.601 116.23 115.66
1790888561.107 116.23 115.66
1790888561.612 116.23 115.66
1790888562.118 116.23 115.66
1790888562.623 116.23 115.66
1790888563.129 116.23 115.66
1790888563.635 116.23 115.66
1790888564.140 116.23 115.66
1790888564.646 116.23 115.66
1790888565.152 116.23 115.66
1790888565.658 116.23 115.66
1790888566.163 116.23 115.66
1790888566.668 116.23 115.66
1790888567.174 116.23 115.66
1790888567.680 116.23 115.66
1790888568.185 116.22 115.65
1790888568.691 116.22 115.65
1790888569.196 116.22 115.65
1790888569.702 116.22 115.65
1790888570.207 116.22 115.64
1790888570.713 116.21 115.64
1790888571.218 116.21 115.64
1790888571.723 116.21 115.64
1790888572.228 116.21 115.64
1790888572.734 116.22 115.64
1790888573.238 116.21 115.64
1790888573.744 116.21 115.64
1790888574.249 116.21 115.64
1790888574.754 116.21 115.64
1790888575.260 116.21 115.64
1790888575.765 116.18 115.62
1790888576.270 116.17 115.61
1790888576.775 116.16 115.61
1790888577.281 116.16 115.61
1790888577.786 116.16 115.61
1790888578.292 116.16 115.61
1790888578.797 116.16 115.61
1790888579.303 116.16 115.61
1790888579.808 116.16 115.61
1790888580.314 116.15 115.60
1790888580.820 116.15 115.60
1790888581.325 116.15 115.60
1790888581.831 116.15 115.60
1790888582.337 116.15 115.60
1790888582.842 116.15 115.60
1790888583.347 116.14 115.59
1790888583.852 116.14 115.59
1790888584.358 116.14 115.59
1790888584.864 116.14 115.59
1790888585.369 116.14 115.59
1790888585.874 116.14 115.59
1790888586.379 116.14 115.59
1790888586.885 116.14 115.59
1790888587.390 116.14 115.59
1790888587.896 116.14 115.59
1790888588.401 116.12 115.57
1790888588.907 116.12 115.57
1790888589.413 116.12 115.57
1790888589.919 116.12 115.57
1790888590.423 116.14 115.59
1790888590.929 116.14 115.59
1790888591.435 116.14 115.59
1790888591.940 116.14 115.59
1790888592.446 116.14 115.59
1790888592.950 116.14 115.59
1790888593.455 116.14 115.59
1790888593.960 116.14 115.59
1790888594.480 116.23 115.63
1790888595.000 116.23 115.64
1790888595.505 116.23 115.64
1790888596.010 116.23 115.64
1790888596.516 116.23 115.64
1790888597.021 116.23 115.63
1790888597.526 116.23 115.64
1790888598.031 116.23 115.63
1790888598.536 116.21 115.62
1790888599.041 116.21 115.62
1790888599.547 116.21 115.62
1790888600.052 116.21 115.62
1790888600.557 116.18 115.60
1790888601.063 116.18 115.60
1790888601.569 116.18 115.60
1790888602.074 116.19 115.60
1790888602.579 116.19 115.60
1790888603.085 116.19 115.60
1790888603.591 116.20 115.62
1790888604.096 116.20 115.62
1790888604.600 116.20 115.62
1790888605.104 116.20 115.62
1790888605.609 116.15 115.59
1790888606.115 116.06 115.59
1790888606.620 116.03 115.58
1790888607.126 115.71 115.43
1790888607.631 115.58 115.36
1790888608.136 115.53 115.33
1790888608.641 115.45 115.27
1790888609.146 115.15 115.00
1790888609.652 115.15 115.00
1790888610.157 115.14 115.00
1790888610.663 115.14 114.99
1790888611.169 115.14 114.99
1790888611.675 115.14 114.99
1790888612.180 115.08 114.94
1790888612.685 114.20 114.08
1790888613.190 113.73 113.61
1790888613.695 113.36 113.25
1790888614.201 112.91 112.80
1790888614.706 109.75 109.64
1790888615.212 93.05 92.95
1790888615.717 76.12 76.02
1790888616.222 59.42 59.32
1790888616.728 42.39 42.28
1790888617.233 25.78 25.67
1790888617.738 15.81 15.70
1790888618.243 15.40 15.30
1790888618.748 15.40 15.30
1790888619.254 15.40 15.30
1790888619.758 15.40 15.30
1790888620.263 15.40 15.30
1790888620.768 15.39 15.28
1790888621.274 15.39 15.29
1790888621.779 15.39 15.29
1790888622.284 15.39 15.29
1790888622.789 15.39 15.29
1790888623.295 15.39 15.29
1790888623.800 15.40 15.30
1790888624.304 15.40 15.30
1790888624.810 15.40 15.29
1790888625.315 15.40 15.29
1790888625.820 15.90 15.82
1790888626.325 15.59 15.56
1790888626.830 15.35 15.34
1790888627.335 14.33 14.34
1790888627.840 14.60 14.63
1790888628.345 13.69 13.72
1790888628.849 13.63 13.68
1790888629.355 13.60 13.67
1790888629.860 12.92 13.02
1790888630.365 12.74 12.84
1790888630.870 11.91 12.03
1790888631.375 11.90 12.04
1790888631.881 11.78 11.93
1790888632.386 11.49 11.67
1790888632.892 11.28 11.46
1790888633.397 10.83 11.17
1790888633.902 10.22 11.17
1790888634.408 10.71 11.17
1790888634.913 10.10 11.17
1790888635.418 10.60 11.18
1790888635.923 9.98 11.17
1790888636.429 10.99 11.17
1790888636.934 10.37 10.56
1790888637.439 10.12 10.32
1790888637.945 10.06 10.29
1790888638.450 10.01 10.26
1790888638.955 9.96 10.24
1790888639.461 9.93 10.23
1790888639.966 9.80 10.11
1790888640.471 9.75 10.06
1790888640.977 9.75 10.06
1790888641.482 9.87 10.20
1790888641.987 9.51 10.20
1790888642.493 9.15 10.21
1790888642.997 9.01 10.11
1790888643.502 8.85 9.96
1790888644.007 8.79 9.91
1790888644.512 8.73 9.86
1790888645.017 8.71 9.84
1790888645.522 8.64 9.78
1790888646.027 8.64 9.80
1790888646.532 8.47 9.64
1790888647.037 8.16 9.34
1790888647.541 7.82 9.00
1790888648.046 7.41 8.58
1790888648.551 7.18 8.35
1790888649.056 6.94 8.11
1790888649.561 6.75 7.94
1790888650.066 6.98 8.20
1790888650.571 6.86 8.08
1790888651.076 6.85 8.07
1790888651.581 6.58 7.81
1790888652.086 7.37 8.60
1790888652.591 7.20 8.43
1790888653.097 7.16 8.41
1790888653.602 7.17 8.42
1790888654.108 7.17 8.42
1790888654.613 7.17 8.42
1790888655.118 7.17 8.42
1790888655.624 7.17 8.42
1790888656.129 7.17 8.42
1790888656.634 7.17 8.42
1790888657.140 7.17 8.42
1790888657.645 7.17 8.43
1790888658.151 7.17 8.43
1790888658.656 7.69 8.95
1790888659.161 7.68 8.95
1790888659.667 7.68 8.95
1790888660.172 7.68 8.95
1790888660.677 7.68 8.95
1790888661.182 7.69 8.97
1790888661.687 7.69 8.97
1790888662.193 7.69 8.97
1790888662.698 7.70 8.98
1790888663.203 7.68 8.98
1790888663.709 7.68 8.97
1790888664.214 7.67 8.97
1790888664.719 7.67 8.97
1790888665.225 7.67 8.97
1790888665.730 7.64 8.94
1790888666.236 7.60 8.90
1790888666.741 7.57 8.88
1790888667.247 7.64 8.88
1790888667.751 7.08 8.35
1790888668.256 6.53 7.84
1790888668.762 6.08 7.41
1790888669.267 5.75 7.12
1790888669.773 5.49 6.87
1790888670.278 5.00 6.38
1790888670.783 4.28 5.66
1790888671.288 3.39 4.77
1790888671.793 2.55 3.93
1790888672.299 2.04 3.42
1790888672.804 1.82 3.24
1790888673.309 3.84 5.28
1790888673.814 3.03 4.47
1790888674.319 1.93 3.37
1790888674.824 1.74 3.18
1790888675.330 1.07 2.51
1790888675.835 0.87 2.31
1790888676.340 2.06 3.51
1790888676.845 2.05 3.50
1790888677.351 2.04 3.49
1790888677.856 1.99 3.44
1790888678.361 1.86 3.32
1790888678.866 2.88 4.34
1790888679.372 2.75 4.21
1790888679.877 4.51 5.94
1790888680.382 4.47 5.89
1790888680.888 4.49 5.91
1790888681.393 4.51 5.94
1790888681.898 4.50 5.95
1790888682.404 4.50 5.95
1790888682.909 4.39 5.89
1790888683.414 4.03 5.52
1790888683.919 3.70 5.19
1790888684.424 3.60 5.12
1790888684.929 3.43 4.86
1790888685.434 3.21 4.67
1790888685.939 3.32 4.78
1790888686.444 3.68 4.98
1790888686.949 3.68 4.99
1790888687.454 3.67 5.00
1790888687.959 3.67 5.01
1790888688.464 3.63 4.96
1790888688.969 3.63 4.96
1790888689.474 3.50 4.84
1790888689.979 3.22 4.55
1790888690.484 2.93 4.26
1790888690.989 2.70 4.04
1790888691.494 2.84 4.19
1790888691.999 2.79 4.14
1790888692.504 2.79 4.14
1790888693.009 2.57 3.92
1790888693.514 2.28 3.63
1790888694.019 2.98 4.33
1790888694.524 2.99 4.35
1790888695.029 2.99 4.34
1790888695.534 2.98 4.34
1790888696.039 3.52 4.88
1790888696.544 3.52 4.88
1790888697.050 3.55 4.92
1790888697.555 3.55 4.92
1790888698.061 3.56 4.92
1790888698.566 3.56 4.93
1790888699.071 3.56 4.93
1790888699.577 3.51 4.88
1790888700.081 3.54 4.91
1790888700.587 3.58 4.89
1790888701.093 3.59 4.91
1790888701.598 3.45 4.85
1790888702.103 3.43 4.84
1790888702.608 3.45 4.87
1790888703.114 3.45 4.87
1790888703.619 3.45 4.87
1790888704.124 3.46 4.88
1790888704.629 3.40 4.82
1790888705.133 3.42 4.84
1790888705.638 3.32 4.75
1790888706.143 2.74 4.16
1790888706.649 2.74 4.17
1790888707.154 2.48 3.91
1790888707.660 1.50 2.93
1790888708.168 1.29 2.72
1790888708.673 1.29 2.73
1790888709.178 1.28 2.72
1790888709.683 1.30 2.73
1790888710.188 1.27 2.71
1790888710.693 1.29 2.73
1790888711.199 1.28 2.72
1790888711.704 1.28 2.72
1790888712.209 1.25 2.69
1790888712.713 1.25 2.69
1790888713.218 1.26 2.70
1790888713.724 1.26 2.70
1790888714.229 1.30 2.74
1790888714.735 1.28 2.72
1790888715.240 1.26 2.70
1790888715.745 1.24 2.68
1790888716.250 6.53 7.97
1790888716.756 6.49 7.93
1790888717.263 6.48 7.92
1790888717.769 6.44 7.88
1790888718.275 6.38 7.82
1790888718.781 6.33 7.77
1790888719.287 6.33 7.77
1790888719.794 6.29 7.73
1790888720.300 6.27 7.71
1790888720.806 6.22 7.65
1790888721.313 6.15 7.59
1790888721.820 6.15 7.59
1790888722.326 6.11 7.55
1790888722.832 6.10 7.54
1790888723.338 6.04 7.48
1790888723.843 6.01 7.45
1790888724.349 5.97 7.41
1790888724.854 5.93 7.37
1790888725.360 5.93 7.37
1790888725.865 5.88 7.33
1790888726.369 5.84 7.33
1790888726.875 7.83 9.32
1790888727.380 7.98 9.46
1790888727.885 8.06 9.55
1790888728.389 114.04 115.53
1790888728.895 114.09 115.56
1790888729.401 114.09 115.56
1790888729.907 114.09 115.56
1790888730.413 114.09 115.56
1790888730.918 114.09 115.56
1790888731.424 114.08 115.55
1790888731.929 114.08 115.55
1790888732.434 114.08 115.55
1790888732.939 114.08 115.55
1790888733.445 114.10 115.57
1790888733.950 114.10 115.57
1790888734.455 114.10 115.57
1790888734.961 114.10 115.57
1790888735.465 114.10 115.57
1790888735.971 114.10 115.57
1790888736.477 114.10 115.57
1790888736.982 114.10 115.57
1790888737.488 114.10 115.57
1790888737.994 114.10 115.57
1790888738.499 114.09 115.56
1790888739.005 114.09 115.56
1790888739.510 114.09 115.56
1790888740.016 114.09 115.56
1790888740.522 114.09 115.56
1790888741.027 114.09 115.56
1790888741.533 114.08 115.56
1790888742.038 114.08 115.56
1790888742.543 114.08 115.56
1790888743.048 114.08 115.56
1790888743.553 114.08 115.55
1790888744.059 114.07 115.55
1790888744.564 114.07 115.55
1790888745.070 114.07 115.55
1790888745.576 114.07 115.55
1790888746.081 114.07 115.55
1790888746.587 114.07 115.55
1790888747.093 114.07 115.55
1790888747.599 114.07 115.55
1790888748.105 114.07 115.55
1790888748.610 114.07 115.54
1790888749.116 114.07 115.54
1790888749.621 114.07 115.54
1790888750.126 114.07 115.54
1790888750.632 114.06 115.54
1790888751.137 114.06 115.54
1790888751.643 114.05 115.52
1790888752.148 114.05 115.52
1790888752.654 114.05 115.52
1790888753.159 114.05 115.52
1790888753.665 114.04 115.52
1790888754.170 114.04 115.52
1790888754.676 114.04 115.52
1790888755.181 114.04 115.52
1790888755.687 114.04 115.52
1790888756.192 114.04 115.52
1790888756.698 114.04 115.52
1790888757.203 114.04 115.52
1790888757.709 114.04 115.52
1790888758.214 114.04 115.52
1790888758.720 114.02 115.50
1790888759.225 114.02 115.50
1790888759.731 114.02 115.50
1790888760.236 114.02 115.50
1790888760.742 114.03 115.50
1790888761.247 114.02 115.50
1790888761.752 114.03 115.51
1790888762.258 114.03 115.51
1790888762.764 114.03 115.50
1790888763.269 114.03 115.51
1790888763.774 114.03 115.51
1790888764.280 114.03 115.51
1790888764.786 114.03 115.51
1790888765.291 114.03 115.51
1790888765.797 114.03 115.51
1790888766.303 114.03 115.51
1790888766.808 114.03 115.51
1790888767.313 114.03 115.51
1790888767.818 114.03 115.51
1790888768.324 114.03 115.51
1790888768.830 114.03 115.51
1790888769.335 114.03 115.51
1790888769.841 114.03 115.51
1790888770.346 114.03 115.51
1790888770.852 114.03 115.51
1790888771.357 114.03 115.51
1790888771.863 114.04 115.52
1790888772.368 114.04 115.52
1790888772.873 114.04 115.52
1790888773.379 114.03 115.51
1790888773.884 114.03 115.51
1790888774.390 114.03 115.51
1790888774.895 114.03 115.51
1790888775.401 114.03 115.51
1790888775.906 114.03 115.51
1790888776.412 114.03 115.51
1790888776.917 114.03 115.51
1790888777.423 114.03 115.51
1790888777.928 114.03 115.51
1790888778.433 114.02 115.49
1790888778.939 114.02 115.49
1790888779.445 114.02 115.49
1790888779.951 114.02 115.49
1790888780.456 114.02 115.49
1790888780.962 114.02 115.49
1790888781.467 114.03 115.51
1790888781.972 114.03 115.51
1790888782.477 114.03 115.51
1790888782.982 114.03 115.51
1790888783.487 114.03 115.51
1790888783.993 114.03 115.51
1790888784.499 114.03 115.51
1790888785.004 114.03 115.51
1790888785.509 114.03 115.51
1790888786.015 114.03 115.51
1790888786.520 114.03 115.51
1790888787.026 114.03 115.51
1790888787.532 114.03 115.51
1790888788.036 114.03 115.51
1790888788.542 114.02 115.49
1790888789.047 114.02 115.50
1790888789.553 114.02 115.50
1790888790.059 114.02 115.50
1790888790.564 114.02 115.50
1790888791.070 114.02 115.50
1790888791.574 114.02 115.49
1790888792.080 114.02 115.49
1790888792.585 114.02 115.49
1790888793.091 114.02 115.49
1790888793.597 114.04 115.51
1790888794.102 114.04 115.51
1790888794.607 114.04 115.51
1790888795.113 114.04 115.51
1790888795.619 114.04 115.51
1790888796.124 114.04 115.51
1790888796.630 114.04 115.51
1790888797.135 114.04 115.51
1790888797.641 114.04 115.51
1790888798.146 114.04 115.51
1790888798.652 114.03 115.51
1790888799.158 114.03 115.51
1790888799.663 114.04 115.51
1790888800.169 114.04 115.51
1790888800.675 114.04 115.51
1790888801.181 114.04 115.52
1790888801.686 114.04 115.51
1790888802.192 114.04 115.51
1790888802.698 114.04 115.51
1790888803.202 114.02 115.50
1790888803.709 114.04 115.51
1790888804.214 114.04 115.51
1790888804.720 114.04 115.51
1790888805.225 114.04 115.51
1790888805.731 114.04 115.51
1790888806.236 114.04 115.51
1790888806.742 114.04 115.51
1790888807.248 114.04 115.51
1790888807.753 114.04 115.51
1790888808.259 114.04 115.51
1790888808.765 114.04 115.51
1790888809.270 114.04 115.51
1790888809.776 114.04 115.51
1790888810.281 114.04 115.51
1790888810.787 114.04 115.51
1790888811.292 114.04 115.51
1790888811.798 114.03 115.51
1790888812.304 114.03 115.51
1790888812.809 114.03 115.51
1790888813.315 114.02 115.50
1790888813.821 114.02 115.50
1790888814.326 114.02 115.50
1790888814.832 114.02 115.50
1790888815.337 114.02 115.50
1790888815.843 114.02 115.50
1790888816.348 114.02 115.50
1790888816.854 114.02 115.50
1790888817.359 114.02 115.50
1790888817.865 114.02 115.50
1790888818.371 114.02 115.50
1790888818.877 114.02 115.50
1790888819.382 114.02 115.50
1790888819.888 114.02 115.50
1790888820.392 114.02 115.50
1790888820.898 114.02 115.50
1790888821.404 114.02 115.50
1790888821.909 114.02 115.50
1790888822.415 114.02 115.50
1790888822.919 114.02 115.50
1790888823.425 114.01 115.49
1790888823.931 114.01 115.49
1790888824.436 114.01 115.49
1790888824.941 114.01 115.49
1790888825.447 114.01 115.49
1790888825.952 114.01 115.49
1790888826.457 114.01 115.49
1790888826.963 114.01 115.49
1790888827.468 114.01 115.49
1790888827.974 114.01 115.49
1790888828.479 113.99 115.47
1790888828.985 113.99 115.47
1790888829.490 113.99 115.47
1790888829.996 113.99 115.47
1790888830.501 113.99 115.47
1790888831.007 113.99 115.47
1790888831.512 113.99 115.47
1790888832.018 113.98 115.46
1790888832.523 113.98 115.46
1790888833.028 113.98 115.46
1790888833.534 113.99 115.46
1790888834.039 113.99 115.46
1790888834.545 113.99 115.46
1790888835.051 113.99 115.46
1790888835.556 113.99 115.46
1790888836.062 113.99 115.46
1790888836.567 113.99 115.46
1790888837.072 113.99 115.46
1790888837.578 113.99 115.46
1790888838.083 113.99 115.46
1790888838.589 113.99 115.47
1790888839.095 113.99 115.47
1790888839.600 113.99 115.47
1790888840.105 113.99 115.47
1790888840.611 113.99 115.47
1790888841.117 114.00 115.47
1790888841.622 114.00 115.47
1790888842.128 114.03 115.50
1790888842.633 114.03 115.50
1790888843.139 114.03 115.50
1790888843.645 114.02 115.50
1790888844.150 114.02 115.50
1790888844.655 114.02 115.50
1790888845.160 114.02 115.50
1790888845.666 114.02 115.50
1790888846.171 114.02 115.50
1790888846.677 114.02 115.50
1790888847.183 114.02 115.50
1790888847.688 114.02 115.50
1790888848.193 114.02 115.49
1790888848.699 114.02 115.50
1790888849.205 114.02 115.50
1790888849.710 114.02 115.50
1790888850.216 114.02 115.50
1790888850.721 114.02 115.50
1790888851.227 114.02 115.50
1790888851.733 114.02 115.50
1790888852.238 114.02 115.49
1790888852.744 114.02 115.49
1790888853.249 114.00 115.48
1790888853.754 114.01 115.49
1790888854.260 114.01 115.49
1790888854.765 114.01 115.49
1790888855.271 114.01 115.49
1790888855.776 114.01 115.49
1790888856.281 114.01 115.49
1790888856.787 114.01 115.49
1790888857.292 114.01 115.49
1790888857.798 114.01 115.49
1790888858.304 114.01 115.49
1790888858.810 114.01 115.49
1790888859.315 114.01 115.49
1790888859.821 114.01 115.49
1790888860.327 114.01 115.49
1790888860.832 114.01 115.49
1790888861.338 114.01 115.49
1790888861.843 114.01 115.49
1790888862.349 114.02 115.50
1790888862.854 114.02 115.50
1790888863.359 114.02 115.50
1790888863.865 114.02 115.50
1790888864.370 114.02 115.50
1790888864.876 114.02 115.50
1790888865.381 114.02 115.50
1790888865.887 114.02 115.50
1790888866.393 114.02 115.50
1790888866.898 114.02 115.50
1790888867.404 114.02 115.50
1790888867.910 114.02 115.50
1790888868.415 114.01 115.49
1790888868.921 114.02 115.49
1790888869.426 114.02 115.49
1790888869.932 114.02 115.49
1790888870.438 114.02 115.49
1790888870.943 114.01 115.49
1790888871.449 114.01 115.49
1790888871.954 114.01 115.49
1790888872.460 114.01 115.49
1790888872.966 114.01 115.49
1790888873.472 114.01 115.48
1790888873.977 114.01 115.48
1790888874.483 114.01 115.48
1790888874.989 114.01 115.48
1790888875.494 114.00 115.48
1790888876.000 114.00 115.48
1790888876.506 114.00 115.48
1790888877.012 114.00 115.48
1790888877.517 114.00 115.48
1790888878.023 114.00 115.48
1790888878.529 114.01 115.49
1790888879.033 114.01 115.49
1790888879.539 114.01 115.49
1790888880.045 114.01 115.49
1790888880.550 114.01 115.49
1790888881.056 114.01 115.49
1790888881.561 114.01 115.49
1790888882.067 114.01 115.49
1790888882.573 114.03 115.51
1790888883.079 114.03 115.51
1790888883.585 114.03 115.50
1790888884.090 114.03 115.50
1790888884.596 114.02 115.50
1790888885.101 114.03 115.51
1790888885.606 114.03 115.51
1790888886.111 114.03 115.51
1790888886.617 114.03 115.51
1790888887.122 114.03 115.51
1790888887.628 114.03 115.51
1790888888.134 114.03 115.51
1790888888.639 114.03 115.51
1790888889.145 114.03 115.51
1790888889.650 114.03 115.51
1790888890.156 114.03 115.51
1790888890.661 114.03 115.51
1790888891.167 114.03 115.51
1790888891.673 114.03 115.51
1790888892.177 114.03 115.51
1790888892.683 114.03 115.51
1790888893.188 114.03 115.51
1790888893.694 114.02 115.50
1790888894.200 114.02 115.50
1790888894.705 114.02 115.50
1790888895.211 114.02 115.50
1790888895.716 114.02 115.50
1790888896.221 114.02 115.50
1790888896.727 114.02 115.50
1790888897.232 114.02 115.50
1790888897.738 114.02 115.50
1790888898.243 114.02 115.49
1790888898.748 114.03 115.51
1790888899.254 114.03 115.51
1790888899.759 114.03 115.51
1790888900.265 114.03 115.51
1790888900.770 114.03 115.51
1790888901.276 114.03 115.51
1790888901.781 114.03 115.51
1790888902.285 114.01 115.49
1790888902.792 114.01 115.49
1790888903.296 114.01 115.49
1790888903.802 114.01 115.49
1790888904.308 114.02 115.49
1790888904.813 114.02 115.49
1790888905.319 114.02 115.49
1790888905.824 114.02 115.49
1790888906.330 114.02 115.49
1790888906.835 114.02 115.49
1790888907.341 114.02 115.49
1790888907.847 114.02 115.49
1790888908.353 114.03 115.51
1790888908.858 114.03 115.51
1790888909.364 114.03 115.51
1790888909.869 114.03 115.51
1790888910.375 114.03 115.51
1790888910.881 114.03 115.51
1790888911.386 114.03 115.51
1790888911.892 114.03 115.51
1790888912.396 114.04 115.52
1790888912.902 114.04 115.52
1790888913.407 114.03 115.51
1790888913.913 114.03 115.51
1790888914.418 114.03 115.51
1790888914.924 114.03 115.51
1790888915.429 114.03 115.51
1790888915.935 114.03 115.51
1790888916.440 114.03 115.51
1790888916.945 114.03 115.51
1790888917.450 114.03 115.51
1790888917.956 114.04 115.52
1790888918.462 114.05 115.53
1790888918.967 114.05 115.53
1790888919.473 114.05 115.53
1790888919.978 114.05 115.53
1790888920.483 114.05 115.53
1790888920.988 114.05 115.53
1790888921.494 114.05 115.53
1790888922.000 114.05 115.53
1790888922.505 114.05 115.53
1790888923.011 114.06 115.53
1790888923.516 114.07 115.55
1790888924.022 114.07 115.55
1790888924.527 114.07 115.55
1790888925.033 114.07 115.55
1790888925.538 114.07 115.55
1790888926.043 114.07 115.55
1790888926.548 114.07 115.55
1790888927.053 114.07 115.55
1790888927.558 114.07 115.55
1790888928.064 114.07 115.55
1790888928.569 114.05 115.53
1790888929.075 114.05 115.53
1790888929.580 114.06 115.53
1790888930.086 114.06 115.53
1790888930.592 114.06 115.53
1790888931.097 114.05 115.53
1790888931.603 114.05 115.53
1790888932.108 114.05 115.53
1790888932.614 114.05 115.53
1790888933.119 114.05 115.53
1790888933.625 114.03 115.51
1790888934.131 114.03 115.51
1790888934.636 114.03 115.51
1790888935.141 114.03 115.51
1790888935.647 114.03 115.51
1790888936.153 114.03 115.51
1790888936.658 114.03 115.51
1790888937.164 114.03 115.51
1790888937.669 114.03 115.51
1790888938.175 114.03 115.51
1790888938.681 114.04 115.51
1790888939.186 114.04 115.51
1790888939.692 114.04 115.51
1790888940.198 114.04 115.51
1790888940.703 114.04 115.51
1790888941.209 114.04 115.51
1790888941.715 114.04 115.51
1790888942.221 114.04 115.51
1790888942.726 114.03 115.51
1790888943.231 114.03 115.51
1790888943.738 114.05 115.52
1790888944.243 114.05 115.53
1790888944.749 114.05 115.53
1790888945.254 114.05 115.53
1790888945.760 114.05 115.53
1790888946.265 114.05 115.53
1790888946.771 114.05 115.53
1790888947.276 114.05 115.53
1790888947.782 114.05 115.53
1790888948.286 114.05 115.53
1790888948.791 114.05 115.53
1790888949.297 114.05 115.53
1790888949.803 114.05 115.53
1790888950.309 114.05 115.53
1790888950.814 114.05 115.53
1790888951.320 114.05 115.53
1790888951.826 114.05 115.53
1790888952.331 114.05 115.53
1790888952.837 114.07 115.54
1790888953.343 114.06 115.54
1790888953.849 114.06 115.54
1790888954.354 114.06 115.54
1790888954.860 114.06 115.54
1790888955.366 114.06 115.54
1790888955.871 114.06 115.54
1790888956.377 114.06 115.54
1790888956.883 114.06 115.54
1790888957.389 114.06 115.54
1790888957.895 114.06 115.54
1790888958.400 114.06 115.54
1790888958.906 114.06 115.54
1790888959.411 114.06 115.54
1790888959.917 114.06 115.54
1790888960.422 114.06 115.54
1790888960.928 114.06 115.54
1790888961.433 114.06 115.54
1790888961.938 114.06 115.54
1790888962.444 114.06 115.54
1790888962.950 114.06 115.54
1790888963.456 114.04 115.52
1790888963.961 114.04 115.52
1790888964.467 114.04 115.52
1790888964.972 114.04 115.52
1790888965.477 114.04 115.52
1790888965.983 114.04 115.52
1790888966.488 114.04 115.52
1790888966.993 114.04 115.52
1790888967.499 114.04 115.52
1790888968.004 114.04 115.52
1790888968.510 114.05 115.53
1790888969.016 114.05 115.53
1790888969.522 114.05 115.53
1790888970.027 114.05 115.53
1790888970.533 114.05 115.53
1790888971.038 114.05 115.53
1790888971.544 114.05 115.53
1790888972.049 114.05 115.53
1790888972.554 114.05 115.53
1790888973.059 114.04 115.52
1790888973.565 114.05 115.53
1790888974.071 114.05 115.53
1790888974.576 114.05 115.53
1790888975.082 114.05 115.53
1790888975.587 114.05 115.53
1790888976.093 114.05 115.53
1790888976.599 114.06 115.54
1790888977.103 114.06 115.53
1790888977.609 114.06 115.53
1790888978.114 114.06 115.53
1790888978.620 114.04 115.52
1790888979.126 114.04 115.52
1790888979.631 114.04 115.52
1790888980.137 114.04 115.52
1790888980.642 114.04 115.52
1790888981.148 114.04 115.52
1790888981.653 114.04 115.52
1790888982.159 114.04 115.52
1790888982.664 114.04 115.52
1790888983.169 114.04 115.52
1790888983.675 114.06 115.54
1790888984.181 114.06 115.54
1790888984.687 114.06 115.54
1790888985.192 114.06 115.54
1790888985.698 114.06 115.54
1790888986.203 114.06 115.54
1790888986.709 114.06 115.54
1790888987.214 114.06 115.54
1790888987.720 114.06 115.54
1790888988.225 114.05 115.53
1790888988.731 114.05 115.53
1790888989.237 114.05 115.53
1790888989.742 114.05 115.53
1790888990.248 114.05 115.53
1790888990.754 114.05 115.53
1790888991.259 114.05 115.53
1790888991.764 114.05 115.53
1790888992.269 114.05 115.53
1790888992.775 114.05 115.53
1790888993.280 114.05 115.53
1790888993.785 114.05 115.53
1790888994.291 114.05 115.53
1790888994.796 114.05 115.53
1790888995.302 114.05 115.53
1790888995.807 114.05 115.53
1790888996.313 114.05 115.53
1790888996.818 114.05 115.53
1790888997.324 114.05 115.53
1790888997.829 114.06 115.54
1790888998.334 114.05 115.53
1790888998.840 114.05 115.53
1790888999.345 114.05 115.53
1790888999.851 114.05 115.53
1790889000.356 114.05 115.53
1790889000.862 114.05 115.53
1790889001.367 114.05 115.53
1790889001.873 114.05 115.53
1790889002.379 114.05 115.53
1790889002.884 114.03 115.51
1790889003.390 114.04 115.52
1790889003.896 114.04 115.52
1790889004.401 114.04 115.52
1790889004.907 114.04 115.52
1790889005.412 114.04 115.52
1790889005.918 114.04 115.52
1790889006.423 114.04 115.52
1790889006.928 114.04 115.52
1790889007.432 114.04 115.52
1790889007.937 114.05 115.53
1790889008.443 114.05 115.53
1790889008.948 114.05 115.53
1790889009.454 114.05 115.53
1790889009.959 114.05 115.53
1790889010.465 114.05 115.53
1790889010.970 114.05 115.53
1790889011.476 114.05 115.53
1790889011.981 114.05 115.53
1790889012.487 114.05 115.53
1790889012.991 114.03 115.51
1790889013.496 114.01 115.49
1790889014.002 114.01 115.49
1790889014.508 114.01 115.49
1790889015.014 114.01 115.49
1790889015.519 114.01 115.49
1790889016.024 114.01 115.49
1790889016.530 114.01 115.49
1790889017.036 114.01 115.49
1790889017.542 114.01 115.49
1790889018.047 114.01 115.49
1790889018.552 114.01 115.49
1790889019.058 114.01 115.49
1790889019.563 114.01 115.49
1790889020.069 114.01 115.49
1790889020.574 114.01 115.49
1790889021.080 114.02 115.50
1790889021.586 114.02 115.50
1790889022.091 114.02 115.50
1790889022.595 114.02 115.50
1790889023.100 114.04 115.52
1790889023.606 114.04 115.53
1790889024.112 114.05 115.53
1790889024.617 114.05 115.53
1790889025.123 114.05 115.53
1790889025.629 114.05 115.53
1790889026.135 114.05 115.53
1790889026.639 114.05 115.53
1790889027.145 114.05 115.53
1790889027.651 114.05 115.53
1790889028.156 114.05 115.53
1790889028.662 114.04 115.52
1790889029.168 114.04 115.52
1790889029.673 114.04 115.52
1790889030.179 114.04 115.52
1790889030.685 114.04 115.52
1790889031.190 114.04 115.52
1790889031.696 114.04 115.52
1790889032.201 114.04 115.52
1790889032.706 114.04 115.52
1790889033.211 114.04 115.52
1790889033.717 114.05 115.53
1790889034.223 114.05 115.53
1790889034.729 114.05 115.53
1790889035.234 114.05 115.53
1790889035.740 114.05 115.53
1790889036.245 114.05 115.53
1790889036.751 114.05 115.53
1790889037.257 114.05 115.53
1790889037.762 114.05 115.53
1790889038.268 114.05 115.53
1790889038.773 114.07 115.55
1790889039.279 114.07 115.55
1790889039.784 114.07 115.55
1790889040.289 114.07 115.55
1790889040.795 114.07 115.55
1790889041.301 114.07 115.55
1790889041.806 114.07 115.55
1790889042.312 114.07 115.55
1790889042.817 114.07 115.55
1790889043.323 114.08 115.56
1790889043.828 114.08 115.56
1790889044.334 114.08 115.56
1790889044.840 114.08 115.56
1790889045.345 114.08 115.56
1790889045.851 114.08 115.56
1790889046.356 114.08 115.56
1790889046.862 114.08 115.56
1790889047.367 114.08 115.56
1790889047.873 114.08 115.56
1790889048.378 114.08 115.56
1790889048.883 114.08 115.56
1790889049.389 114.08 115.56
1790889049.894 114.08 115.56
1790889050.400 114.08 115.56
1790889050.905 114.08 115.56
1790889051.411 114.08 115.56
1790889051.916 114.08 115.56
1790889052.422 114.08 115.56
1790889052.927 114.08 115.56
1790889053.433 114.06 115.54
1790889053.939 114.06 115.54
1790889054.445 114.06 115.54
1790889054.950 114.06 115.54
1790889055.456 114.06 115.54
1790889055.961 114.06 115.54
1790889056.466 114.06 115.54
1790889056.972 114.06 115.54
1790889057.478 114.06 115.54
1790889057.983 114.06 115.54
1790889058.489 114.06 115.54
1790889058.995 114.06 115.54
1790889059.501 114.05 115.54
1790889060.006 114.05 115.54
1790889060.512 114.05 115.54
1790889061.018 114.05 115.54
1790889061.523 114.05 115.54
1790889062.029 114.05 115.54
1790889062.533 114.05 115.54
1790889063.039 114.05 115.54
1790889063.545 114.08 115.56
1790889064.051 114.08 115.56
1790889064.556 114.07 115.56
1790889065.062 114.07 115.56
1790889065.567 114.07 115.56
1790889066.073 114.08 115.56
1790889066.579 114.08 115.56
1790889067.084 114.08 115.56
1790889067.590 114.08 115.56
1790889068.096 114.08 115.56
1790889068.601 114.08 115.57
1790889069.107 114.08 115.57
1790889069.613 114.08 115.57
1790889070.118 114.08 115.56
1790889070.623 114.08 115.57
1790889071.129 114.08 115.56
1790889071.634 114.08 115.56
1790889072.139 114.08 115.57
1790889072.645 114.08 115.57
1790889073.150 114.08 115.57
1790889073.655 114.10 115.59
1790889074.161 114.10 115.59
1790889074.666 114.10 115.59
1790889075.172 114.10 115.59
1790889075.677 114.10 115.59
1790889076.183 114.11 115.59
1790889076.689 114.11 115.59
1790889077.195 114.11 115.59
1790889077.700 114.11 115.59
1790889078.206 114.11 115.59
1790889078.712 114.10 115.58
1790889079.218 114.10 115.58
1790889079.724 114.10 115.58
1790889080.229 114.10 115.58
1790889080.735 114.10 115.58
1790889081.241 114.10 115.58
1790889081.746 114.10 115.58
1790889082.251 114.10 115.58
1790889082.757 114.10 115.58
1790889083.262 114.09 115.57
1790889083.768 114.10 115.58
1790889084.273 114.10 115.58
1790889084.778 114.10 115.58
1790889085.284 114.10 115.58
1790889085.790 114.10 115.58
1790889086.295 114.10 115.58
1790889086.801 114.10 115.58
1790889087.306 114.10 115.58
1790889087.812 114.10 115.58
1790889088.317 114.10 115.59
1790889088.823 114.10 115.59
1790889089.328 114.11 115.59
1790889089.834 114.11 115.59
1790889090.340 114.11 115.59
1790889090.845 114.11 115.59
1790889091.351 114.11 115.59
1790889091.856 114.11 115.59
1790889092.362 114.11 115.59
1790889092.867 114.11 115.59
1790889093.373 114.12 115.60
1790889093.878 114.11 115.60
1790889094.384 114.11 115.60
1790889094.890 114.11 115.60
1790889095.395 114.11 115.60
1790889095.900 114.11 115.60
1790889096.406 114.11 115.60
1790889096.912 114.11 115.60
1790889097.417 114.11 115.59
1790889097.923 114.11 115.59
1790889098.429 114.11 115.59
1790889098.934 114.11 115.59
1790889099.440 114.11 115.59
1790889099.945 114.11 115.59
1790889100.450 114.11 115.59
1790889100.956 114.11 115.59
1790889101.462 114.11 115.59
1790889101.967 114.11 115.59
1790889102.472 114.11 115.59
1790889102.978 114.11 115.59
1790889103.483 114.11 115.59
1790889103.989 114.11 115.59
1790889104.495 114.11 115.59
1790889105.001 114.11 115.59
1790889105.506 114.11 115.59
1790889106.012 114.11 115.59
1790889106.516 114.11 115.59
1790889107.021 114.11 115.59
1790889107.526 114.11 115.59
1790889108.031 114.11 115.60
1790889108.537 114.12 115.60
1790889109.042 114.12 115.60
1790889109.548 114.12 115.60
1790889110.054 114.12 115.60
1790889110.560 114.12 115.60
1790889111.065 114.12 115.60
1790889111.571 114.12 115.60
1790889112.075 114.12 115.60
1790889112.581 114.12 115.60
1790889113.086 114.12 115.60
1790889113.590 114.12 115.60
1790889114.096 114.12 115.60
1790889114.602 114.12 115.60
1790889115.108 114.12 115.60
1790889115.613 114.12 115.60
1790889116.119 114.12 115.60
1790889116.624 114.12 115.60
1790889117.129 114.12 115.60
1790889117.635 114.12 115.60
1790889118.140 114.12 115.60
1790889118.646 114.10 115.58
1790889119.152 114.10 115.58
1790889119.657 114.10 115.58
1790889120.163 114.10 115.58
1790889120.668 114.10 115.58
1790889121.173 114.10 115.58
1790889121.679 114.10 115.58
1790889122.184 114.10 115.58
1790889122.690 114.10 115.58
1790889123.195 114.10 115.58
1790889123.701 114.11 115.59
1790889124.207 114.11 115.60
1790889124.712 114.11 115.60
1790889125.218 114.11 115.60
1790889125.723 114.11 115.60
1790889126.229 114.11 115.60
1790889126.734 114.11 115.59
1790889127.240 114.11 115.59
1790889127.745 114.11 115.59
1790889128.250 114.10 115.58
1790889128.756 114.10 115.58
1790889129.262 114.10 115.58
1790889129.767 114.10 115.58
1790889130.273 114.10 115.58
1790889130.778 114.10 115.58
1790889131.283 114.10 115.58
1790889131.789 114.10 115.58
1790889132.295 114.10 115.58
1790889132.800 114.10 115.58
1790889133.304 114.10 115.58
1790889133.810 114.09 115.57
1790889134.316 114.09 115.57
1790889134.822 114.09 115.57
1790889135.328 114.09 115.57
1790889135.833 114.09 115.57
1790889136.339 114.09 115.57
1790889136.845 114.09 115.57
1790889137.350 114.09 115.57
1790889137.856 114.09 115.57
1790889138.362 114.10 115.58
1790889138.866 114.09 115.58
1790889139.372 114.09 115.58
1790889139.878 114.09 115.58
1790889140.383 114.09 115.58
1790889140.889 114.09 115.58
1790889141.394 114.09 115.58
1790889141.899 114.10 115.58
1790889142.405 114.10 115.58
1790889142.910 114.10 115.58
1790889143.416 114.10 115.58
1790889143.921 114.09 115.57
1790889144.427 114.09 115.57
1790889144.932 114.09 115.57
1790889145.438 114.09 115.57
1790889145.944 114.09 115.57
1790889146.449 114.09 115.57
1790889146.955 114.09 115.57
1790889147.460 114.09 115.57
1790889147.965 114.09 115.57
1790889148.471 114.09 115.58
1790889148.975 114.09 115.58
1790889149.481 114.10 115.58
1790889149.987 114.10 115.58
1790889150.492 114.10 115.58
1790889150.998 114.10 115.58
1790889151.503 114.10 115.58
1790889152.008 114.09 115.58
1790889152.514 114.10 115.58
1790889153.020 114.10 115.58
1790889153.525 114.09 115.57
1790889154.030 114.10 115.58
1790889154.536 114.10 115.58
1790889155.041 114.10 115.58
1790889155.547 114.10 115.58
1790889156.052 114.10 115.58
1790889156.558 114.10 115.58
1790889157.063 114.10 115.58
1790889157.569 114.10 115.58
1790889158.074 114.10 115.58
1790889158.580 114.12 115.60
1790889159.086 114.12 115.60
1790889159.591 114.12 115.60
1790889160.097 114.12 115.60
1790889160.603 114.12 115.60
1790889161.108 114.12 115.60
1790889161.614 114.12 115.60
1790889162.119 114.12 115.60
1790889162.624 114.12 115.60
1790889163.130 114.12 115.60
1790889163.636 114.12 115.60
1790889164.142 114.12 115.60
1790889164.647 114.12 115.60
1790889165.152 114.12 115.60
1790889165.658 114.12 115.60
1790889166.164 114.12 115.60
1790889166.669 114.12 115.60
1790889167.175 114.12 115.60
1790889167.679 114.12 115.60
1790889168.185 114.12 115.60
1790889168.690 114.11 115.60
1790889169.196 114.11 115.60
1790889169.701 114.11 115.60
1790889170.207 114.11 115.60
1790889170.712 114.11 115.60
1790889171.217 114.11 115.60
1790889171.723 114.11 115.60
1790889172.229 114.11 115.60
1790889172.734 114.11 115.60
1790889173.239 114.10 115.58
1790889173.746 114.12 115.60
1790889174.251 114.12 115.60
1790889174.757 114.12 115.60
1790889175.262 114.12 115.60
1790889175.768 114.12 115.60
1790889176.272 114.12 115.60
1790889176.778 114.12 115.60
1790889177.283 114.12 115.60
1790889177.788 114.12 115.60
1790889178.293 114.12 115.60
1790889178.798 114.12 115.60
1790889179.304 114.12 115.60
1790889179.809 114.12 115.60
1790889180.315 114.12 115.60
1790889180.821 114.12 115.60
1790889181.326 114.12 115.60
1790889181.832 114.12 115.60
1790889182.336 114.12 115.60
1790889182.842 114.12 115.60
1790889183.347 114.13 115.61
1790889183.853 114.13 115.61
1790889184.359 114.11 115.59
1790889184.865 114.11 115.59
1790889185.370 114.11 115.59
1790889185.876 114.11 115.59
1790889186.382 114.11 115.59
1790889186.888 114.11 115.59
1790889187.394 114.11 115.59
1790889187.899 114.11 115.59
1790889188.405 114.11 115.60
1790889188.911 114.11 115.60
1790889189.416 114.11 115.60
1790889189.921 114.11 115.60
1790889190.427 114.11 115.60
1790889190.933 114.11 115.60
1790889191.438 114.11 115.60
1790889191.944 114.11 115.60
1790889192.449 114.11 115.60
1790889192.954 114.11 115.60
1790889193.459 114.11 115.59
1790889193.965 114.11 115.59
1790889194.471 114.12 115.60
1790889194.976 114.12 115.60
1790889195.482 114.12 115.60
1790889195.988 114.12 115.60
1790889196.493 114.12 115.60
1790889196.999 114.12 115.60
1790889197.504 114.12 115.60
1790889198.010 114.12 115.60
1790889198.516 114.13 115.61
1790889199.022 114.13 115.61
1790889199.526 114.13 115.61
1790889200.031 114.13 115.61
1790889200.536 114.13 115.61
1790889201.042 114.13 115.61
1790889201.547 114.13 115.61
1790889202.052 114.13 115.61
1790889202.558 114.13 115.61
1790889203.064 114.13 115.61
1790889203.569 114.12 115.61
1790889204.074 114.11 115.59
1790889204.580 114.12 115.60
1790889205.086 114.12 115.60
1790889205.591 114.12 115.60
1790889206.097 114.12 115.60
1790889206.603 114.12 115.60
1790889207.108 114.12 115.60
1790889207.614 114.12 115.60
1790889208.119 114.12 115.60
1790889208.625 114.11 115.59
1790889209.130 114.11 115.59
1790889209.636 114.11 115.59
1790889210.142 114.11 115.59
1790889210.648 114.11 115.59
1790889211.154 114.11 115.59
1790889211.659 114.11 115.59
1790889212.165 114.11 115.59
1790889212.670 114.11 115.59
1790889213.175 114.11 115.59
1790889213.681 114.12 115.60
1790889214.185 114.11 115.59
1790889214.691 114.11 115.59
1790889215.196 114.11 115.59
1790889215.702 114.11 115.59
1790889216.207 114.11 115.59
1790889216.712 114.11 115.59
1790889217.218 114.11 115.59
1790889217.723 114.11 115.59
1790889218.228 114.10 115.58
1790889218.734 114.11 115.59
1790889219.239 114.11 115.59
1790889219.745 114.11 115.59
1790889220.251 114.11 115.59
1790889220.756 114.11 115.59
1790889221.261 114.11 115.59
1790889221.767 114.11 115.59
1790889222.272 114.11 115.59
1790889222.778 114.11 115.59
1790889223.283 114.09 115.58
1790889223.788 114.10 115.58
1790889224.294 114.10 115.58
1790889224.800 114.10 115.58
1790889225.306 114.10 115.58
1790889225.811 114.10 115.58
1790889226.317 114.10 115.58
1790889226.823 114.10 115.58
1790889227.329 114.10 115.58
1790889227.835 114.10 115.58
1790889228.341 114.10 115.58
1790889228.847 114.10 115.58
1790889229.352 114.10 115.58
1790889229.857 114.10 115.58
1790889230.363 114.10 115.58
1790889230.868 114.10 115.58
1790889231.373 114.10 115.58
1790889231.879 114.10 115.58
1790889232.385 114.10 115.58
1790889232.890 114.10 115.58
1790889233.396 114.12 115.60
1790889233.901 114.12 115.60
1790889234.407 114.13 115.62
1790889234.912 114.13 115.62
1790889235.418 114.13 115.62
1790889235.924 114.13 115.62
1790889236.430 114.13 115.62
1790889236.935 114.13 115.62
1790889237.441 114.13 115.62
1790889237.946 114.13 115.62
1790889238.451 114.12 115.60
1790889238.957 114.12 115.60
1790889239.462 114.12 115.60
1790889239.968 114.12 115.60
1790889240.474 114.12 115.60
1790889240.979 114.12 115.60
1790889241.485 114.12 115.60
1790889241.991 114.12 115.60
1790889242.496 114.12 115.60
1790889243.001 114.12 115.60
1790889243.507 114.12 115.60
1790889244.012 114.12 115.60
1790889244.518 114.11 115.60
1790889245.023 114.11 115.60
1790889245.528 114.11 115.60
1790889246.033 114.11 115.60
1790889246.538 114.11 115.60
1790889247.044 114.11 115.60
1790889247.549 114.11 115.60
1790889248.055 114.11 115.60
1790889248.561 114.11 115.59
1790889249.066 114.11 115.59
1790889249.572 114.11 115.59
1790889250.077 114.11 115.59
1790889250.583 114.11 115.59
1790889251.089 114.11 115.59
1790889251.594 114.11 115.59
1790889252.100 114.11 115.59
1790889252.605 114.11 115.59
1790889253.111 114.11 115.59
1790889253.617 114.11 115.59
1790889254.122 114.11 115.59
1790889254.628 114.12 115.60
1790889255.134 114.12 115.60
1790889255.640 114.12 115.60
1790889256.145 114.12 115.60
1790889256.651 114.12 115.60
1790889257.156 114.12 115.60
1790889257.662 114.12 115.60
1790889258.167 114.12 115.60
1790889258.673 114.13 115.61
1790889259.178 114.13 115.61
1790889259.684 114.13 115.61
1790889260.189 114.13 115.61
1790889260.695 114.13 115.61
1790889261.200 114.13 115.61
1790889261.706 114.13 115.61
1790889262.211 114.13 115.61
1790889262.716 114.13 115.61
1790889263.221 114.13 115.61
1790889263.727 114.13 115.61
1790889264.232 114.12 115.61
1790889264.738 114.12 115.61
1790889265.244 114.12 115.61
1790889265.749 114.12 115.61
1790889266.255 114.12 115.61
1790889266.760 114.12 115.61
1790889267.266 114.12 115.61
1790889267.772 114.12 115.61
1790889268.277 114.12 115.60
1790889268.783 114.13 115.61
1790889269.289 114.13 115.61
1790889269.795 114.13 115.61
1790889270.300 114.13 115.61
1790889270.806 114.13 115.61
1790889271.311 114.13 115.61
1790889271.817 114.13 115.61
1790889272.322 114.13 115.61
1790889272.828 114.13 115.61
1790889273.333 114.13 115.62
1790889273.839 114.13 115.62
1790889274.345 114.13 115.62
1790889274.851 114.13 115.62
1790889275.356 114.13 115.62
1790889275.862 114.13 115.62
1790889276.368 114.13 115.62
1790889276.873 114.13 115.62
1790889277.379 114.13 115.62
1790889277.885 114.13 115.62
1790889278.391 114.14 115.62
1790889278.897 114.14 115.62
1790889279.402 114.14 115.62
1790889279.908 114.14 115.62
1790889280.414 114.14 115.62
1790889280.919 114.14 115.62
1790889281.424 114.14 115.62
1790889281.930 114.14 115.62
1790889282.436 114.14 115.62
1790889282.941 114.14 115.62
1790889283.447 114.13 115.62
1790889283.953 114.13 115.62
1790889284.459 114.13 115.62
1790889284.964 114.14 115.63
1790889285.470 114.14 115.63
1790889285.975 114.14 115.63
1790889286.481 114.14 115.63
1790889286.987 114.14 115.63
1790889287.492 114.14 115.63
1790889287.998 114.14 115.63
1790889288.503 114.13 115.61
1790889289.009 114.13 115.61
1790889289.515 114.13 115.61
1790889290.020 114.13 115.61
1790889290.526 114.13 115.61
1790889291.032 114.13 115.61
1790889291.537 114.13 115.61
1790889292.043 114.13 115.61
1790889292.549 114.13 115.61
1790889293.054 114.13 115.61
1790889293.560 114.13 115.61
1790889294.066 114.13 115.61
1790889294.572 114.13 115.61
1790889295.077 114.13 115.61
1790889295.582 114.13 115.61
1790889296.088 114.13 115.61
1790889296.593 114.13 115.61
1790889297.099 114.13 115.61
1790889297.604 114.13 115.61
1790889298.110 114.13 115.61
1790889298.616 114.12 115.60
1790889299.121 114.12 115.60
1790889299.627 114.12 115.60
1790889300.133 114.12 115.60
1790889300.638 114.12 115.60
1790889301.144 114.12 115.60
1790889301.650 114.12 115.60
1790889302.155 114.12 115.60
1790889302.661 114.12 115.60
1790889303.167 114.12 115.60
1790889303.673 114.11 115.60
1790889304.178 114.11 115.60
1790889304.683 114.10 115.58
1790889305.189 114.11 115.59
1790889305.694 114.11 115.59
1790889306.200 114.11 115.59
1790889306.705 114.12 115.60
1790889307.211 114.12 115.60
1790889307.717 114.12 115.60
1790889308.223 114.12 115.60
1790889308.728 114.12 115.60
1790889309.234 114.12 115.60
1790889309.739 114.12 115.60
1790889310.245 114.12 115.60
1790889310.751 114.12 115.60
1790889311.256 114.12 115.60
1790889311.762 114.12 115.60
1790889312.267 114.12 115.60
1790889312.772 114.12 115.60
1790889313.277 114.10 115.58
1790889313.783 114.12 115.60
1790889314.289 114.12 115.60
1790889314.794 114.12 115.60
1790889315.299 114.12 115.60
1790889315.805 114.12 115.60
1790889316.311 114.12 115.60
1790889316.817 114.12 115.60
1790889317.322 114.12 115.60
1790889317.827 114.12 115.60
1790889318.332 114.11 115.60
1790889318.838 114.12 115.60
1790889319.344 114.12 115.60
1790889319.849 114.12 115.60
1790889320.355 114.12 115.60
1790889320.860 114.12 115.60
1790889321.366 114.12 115.60
1790889321.871 114.12 115.60
1790889322.376 114.12 115.60
1790889322.881 114.12 115.60
1790889323.386 114.11 115.59
1790889323.892 114.11 115.59
1790889324.397 114.11 115.59
1790889324.903 114.10 115.58
1790889325.408 114.07 115.57
1790889325.912 114.06 115.56
1790889326.418 114.06 115.56
1790889326.924 114.06 115.56
1790889327.430 114.06 115.56
1790889327.935 114.06 115.56
1790889328.441 114.07 115.57
1790889328.947 114.07 115.57
1790889329.452 114.07 115.57
1790889329.957 114.07 115.57
1790889330.463 114.07 115.57
1790889330.968 114.07 115.57
1790889331.474 114.07 115.57
1790889331.979 114.07 115.57
1790889332.485 114.07 115.57
1790889332.990 114.06 115.56
1790889333.497 116.18 115.61
1790889334.023 116.26 115.66
1790889334.536 116.26 115.66
1790889335.042 116.21 115.63
1790889335.547 116.21 115.63
1790889336.053 116.21 115.63
1790889336.558 116.21 115.63
1790889337.063 116.21 115.63
1790889337.569 116.21 115.63
1790889338.074 116.21 115.63
1790889338.580 116.22 115.64
1790889339.085 116.22 115.64
1790889339.591 116.22 115.64
1790889340.097 116.22 115.64
1790889340.602 116.22 115.64
1790889341.108 116.22 115.64
1790889341.614 116.22 115.64
1790889342.119 116.22 115.64
1790889342.625 116.22 115.64
1790889343.131 116.22 115.64
1790889343.636 116.20 115.62
1790889344.142 116.20 115.62
1790889344.646 116.18 115.62
1790889345.151 116.06 115.58
1790889345.656 116.04 115.58
1790889346.162 115.74 115.45
1790889346.667 115.59 115.36
1790889347.172 115.54 115.34
1790889347.677 115.46 115.30
1790889348.183 115.21 115.06
1790889348.689 115.21 115.06
1790889349.194 115.21 115.06
1790889349.699 115.20 115.05
1790889350.204 114.85 114.71
1790889350.709 114.16 114.04
1790889351.215 113.74 113.61
1790889351.720 113.26 113.14
1790889352.225 112.96 112.84
1790889352.731 112.19 112.22
1790889353.235 111.64 111.56
1790889353.740 111.35 111.28
1790889354.245 111.10 111.05
1790889354.750 110.85 110.83
1790889355.255 110.59 110.59
1790889355.760 108.85 108.89
1790889356.265 108.81 108.89
1790889356.771 109.62 109.72
1790889357.276 109.41 109.52
1790889357.780 109.20 109.32
1790889358.285 108.97 109.09
1790889358.790 108.18 108.30
1790889359.296 107.14 107.28
1790889359.801 107.11 107.28
1790889360.306 107.09 107.28
1790889360.811 107.06 107.28
1790889361.316 106.89 107.13
1790889361.821 106.48 106.77
1790889362.327 106.86 107.18
1790889362.832 106.85 107.18
1790889363.338 106.62 106.95
1790889363.843 106.39 106.73
1790889364.348 106.18 106.52
1790889364.853 104.32 104.68
1790889365.358 104.28 104.66
1790889365.863 104.26 104.66
1790889366.368 104.30 104.73
1790889366.873 104.19 104.64
1790889367.379 103.77 104.27
1790889367.884 103.19 103.73
1790889368.390 103.41 103.96
1790889368.895 103.21 103.77
1790889369.400 102.99 103.55
1790889369.905 101.37 101.94
1790889370.410 101.27 101.86
1790889370.916 101.25 101.86
1790889371.421 101.22 101.86
1790889371.926 101.20 101.86
1790889372.431 100.92 101.61
1790889372.936 100.51 101.25
1790889373.441 101.15 101.92
1790889373.945 100.98 101.75
1790889374.450 100.78 101.56
1790889374.956 100.56 101.34
1790889375.462 99.78 100.57
1790889375.968 98.67 99.48
1790889376.472 98.64 99.48
1790889376.977 98.62 99.48
1790889377.483 98.60 99.48
1790889377.988 98.01 98.92
1790889378.493 97.59 98.54
1790889378.998 98.08 99.07
1790889379.502 97.90 98.90
1790889380.007 97.71 98.71
1790889380.512 97.56 98.56
1790889381.018 95.86 96.88
1790889381.522 95.84 96.88
1790889382.027 95.82 96.88
1790889382.532 95.79 96.88
1790889383.041 95.77 96.88
1790889383.547 95.22 96.37
1790889384.052 94.83 96.02
1790889384.557 95.36 96.57
1790889385.062 95.16 96.38
1790889385.566 94.94 96.16
1790889386.072 94.74 95.97
1790889386.576 93.19 94.43
1790889387.081 93.16 94.43
1790889387.586 93.14 94.43
1790889388.092 93.12 94.43
1790889388.597 93.10 94.43
1790889389.102 92.66 94.02
1790889389.607 92.28 93.69
1790889390.112 92.70 94.13
1790889390.617 92.53 93.97
1790889391.122 92.38 93.83
1790889391.627 92.23 93.68
1790889392.131 90.53 91.99
1790889392.636 90.51 91.99
1790889393.141 90.48 91.99
1790889393.646 90.46 92.00
1790889394.152 89.95 91.51
1790889394.657 89.55 91.15
1790889395.162 89.13 90.78
1790889395.667 89.27 90.93
1790889396.172 89.05 90.72
1790889396.677 88.92 90.60
1790889397.182 88.76 90.44
1790889397.687 87.21 88.90
1790889398.192 87.19 88.90
1790889398.697 87.15 88.89
1790889399.201 87.12 88.89
1790889399.707 86.55 88.35
1790889400.212 86.16 88.00
1790889400.716 86.16 88.04
1790889401.221 86.04 87.93
1790889401.726 85.87 87.76
1790889402.231 85.73 87.62
1790889402.736 84.15 86.05
1790889403.241 84.11 86.03
1790889403.746 84.09 86.04
1790889404.251 84.07 86.04
1790889404.755 84.04 86.04
1790889405.261 83.22 85.26
1790889405.766 82.81 84.89
1790889406.270 83.26 85.36
1790889406.775 83.13 85.24
1790889407.280 82.96 85.07
1790889407.785 82.80 84.92
1790889408.289 81.29 83.42
1790889408.794 81.27 83.42
1790889409.299 81.25 83.42
1790889409.804 81.23 83.42
1790889410.309 81.21 83.43
1790889410.814 80.71 82.97
1790889411.320 80.32 82.63
1790889411.824 80.86 83.19
1790889412.329 80.76 83.09
1790889412.834 80.63 82.97
1790889413.339 80.44 82.78
1790889413.844 78.96 81.31
1790889414.348 78.94 81.31
1790889414.853 78.91 81.31
1790889415.358 78.87 81.29
1790889415.864 78.67 81.12
1790889416.369 78.29 80.78
1790889416.874 77.90 80.44
1790889417.378 78.63 81.18
1790889417.883 78.50 81.05
1790889418.388 78.32 80.88
1790889418.893 78.15 80.71
1790889419.398 76.53 79.10
1790889419.903 76.50 79.10
1790889420.407 76.48 79.10
1790889420.912 76.45 79.10
1790889421.418 76.12 78.79
1790889421.923 75.73 78.45
1790889422.428 75.35 78.11
1790889422.933 75.60 78.37
1790889423.439 75.46 78.23
1790889423.944 75.33 78.11
1790889424.449 75.18 77.96
1790889424.954 73.52 76.33
1790889425.459 73.48 76.30
1790889425.964 73.46 76.31
1790889426.469 73.44 76.31
1790889426.974 73.43 76.31
1790889427.479 73.03 75.95
1790889427.984 72.65 75.61
1790889428.489 73.30 76.29
1790889428.994 73.13 76.13
1790889429.499 72.92 75.92
1790889430.003 72.72 75.72
1790889430.509 71.10 74.10
1790889431.013 70.99 74.01
1790889431.518 70.96 74.01
1790889432.023 70.93 74.01
1790889432.529 70.92 74.01
1790889433.034 70.76 73.88
1790889433.540 70.36 73.52
1790889434.044 69.97 73.18
1790889434.550 70.64 73.86
1790889435.055 70.47 73.69
1790889435.560 70.28 73.51
1790889436.068 69.62 72.85
1790889436.575 68.35 71.60
1790889437.080 68.33 71.60
1790889437.585 68.31 71.61
1790889438.090 68.28 71.61
1790889438.596 68.09 71.44
1790889439.101 67.71 71.11
1790889439.607 67.33 70.77
1790889440.112 67.99 71.43
1790889440.617 67.79 71.24
1790889441.122 67.55 71.00
1790889441.627 67.30 70.75
1790889442.133 65.66 69.13
1790889442.639 65.64 69.13
1790889443.143 65.61 69.14
1790889443.648 65.57 69.12
1790889444.154 65.38 68.96
1790889444.659 65.01 68.64
1790889445.167 64.61 68.27
1790889445.672 65.28 68.95
1790889446.176 65.08 68.75
1790889446.681 64.87 68.54
1790889447.186 64.67 68.35
1790889447.691 62.99 66.67
1790889448.196 62.94 66.65
1790889448.701 62.91 66.64
1790889449.205 62.89 66.64
1790889449.710 62.87 66.64
1790889450.215 62.22 66.03
1790889450.721 61.86 65.71
1790889451.226 62.15 66.03
1790889451.730 61.98 65.87
1790889452.235 61.84 65.73
1790889452.740 61.69 65.59
1790889453.245 59.92 63.83
1790889453.750 59.86 63.80
1790889454.255 59.83 63.80
1790889454.760 59.80 63.80
1790889455.265 59.85 63.90
1790889455.770 59.49 63.60
1790889456.275 59.54 63.65
1790889456.780 59.39 63.51
1790889457.285 58.36 62.49
1790889457.790 58.26 62.41
1790889458.294 58.23 62.41
1790889458.800 58.21 62.42
1790889459.305 57.87 62.11
1790889459.810 57.63 61.92
1790889460.315 57.37 61.70
1790889460.820 57.36 61.71
1790889461.325 57.30 61.66
1790889461.830 56.84 61.20
1790889462.336 56.11 60.50
1790889462.842 56.08 60.50
1790889463.347 56.12 60.57
1790889463.852 55.90 60.37
1790889464.357 55.63 60.14
1790889464.863 54.77 59.34
1790889465.368 55.41 59.99
1790889465.872 55.30 59.87
1790889466.377 55.27 59.85
1790889466.882 54.27 58.87
1790889467.387 54.25 58.87
1790889467.892 54.22 58.87
1790889468.397 54.17 58.86
1790889468.902 53.86 58.59
1790889469.407 53.58 58.36
1790889469.912 53.52 58.32
1790889470.417 53.44 58.24
1790889470.921 53.34 58.15
1790889471.426 52.25 57.07
1790889471.931 52.21 57.07
1790889472.436 52.18 57.08
1790889472.942 52.07 56.99
1790889473.447 51.73 56.72
1790889473.952 51.51 56.53
1790889474.456 51.45 56.47
1790889474.961 51.34 56.37
1790889475.466 50.28 55.32
1790889475.971 50.23 55.29
1790889476.476 50.22 55.29
1790889476.981 50.13 55.23
1790889477.486 49.94 55.06
1790889477.992 49.37 54.52
1790889478.497 48.97 54.16
1790889479.003 47.80 53.03
1790889479.508 49.35 54.58
1790889480.013 49.23 54.47
1790889480.518 49.09 54.34
1790889481.024 47.44 52.68
1790889481.528 47.34 52.61
1790889482.033 47.32 52.61
1790889482.538 47.30 52.61
1790889483.043 47.27 52.61
1790889483.548 47.11 52.47
1790889484.053 46.77 52.17
1790889484.559 46.44 51.89
1790889485.063 46.76 52.22
1790889485.568 46.68 52.14
1790889486.074 46.55 52.02
1790889486.578 46.34 51.82
1790889487.083 44.86 50.35
1790889487.588 44.84 50.35
1790889488.092 44.82 50.35
1790889488.597 44.78 50.34
1790889489.102 45.43 51.01
1790889489.607 43.70 49.31
1790889490.113 43.32 48.97
1790889490.617 44.07 49.76
1790889491.122 43.89 49.58
1790889491.627 43.67 49.36
1790889492.132 43.53 49.22
1790889492.637 42.02 47.74
1790889493.142 41.97 47.69
1790889493.647 41.92 47.67
1790889494.152 41.90 47.67
1790889494.657 41.88 47.67
1790889495.162 41.38 47.21
1790889495.668 41.00 46.87
1790889496.173 40.76 46.66
1790889496.677 41.09 47.00
1790889497.182 40.89 46.80
1790889497.687 40.71 46.63
1790889498.193 39.11 45.02
1790889498.698 39.00 44.94
1790889499.202 38.97 44.94
1790889499.707 38.95 44.94
1790889500.212 38.92 44.94
1790889500.716 38.21 44.26
1790889501.221 37.84 43.94
1790889501.726 38.22 44.35
1790889502.231 38.12 44.25
1790889502.736 37.99 44.13
1790889503.240 37.78 43.92
1790889503.746 36.19 42.34
1790889504.252 36.17 42.34
1790889504.758 36.15 42.34
1790889505.263 36.12 42.34
1790889505.768 36.08 42.32
1790889506.273 35.70 41.96
1790889506.777 35.31 41.63
1790889507.282 35.87 42.22
1790889507.787 35.74 42.10
1790889508.292 35.52 41.88
1790889508.797 35.31 41.68
1790889509.302 34.40 40.77
1790889509.807 33.80 40.19
1790889510.312 33.78 40.19
1790889510.816 33.75 40.19
1790889511.321 33.73 40.19
1790889511.826 33.38 39.86
1790889512.331 33.05 39.57
1790889512.837 32.66 39.23
1790889513.342 33.16 39.74
1790889513.847 33.04 39.62
1790889514.352 32.93 39.51
1790889514.857 32.77 39.36
1790889515.362 31.16 37.76
1790889515.868 31.13 37.76
1790889516.373 31.11 37.76
1790889516.878 31.09 37.77
1790889517.383 30.73 37.43
1790889517.889 30.34 37.09
1790889518.394 29.96 36.76
1790889518.899 30.33 37.13
1790889519.404 30.17 36.98
1790889519.909 30.05 36.86
1790889520.415 29.82 36.63
1790889520.921 28.37 35.19
1790889521.426 28.34 35.19
1790889521.931 28.32 35.20
1790889522.435 28.30 35.20
1790889522.941 27.75 34.68
1790889523.446 27.34 34.32
1790889523.952 26.95 33.97
1790889524.457 27.65 34.68
1790889524.962 27.56 34.58
1790889525.467 27.41 34.44
1790889525.973 26.42 33.45
1790889526.479 25.70 32.76
1790889526.984 25.68 32.76
1790889527.489 25.66 32.76
1790889527.994 25.64 32.76
1790889528.499 25.37 32.51
1790889529.005 24.99 32.18
1790889529.510 24.69 31.92
1790889530.015 25.25 32.49
1790889530.520 25.10 32.35
1790889531.025 24.91 32.16
1790889531.530 24.72 31.98
1790889532.035 23.05 30.32
1790889532.539 23.03 30.32
1790889533.044 23.01 30.33
1790889533.549 22.97 30.32
1790889534.054 22.77 30.14
1790889534.560 22.39 29.80
1790889535.065 22.05 29.51
1790889535.570 22.79 30.26
1790889536.075 22.60 30.07
1790889536.580 22.41 29.89
1790889537.086 22.21 29.70
1790889537.591 20.58 28.08
1790889538.097 20.56 28.08
1790889538.602 20.51 28.05
1790889539.107 20.48 28.05
1790889539.613 20.05 27.64
1790889540.118 19.67 27.31
1790889540.623 19.29 26.97
1790889541.127 19.32 27.01
1790889541.632 19.13 26.83
1790889542.137 18.98 26.67
1790889542.642 18.81 26.51
1790889543.147 17.27 24.99
1790889543.651 17.25 24.99
1790889544.156 17.23 24.99
1790889544.661 17.20 24.99
1790889545.166 16.82 24.65
1790889545.672 16.44 24.30
1790889546.177 16.07 23.98
1790889546.681 16.76 24.68
1790889547.186 16.62 24.54
1790889547.691 16.52 24.44
1790889548.196 16.36 24.28
1790889548.702 14.78 22.72
1790889549.207 14.76 22.73
1790889549.712 14.74 22.73
1790889550.216 14.72 22.73
1790889550.721 14.70 22.73
1790889551.225 13.95 22.01
1790889551.730 13.57 21.68
1790889552.234 13.90 22.04
1790889552.739 13.78 21.92
1790889553.244 13.62 21.77
1790889553.750 13.42 21.57
1790889554.255 11.71 19.87
1790889554.760 11.67 19.85
1790889555.264 11.64 19.85
1790889555.769 11.62 19.85
1790889556.274 11.59 19.85
1790889556.779 11.19 19.48
1790889557.285 10.78 19.12
1790889557.789 10.82 19.17
1790889558.294 10.60 18.97
1790889558.799 10.46 18.83
1790889559.304 10.31 18.68
1790889559.810 8.82 17.21
1790889560.314 9.98 18.38
1790889560.819 9.82 18.25
1790889561.324 9.66 18.11
1790889561.829 9.17 17.64
1790889562.337 7.80 16.31
1790889562.842 7.39 15.94
1790889563.347 8.67 17.25
1790889563.852 8.53 17.11
1790889564.357 8.39 16.98
1790889564.862 8.23 16.82
1790889565.366 6.59 15.20
1790889565.871 6.57 15.20
1790889566.376 6.89 15.54
1790889566.881 6.87 15.54
1790889567.386 6.44 15.13
1790889567.892 6.05 14.79
1790889568.397 5.63 14.41
1790889568.901 6.06 14.86
1790889569.407 5.94 14.75
1790889569.912 5.82 14.63
1790889570.417 5.71 14.52
1790889570.922 3.66 12.76
1790889571.428 5.57 14.71
1790889571.933 4.83 14.70
1790889572.438 5.28 14.71
1790889572.944 5.66 14.71
1790889573.449 4.96 14.71
1790889573.954 5.33 14.72
1790889574.460 5.77 14.73
1790889574.965 5.03 14.72
1790889575.470 5.46 14.71
1790889575.975 5.85 14.73
1790889576.480 5.13 14.70
1790889576.986 5.53 14.71
1790889577.491 4.84 14.69
1790889577.996 5.22 14.71
1790889578.501 5.63 14.71
1790889579.005 4.89 14.70
1790889579.510 5.33 14.71
1790889580.016 5.71 14.72
1790889580.521 5.02 14.71
1790889581.026 5.44 14.71
1790889581.531 5.84 14.72
1790889582.036 5.14 14.71
1790889582.541 5.53 14.71
1790889583.046 4.85 14.70
1790889583.552 5.22 14.70
1790889584.057 5.64 14.71
1790889584.562 4.91 14.70
1790889585.067 5.33 14.70
1790889585.573 5.72 14.71
1790889586.078 5.03 14.69
1790889586.583 5.40 14.70
1790889587.088 5.83 14.71
1790889587.593 5.12 14.70
1790889588.098 5.52 14.70
1790889588.603 4.91 14.74
1790889589.108 5.24 14.76
1790889589.613 5.62 14.76
1790889590.118 4.94 14.75
1790889590.623 5.32 14.75
1790889591.128 5.72 14.77
1790889591.633 5.00 14.75
1790889592.138 5.43 14.76
1790889592.644 5.82 14.77
1790889593.149 5.12 14.76
1790889593.655 5.51 14.76
1790889594.160 5.93 14.77
1790889594.665 5.20 14.76
1790889595.170 5.62 14.76
1790889595.675 4.90 14.75
1790889596.180 5.32 14.75
1790889596.686 5.71 14.76
1790889597.191 5.00 14.75
1790889597.696 5.37 14.76
1790889598.202 5.82 14.77
1790889598.707 5.12 14.78
1790889599.213 5.54 14.78
1790889599.718 5.93 14.80
1790889600.223 5.21 14.78
1790889600.728 5.62 14.79
1790889601.233 4.89 14.78
1790889601.739 5.33 14.78
1790889602.244 5.73 14.79
1790889602.748 5.02 14.77
1790889603.253 5.47 14.78
1790889603.759 5.84 14.79
1790889604.264 5.15 14.78
1790889604.769 5.57 14.78
1790889605.275 5.08 14.77
1790889605.780 5.28 14.78
1790889606.285 5.63 14.76
1790889606.790 4.92 14.75
1790889607.295 5.35 14.76
1790889607.800 5.76 14.77
1790889608.305 5.00 14.74
1790889608.810 5.40 14.75
1790889609.316 5.82 14.76
1790889609.821 5.12 14.76
1790889610.326 5.59 14.82
1790889610.831 4.90 14.80
1790889611.336 5.33 14.82
1790889611.841 5.71 14.82
1790889612.347 5.00 14.81
1790889612.852 5.38 14.81
1790889613.358 5.77 14.85
1790889613.863 5.07 14.82
1790889614.368 5.49 14.85
1790889614.872 5.90 14.85
1790889615.377 5.21 14.84
1790889615.883 5.58 14.84
1790889616.388 5.98 14.85
1790889616.893 5.27 14.84
1790889617.399 5.70 14.84
1790889617.904 4.96 14.84
1790889618.410 5.40 14.84
1790889618.915 5.77 14.85
1790889619.420 5.08 14.83
1790889619.925 5.47 14.84
1790889620.430 5.90 14.85
1790889620.934 5.18 14.84
1790889621.440 5.67 14.92
1790889621.945 6.08 14.94
1790889622.449 5.36 14.93
1790889622.954 5.78 14.93
1790889623.459 5.04 14.91
1790889623.964 5.45 14.92
1790889624.470 5.84 14.92
1790889624.975 5.11 14.90
1790889625.480 5.51 14.91
1790889625.985 5.90 14.92
1790889626.490 5.21 14.90
1790889626.996 5.60 14.91
1790889627.501 6.02 14.92
1790889628.006 5.28 14.91
1790889628.511 5.73 14.93
1790889629.016 5.03 14.91
1790889629.521 5.42 14.93
1790889630.026 5.82 14.94
1790889630.531 5.12 14.92
1790889631.037 5.53 14.93
1790889631.541 5.93 14.94
1790889632.047 5.23 14.93
1790889632.552 5.68 14.99
1790889633.057 6.11 15.01
1790889633.562 5.39 14.99
1790889634.068 5.79 14.99
1790889634.573 5.11 14.99
1790889635.077 5.49 15.00
1790889635.583 5.90 15.00
1790889636.088 5.21 14.99
1790889636.594 5.61 15.00
1790889637.099 5.99 15.01
1790889637.604 5.30 15.00
1790889638.109 5.70 15.01
1790889638.614 6.15 15.04
1790889639.119 5.43 15.02
1790889639.625 5.82 15.03
1790889640.130 5.12 15.01
1790889640.636 5.52 15.02
1790889641.140 5.90 15.03
1790889641.646 5.22 15.02
1790889642.151 5.61 15.03
1790889642.656 5.99 15.03
1790889643.162 5.37 15.13
1790889643.667 5.80 15.13
1790889644.171 6.15 15.03
1790889644.676 5.95 14.85
1790889645.181 5.10 14.02
1790889645.686 5.44 14.39
1790889646.192 5.32 14.27
1790889646.697 4.54 13.51
1790889647.202 4.55 13.53
1790889647.707 4.22 13.23
1790889648.213 4.01 13.04
1790889648.718 3.16 12.19
1790889649.223 3.12 12.17
1790889649.729 2.91 11.98
1790889650.234 2.81 11.90
1790889650.739 2.66 11.76
1790889651.244 2.39 11.59
1790889651.750 2.24 12.13
1790889652.256 2.77 12.21
1790889652.760 2.05 12.20
1790889653.265 2.45 12.19
1790889653.771 2.88 12.20
1790889654.277 2.43 11.53
1790889654.782 2.12 11.23
1790889655.287 2.08 11.22
1790889655.793 2.05 11.20
1790889656.298 2.00 11.18
1790889656.804 1.98 11.18
1790889657.309 1.85 11.06
1790889657.815 1.81 11.02
1790889658.320 1.81 11.02
1790889658.825 1.81 11.02
1790889659.330 1.81 11.02
1790889659.835 1.81 11.02
1790889660.340 1.81 11.02
1790889660.845 1.81 11.02
1790889661.350 1.81 11.02
1790889661.854 1.81 11.02
1790889662.359 1.81 11.02
1790889662.864 1.81 11.02
1790889663.368 1.80 11.01
1790889663.873 1.80 11.01
1790889664.378 1.80 11.01
1790889664.883 1.80 11.01
1790889665.388 1.80 11.02
1790889665.893 1.80 11.02
1790889666.398 1.80 11.02
1790889666.903 1.80 11.01
1790889667.408 1.80 11.01
1790889667.913 1.80 11.01
1790889668.418 1.68 10.91
1790889668.923 1.54 10.96
1790889669.429 1.12 10.96
1790889669.935 0.82 10.82
1790889670.444 1.50 10.88
1790889670.950 1.14 9.64
1790889671.456 1.14 8.47
1790889671.962 1.11 8.44
1790889672.468 1.07 8.40
1790889672.974 0.93 8.27
1790889673.479 0.90 8.25
1790889673.985 0.90 8.25
1790889674.491 0.92 8.27
1790889674.997 0.92 8.26
1790889675.504 0.92 8.26
1790889676.011 0.91 8.26
1790889676.517 0.91 8.26
1790889677.023 0.86 8.21
1790889677.528 0.86 8.21
1790889678.034 0.86 8.21
1790889678.540 0.85 8.20
1790889679.046 0.85 8.20
1790889679.552 0.85 8.20
1790889680.058 0.85 8.20
1790889680.565 0.85 8.20
1790889681.071 0.85 8.20
1790889681.577 0.85 8.20
1790889682.082 0.85 8.20
1790889682.588 0.85 8.20
1790889683.094 0.85 8.20
1790889683.600 0.83 8.18
1790889684.106 0.80 8.15
1790889684.611 0.80 8.15
1790889685.116 0.80 8.15
1790889685.621 0.79 8.15
1790889686.126 0.79 8.15
1790889686.632 0.79 8.15
1790889687.138 0.79 8.14
1790889687.643 0.79 8.14
1790889688.149 0.79 8.14
1790889688.654 0.79 8.14
1790889689.160 0.79 8.14
1790889689.666 0.79 8.14
1790889690.171 0.79 8.14
1790889690.677 0.79 8.14
1790889691.182 0.79 8.14
1790889691.688 0.79 8.14
1790889692.193 0.79 8.14
1790889692.699 0.79 8.14
1790889693.205 0.79 8.14
1790889693.712 0.79 8.14
1790889694.217 0.79 8.14
1790889694.722 0.73 8.09
1790889695.227 0.73 8.09
1790889695.731 0.73 8.09
1790889696.236 0.73 8.09
1790889696.739 0.72 8.08
1790889697.244 0.73 8.08
1790889697.748 0.73 8.08
1790889698.252 0.71 8.07
1790889698.757 0.73 8.08
1790889699.261 0.73 8.08
1790889699.765 0.73 8.08
1790889700.269 0.73 8.08
1790889700.773 0.73 8.08
1790889701.277 0.73 8.08
1790889701.781 0.73 8.08
1790889702.285 0.73 8.08
1790889702.789 0.73 8.08
1790889703.293 0.73 8.09
1790889703.798 0.74 8.09
1790889704.302 0.74 8.09
1790889704.806 0.73 8.09
1790889705.310 0.73 8.09
1790889705.814 0.73 8.09
1790889706.318 0.73 8.09
1790889706.822 0.73 8.09
1790889707.327 0.74 8.09
1790889707.831 0.74 8.10
1790889708.336 0.73 8.08
1790889708.840 0.74 8.09
1790889709.344 0.74 8.09
1790889709.848 0.74 8.09
1790889710.353 0.74 8.10
1790889710.857 0.74 8.10
1790889711.361 0.74 8.09
1790889711.865 0.74 8.09
1790889712.369 0.74 8.09
1790889712.873 0.74 8.09
1790889713.377 0.74 8.09
1790889713.882 0.74 8.09
1790889714.386 0.74 8.09
1790889714.890 0.74 8.09
1790889715.394 0.74 8.09
1790889715.898 0.74 8.09
1790889716.402 0.74 8.09
1790889716.907 0.75 8.10
1790889717.411 0.75 8.10
1790889717.916 0.75 8.10
1790889718.420 0.75 8.11
1790889718.924 0.75 8.11
1790889719.428 0.75 8.11
1790889719.932 0.75 8.11
1790889720.436 0.75 8.11
1790889720.940 0.75 8.11
1790889721.444 0.75 8.11
1790889721.948 0.75 8.11
1790889722.452 0.75 8.11
1790889722.956 0.75 8.11
1790889723.460 0.76 8.11
1790889723.964 0.76 8.11
1790889724.468 0.76 8.11
1790889724.973 0.76 8.11
1790889725.477 0.76 8.11
1790889725.981 0.76 8.11
1790889726.486 0.76 8.11
1790889726.990 0.75 8.11
1790889727.494 0.75 8.11
1790889727.999 0.75 8.11
1790889728.503 0.74 8.10
1790889729.007 0.74 8.10
1790889729.512 0.74 8.10
1790889730.016 0.74 8.10
1790889730.520 0.74 8.10
1790889731.024 0.74 8.10
1790889731.528 0.74 8.10
1790889732.031 0.74 8.10
1790889732.535 0.74 8.10
1790889733.039 0.74 8.10
1790889733.543 0.74 8.10
1790889734.047 0.74 8.10
1790889734.551 0.74 8.10
1790889735.055 0.74 8.10
1790889735.559 0.74 8.10
1790889736.063 0.74 8.10
1790889736.567 0.74 8.10
1790889737.071 0.75 8.10
1790889737.575 0.75 8.10
1790889738.080 0.75 8.10
1790889738.584 0.74 8.10
1790889739.088 0.74 8.10
1790889739.592 0.74 8.10
1790889740.097 0.74 8.09
1790889740.601 0.74 8.09
1790889741.105 0.74 8.09
1790889741.609 0.74 8.09
1790889742.113 0.74 8.09
1790889742.617 0.74 8.09
1790889743.121 0.74 8.09
1790889743.625 0.74 8.09
1790889744.130 0.74 8.10
1790889744.634 0.74 8.10
1790889745.138 0.74 8.10
1790889745.643 0.74 8.10
1790889746.147 0.74 8.10
1790889746.651 0.74 8.10
1790889747.156 0.75 8.11
1790889747.660 0.75 8.11
1790889748.164 0.75 8.11
1790889748.668 0.75 8.10
1790889749.173 0.75 8.10
1790889749.677 0.75 8.10
1790889750.181 0.75 8.10
1790889750.685 0.75 8.10
1790889751.189 0.75 8.10
1790889751.693 0.75 8.10
1790889752.197 0.75 8.10
1790889752.701 0.75 8.10
1790889753.206 0.75 8.10
1790889753.710 0.74 8.10
1790889754.214 0.74 8.10
1790889754.718 0.74 8.10
1790889755.222 0.74 8.10
1790889755.726 0.74 8.10
1790889756.230 0.74 8.10
1790889756.734 0.74 8.10
1790889757.239 0.74 8.10
1790889757.743 0.74 8.10
1790889758.247 0.72 8.08
1790889758.751 0.74 8.09
1790889759.255 0.74 8.09
1790889759.760 0.74 8.09
1790889760.264 0.74 8.09
1790889760.768 0.74 8.09
1790889761.272 0.74 8.09
1790889761.776 0.74 8.09
1790889762.281 0.74 8.09
1790889762.785 0.74 8.10
1790889763.289 0.73 8.09
1790889763.793 0.73 8.09
1790889764.297 0.73 8.09
1790889764.801 0.73 8.09
1790889765.305 0.73 8.09
1790889765.809 0.73 8.09
1790889766.313 0.73 8.09
1790889766.817 0.73 8.09
1790889767.321 0.73 8.09
1790889767.826 0.73 8.09
1790889768.330 0.74 8.10
1790889768.835 0.74 8.10
1790889769.338 0.74 8.10
1790889769.843 0.74 8.10
1790889770.347 0.74 8.10
1790889770.851 0.74 8.10
1790889771.355 0.74 8.10
1790889771.859 0.74 8.10
1790889772.363 0.74 8.10
1790889772.867 0.74 8.10
1790889773.371 0.74 8.10
1790889773.875 0.74 8.10
1790889774.380 0.74 8.10
1790889774.883 0.74 8.10
1790889775.388 0.74 8.10
1790889775.892 0.74 8.10
1790889776.396 0.74 8.10
1790889776.900 0.74 8.10
1790889777.405 0.74 8.10
1790889777.909 0.74 8.10
1790889778.414 0.74 8.10
1790889778.918 0.74 8.10
1790889779.422 0.74 8.10
1790889779.926 0.74 8.10
1790889780.430 0.74 8.10
1790889780.934 0.74 8.10
1790889781.438 0.74 8.10
1790889781.943 0.74 8.10
1790889782.447 0.74 8.10
1790889782.951 0.74 8.10
1790889783.455 0.74 8.10
1790889783.959 0.74 8.10
1790889784.463 0.74 8.10
1790889784.967 0.74 8.10
1790889785.471 0.74 8.10
1790889785.975 0.74 8.10
1790889786.479 0.74 8.10
1790889786.983 0.74 8.10
1790889787.488 0.74 8.10
1790889787.992 0.74 8.10
1790889788.496 0.74 8.10
1790889789.000 0.74 8.10
1790889789.504 0.74 8.10
1790889790.008 0.74 8.10
1790889790.512 0.74 8.10
1790889791.016 0.74 8.10
1790889791.520 0.74 8.10
1790889792.024 0.74 8.10
1790889792.528 0.74 8.10
1790889793.031 0.74 8.10
1790889793.535 0.74 8.10
1790889794.039 0.74 8.10
1790889794.543 0.74 8.10
1790889795.047 0.74 8.10
1790889795.551 0.74 8.10
1790889796.054 0.74 8.10
1790889796.558 0.74 8.10
1790889797.062 0.74 8.10
1790889797.566 0.74 8.10
1790889798.070 0.74 8.10
1790889798.575 0.74 8.10
1790889799.079 0.74 8.10
1790889799.583 0.74 8.10
1790889800.088 0.74 8.10
1790889800.592 0.74 8.10
1790889801.096 0.74 8.10
1790889801.600 0.74 8.10
1790889802.104 0.74 8.10
1790889802.608 0.74 8.10
1790889803.111 0.74 8.10
1790889803.615 0.75 8.11
1790889804.120 0.75 8.11
1790889804.624 0.76 8.12
1790889805.128 0.76 8.12
1790889805.632 0.76 8.12
1790889806.136 0.76 8.12
1790889806.640 0.75 8.11
1790889807.144 0.75 8.11
1790889807.648 0.76 8.12
1790889808.152 0.76 8.12
1790889808.657 0.76 8.12
1790889809.160 0.75 8.11
1790889809.664 0.75 8.11
1790889810.169 0.76 8.12
1790889810.673 0.75 8.11
1790889811.177 0.75 8.11
1790889811.681 0.76 8.12
1790889812.185 0.76 8.12
1790889812.689 0.76 8.12
1790889813.194 0.75 8.11
1790889813.698 0.75 8.11
1790889814.202 0.75 8.11
1790889814.706 0.75 8.11
1790889815.210 0.75 8.11
1790889815.714 0.75 8.11
1790889816.218 0.75 8.11
1790889816.722 0.75 8.11
1790889817.226 0.75 8.11
1790889817.730 0.76 8.12
1790889818.234 0.76 8.12
1790889818.739 0.76 8.12
1790889819.243 0.76 8.12
1790889819.747 0.76 8.12
1790889820.251 0.76 8.12
1790889820.755 0.76 8.12
1790889821.259 0.75 8.12
1790889821.763 0.75 8.11
1790889822.267 0.75 8.11
1790889822.771 0.75 8.11
1790889823.276 0.74 8.10
1790889823.780 0.76 8.12
1790889824.284 0.76 8.12
1790889824.789 0.76 8.12
1790889825.293 0.76 8.12
1790889825.797 0.76 8.12
1790889826.301 0.76 8.12
1790889826.804 0.76 8.12
1790889827.309 0.76 8.12
1790889827.813 0.76 8.12
1790889828.317 0.75 8.11
1790889828.821 0.75 8.11
1790889829.325 0.75 8.11
1790889829.829 0.75 8.11
1790889830.333 0.75 8.11
1790889830.837 0.75 8.11
1790889831.341 0.75 8.11
1790889831.845 0.75 8.11
1790889832.349 0.75 8.11
1790889832.853 0.75 8.11
1790889833.357 0.75 8.11
1790889833.861 0.75 8.11
1790889834.365 0.75 8.11
1790889834.869 0.75 8.11
1790889835.373 0.75 8.11
1790889835.877 0.75 8.11
1790889836.381 0.75 8.11
1790889836.885 0.75 8.11
1790889837.389 0.75 8.11
1790889837.894 0.75 8.11
1790889838.398 0.75 8.11
1790889838.903 0.75 8.11
1790889839.407 0.75 8.11
1790889839.911 0.75 8.11
1790889840.415 0.75 8.11
1790889840.919 0.75 8.11
1790889841.423 0.75 8.11
1790889841.927 0.75 8.11
1790889842.431 0.75 8.11
1790889842.935 0.75 8.11
1790889843.439 0.75 8.11
1790889843.943 0.75 8.11
1790889844.447 0.75 8.11
1790889844.951 0.75 8.11
1790889845.455 0.75 8.11
1790889845.959 0.75 8.11
1790889846.464 0.75 8.11
1790889846.968 0.75 8.11
1790889847.472 0.75 8.11
1790889847.976 0.75 8.11
1790889848.481 0.75 8.11
1790889848.985 0.75 8.11
1790889849.489 0.75 8.11
1790889849.994 0.75 8.11
1790889850.498 0.75 8.11
1790889851.002 0.75 8.11
1790889851.506 0.75 8.11
1790889852.010 0.75 8.11
1790889852.514 0.75 8.11
1790889853.018 0.75 8.11
1790889853.522 0.75 8.11
1790889854.026 0.75 8.11
1790889854.530 0.75 8.11
1790889855.035 0.75 8.11
1790889855.539 0.75 8.11
1790889856.043 0.75 8.11
1790889856.547 0.75 8.11
1790889857.050 0.75 8.11
1790889857.554 0.75 8.11
1790889858.059 0.75 8.12
1790889858.563 0.76 8.12
1790889859.067 0.75 8.12
1790889859.571 0.75 8.12
1790889860.075 0.75 8.11
1790889860.579 0.75 8.11
1790889861.083 0.75 8.11
1790889861.587 0.75 8.11
1790889862.091 0.75 8.11
1790889862.595 0.75 8.11
1790889863.099 0.75 8.11
1790889863.603 0.75 8.11
1790889864.108 0.75 8.11
1790889864.612 0.75 8.11
1790889865.116 0.75 8.11
1790889865.620 0.75 8.11
1790889866.125 0.75 8.11
1790889866.629 0.75 8.11
1790889867.133 0.75 8.11
1790889867.637 0.75 8.11
1790889868.142 0.74 8.10
1790889868.646 0.73 8.10
1790889869.151 0.73 8.09
1790889869.655 0.73 8.10
1790889870.159 0.73 8.10
1790889870.663 0.73 8.10
1790889871.167 0.73 8.10
1790889871.671 0.73 8.10
1790889872.176 0.73 8.10
1790889872.680 0.73 8.09
1790889873.184 0.73 8.09
1790889873.688 0.73 8.09
1790889874.193 0.73 8.09
1790889874.697 0.73 8.09
1790889875.201 0.73 8.09
1790889875.705 0.73 8.09
1790889876.209 0.73 8.09
1790889876.713 0.73 8.09
1790889877.218 0.73 8.09
1790889877.722 0.74 8.10
1790889878.226 0.74 8.11
1790889878.731 0.74 8.10
1790889879.235 0.74 8.10
1790889879.739 0.74 8.10
1790889880.243 0.74 8.10
1790889880.747 0.74 8.10
1790889881.252 0.74 8.10
1790889881.756 0.74 8.10
1790889882.260 0.74 8.10
1790889882.764 0.74 8.10
1790889883.268 0.74 8.10
1790889883.772 0.75 8.11
1790889884.276 0.75 8.11
1790889884.780 0.75 8.11
1790889885.284 0.75 8.11
1790889885.789 0.75 8.11
1790889886.293 0.75 8.11
1790889886.797 0.75 8.11
1790889887.301 0.75 8.11
1790889887.805 0.74 8.10
1790889888.310 0.75 8.11
1790889888.814 0.75 8.11
1790889889.318 0.75 8.11
1790889889.822 0.75 8.11
1790889890.327 0.75 8.11
1790889890.831 0.75 8.11
1790889891.335 0.75 8.11
1790889891.840 0.75 8.11
1790889892.344 0.75 8.11
1790889892.848 0.75 8.11
1790889893.352 0.75 8.11
1790889893.856 0.75 8.11
1790889894.361 0.75 8.11
1790889894.865 0.75 8.11
1790889895.369 0.75 8.11
1790889895.873 0.75 8.11
1790889896.377 0.75 8.11
1790889896.881 0.75 8.11
1790889897.385 0.75 8.11
1790889897.890 0.75 8.11
1790889898.394 0.75 8.11
1790889898.898 0.75 8.11
1790889899.402 0.75 8.11
1790889899.906 0.75 8.11
1790889900.410 0.75 8.11
1790889900.914 0.75 8.11
1790889901.418 0.74 8.11
1790889901.923 0.74 8.11
1790889902.427 0.74 8.11
1790889902.931 0.74 8.11
1790889903.435 0.74 8.10
1790889903.939 0.74 8.10
1790889904.444 0.74 8.10
1790889904.948 0.74 8.10
1790889905.452 0.74 8.10
1790889905.956 0.74 8.10
1790889906.460 0.74 8.10
1790889906.964 0.74 8.10
1790889907.468 0.74 8.10
1790889907.973 0.74 8.10
1790889908.477 0.73 8.10
1790889908.981 0.73 8.10
1790889909.486 0.73 8.10
1790889909.990 0.73 8.10
1790889910.494 0.73 8.10
1790889910.999 0.73 8.10
1790889911.503 0.73 8.10
1790889912.007 0.73 8.10
1790889912.511 0.73 8.10
1790889913.015 0.73 8.10
1790889913.519 0.74 8.10
1790889914.024 0.74 8.10
1790889914.528 0.74 8.10
1790889915.032 0.74 8.10
1790889915.536 0.74 8.10
1790889916.041 0.74 8.10
1790889916.545 0.74 8.10
1790889917.049 0.74 8.10
1790889917.553 0.74 8.10
1790889918.057 0.74 8.10
1790889918.562 0.74 8.10
1790889919.066 0.74 8.10
1790889919.570 0.74 8.10
1790889920.074 0.74 8.10
1790889920.578 0.74 8.10
1790889921.082 0.74 8.10
1790889921.586 0.74 8.10
1790889922.090 0.74 8.10
1790889922.594 0.74 8.10
1790889923.098 0.74 8.10
1790889923.602 0.74 8.10
1790889924.106 0.74 8.10
1790889924.610 0.74 8.10
1790889925.114 0.74 8.10
1790889925.619 0.74 8.10
1790889926.123 0.74 8.10
1790889926.627 0.74 8.10
1790889927.131 0.74 8.10
1790889927.635 0.74 8.10
1790889928.140 0.74 8.10
1790889928.644 0.73 8.10
1790889929.148 0.73 8.10
1790889929.652 0.73 8.10
1790889930.156 0.73 8.10
1790889930.660 0.73 8.10
1790889931.164 0.73 8.10
1790889931.668 0.73 8.10
1790889932.173 0.73 8.10
1790889932.677 0.73 8.10
1790889933.181 0.73 8.10
1790889933.685 0.73 8.10
1790889934.190 0.73 8.10
1790889934.693 0.73 8.10
1790889935.197 0.73 8.10
1790889935.701 0.73 8.10
1790889936.205 0.73 8.10
1790889936.709 0.73 8.10
1790889937.213 0.73 8.10
1790889937.717 0.73 8.10
1790889938.222 0.73 8.10
1790889938.726 0.73 8.09
1790889939.230 0.73 8.09
1790889939.734 0.73 8.09
1790889940.239 0.73 8.09
1790889940.743 0.73 8.09
1790889941.247 0.73 8.09
1790889941.751 0.73 8.09
1790889942.255 0.73 8.09
1790889942.758 0.73 8.09
1790889943.262 0.72 8.08
1790889943.767 0.73 8.09
1790889944.271 0.73 8.09
1790889944.775 0.73 8.09
1790889945.279 0.73 8.09
1790889945.783 0.73 8.09
1790889946.287 0.73 8.09
1790889946.791 0.73 8.09
1790889947.295 0.73 8.09
1790889947.800 0.71 8.08
1790889948.307 0.87 8.10
1790889948.813 0.86 8.07
1790889949.321 8.37 8.12
1790889949.838 8.44 8.16
1790889950.351 8.44 8.16
1790889950.857 8.44 8.16
1790889951.363 8.44 8.16
1790889951.869 8.44 8.16
1790889952.374 8.44 8.16
1790889952.880 8.44 8.16
1790889953.385 8.43 8.16
1790889953.891 8.43 8.16
1790889954.397 8.43 8.16
1790889954.904 8.43 8.16
1790889955.410 8.43 8.16
1790889955.916 8.43 8.16
1790889956.423 8.43 8.16
1790889956.929 8.43 8.16
1790889957.434 8.42 8.15
1790889957.940 8.42 8.15
1790889958.446 8.44 8.17
1790889958.951 8.44 8.17
1790889959.456 8.44 8.17
1790889959.962 8.44 8.17
1790889960.468 8.44 8.17
1790889960.974 8.44 8.17
1790889961.480 8.44 8.17
1790889961.986 8.44 8.17
1790889962.491 8.44 8.17
1790889962.996 8.44 8.17
1790889963.502 8.44 8.17
1790889964.008 8.44 8.17
1790889964.513 8.44 8.17
1790889965.019 8.44 8.17
1790889965.526 8.44 8.17
1790889966.031 8.44 8.17
1790889966.536 8.44 8.17
1790889967.042 8.44 8.17
1790889967.548 8.44 8.17
1790889968.054 8.44 8.17
1790889968.559 8.42 8.15
1790889969.065 8.42 8.15
1790889969.571 8.42 8.15
1790889970.076 8.42 8.15
1790889970.581 8.42 8.15
1790889971.087 8.42 8.15
1790889971.592 8.42 8.15
1790889972.097 8.42 8.15
1790889972.603 8.42 8.15
1790889973.109 8.42 8.15
1790889973.614 8.43 8.17
1790889974.120 8.43 8.17
1790889974.625 8.43 8.17
1790889975.131 8.43 8.17
1790889975.636 8.43 8.17
1790889976.142 8.43 8.17
1790889976.647 8.43 8.17
1790889977.152 8.43 8.17
1790889977.659 8.43 8.16
1790889978.165 8.38 8.12
1790889978.670 8.35 8.08
1790889979.175 8.30 8.04
1790889979.680 8.31 8.05
1790889980.185 8.32 8.06
1790889980.690 8.32 8.05
1790889981.195 8.30 8.04
1790889981.701 8.32 8.05
1790889982.206 8.33 8.07
1790889982.711 8.33 8.07
1790889983.216 8.32 8.05
1790889983.722 8.33 8.07
1790889984.227 8.32 8.06
1790889984.732 8.33 8.06
1790889985.238 8.34 8.07
1790889985.744 8.32 8.06
1790889986.249 8.33 8.07
1790889986.755 8.32 8.05
1790889987.260 8.31 8.05
1790889987.766 8.32 8.06
1790889988.271 8.29 8.03
1790889988.776 8.32 8.06
1790889989.282 8.29 8.03
1790889989.787 8.29 8.03
1790889990.293 8.32 8.06
1790889990.797 8.30 8.05
1790889991.302 8.29 8.04
1790889991.807 8.29 8.03
1790889992.311 8.29 8.03
1790889992.816 8.29 8.03
1790889993.320 8.28 8.02
1790889993.826 8.28 8.02
1790889994.332 8.26 8.01
1790889994.837 8.28 8.02
1790889995.343 8.27 8.02
1790889995.848 8.28 8.03
1790889996.354 8.27 8.02
1790889996.859 8.29 8.03
1790889997.364 8.29 8.04
1790889997.869 8.29 8.03
1790889998.373 8.26 8.00
1790889998.878 8.25 7.99
1790889999.383 8.26 8.01
1790889999.889 8.24 7.99
1790890000.395 8.25 7.99
1790890000.900 8.24 7.99
1790890001.404 8.24 7.98
1790890001.909 8.25 8.00
1790890002.415 8.24 7.98
1790890002.920 8.26 8.01
1790890003.425 8.23 7.97
1790890003.930 8.22 7.97
1790890004.436 8.23 7.98
1790890004.942 8.24 7.98
1790890005.447 8.23 7.97
1790890005.952 8.25 8.00
1790890006.457 8.24 7.98
1790890006.962 8.23 7.98
1790890007.468 8.26 8.00
1790890007.975 8.25 8.00
1790890008.480 8.25 7.99
1790890008.986 8.24 7.98
1790890009.491 8.24 7.98
1790890009.997 8.25 8.00
1790890010.501 8.23 7.98
1790890011.006 8.25 7.99
1790890011.511 8.23 7.98
1790890012.016 8.22 7.97
1790890012.522 8.25 7.99
1790890013.028 8.25 7.99
1790890013.533 8.23 7.97
1790890014.038 8.21 7.96
1790890014.544 8.22 7.96
1790890015.050 8.23 7.97
1790890015.555 8.22 7.96
1790890016.061 8.24 7.99
1790890016.568 8.23 7.98
1790890017.074 8.23 7.97
1790890017.579 8.25 7.99
1790890018.085 8.26 8.00
1790890018.590 8.25 7.99
1790890019.095 8.26 8.01
1790890019.600 8.26 8.00
1790890020.106 8.27 8.01
1790890020.612 8.26 8.01
1790890021.118 8.27 8.02
1790890021.624 8.26 8.01
1790890022.130 8.27 8.01
1790890022.636 8.26 8.01
1790890023.142 8.27 8.02
1790890023.648 8.26 8.00
1790890024.153 8.25 7.99
1790890024.658 8.25 7.99
1790890025.164 8.26 8.00
1790890025.670 8.25 7.99
1790890026.175 8.24 7.98
1790890026.681 8.26 8.00
1790890027.187 8.26 8.00
1790890027.692 8.24 7.98
1790890028.197 8.25 8.00
1790890028.704 8.24 7.99
1790890029.210 8.24 7.99
1790890029.715 8.24 7.98
1790890030.221 8.25 8.00
1790890030.727 8.25 8.00
1790890031.232 8.25 8.00
1790890031.737 8.25 8.00
1790890032.243 8.25 8.00
1790890032.749 8.25 8.00
1790890033.254 8.24 7.98
1790890033.759 8.25 7.99
1790890034.265 8.25 7.99
1790890034.770 8.25 7.99
1790890035.275 8.25 7.99
1790890035.780 8.25 7.99
1790890036.285 8.25 7.99
1790890036.791 8.25 7.99
1790890037.295 8.25 7.99
1790890037.800 8.24 7.99
1790890038.305 8.24 7.99
1790890038.810 8.24 7.98
1790890039.315 8.24 7.98
1790890039.821 8.24 7.98
1790890040.326 8.24 7.98
1790890040.831 8.25 8.00
1790890041.337 8.25 7.99
1790890041.843 8.25 7.99
1790890042.348 8.25 7.99
1790890042.853 8.25 7.99
1790890043.359 8.25 7.99
1790890043.864 8.25 7.99
1790890044.369 8.24 7.99
1790890044.874 8.24 7.99
1790890045.379 8.24 7.99
1790890045.884 8.24 7.99
1790890046.389 8.24 7.99
1790890046.894 8.25 7.99
1790890047.400 8.24 7.99
1790890047.905 8.24 7.99
1790890048.410 8.24 7.98
1790890048.915 8.24 7.99
1790890049.420 8.24 7.99
1790890049.926 8.24 7.99
1790890050.431 8.24 7.99
1790890050.937 8.24 7.98
1790890051.443 8.24 7.98
1790890051.948 8.24 7.98
1790890052.454 8.24 7.98
1790890052.959 8.24 7.98
1790890053.464 8.22 7.97
1790890053.970 8.22 7.97
1790890054.475 8.22 7.97
1790890054.980 8.22 7.97
1790890055.485 8.22 7.97
1790890055.990 8.22 7.97
1790890056.495 8.22 7.97
1790890057.000 8.23 7.97
1790890057.505 8.23 7.97
1790890058.011 8.23 7.97
1790890058.515 8.23 7.97
1790890059.020 8.23 7.98
1790890059.525 8.23 7.98
1790890060.031 8.23 7.98
1790890060.536 8.23 7.98
1790890061.041 8.23 7.97
1790890061.546 8.23 7.98
1790890062.051 8.23 7.97
1790890062.557 8.23 7.98
1790890063.062 8.23 7.98
1790890063.567 8.23 7.97
1790890064.072 8.23 7.97
1790890064.578 8.23 7.97
1790890065.083 8.23 7.97
1790890065.589 8.23 7.97
1790890066.094 8.23 7.97
1790890066.600 8.23 7.97
1790890067.106 8.23 7.97
1790890067.612 8.23 7.97
1790890068.118 8.23 7.98
1790890068.623 8.21 7.96
1790890069.128 8.23 7.97
1790890069.634 8.23 7.97
1790890070.140 8.23 7.97
1790890070.645 8.23 7.97
1790890071.151 8.23 7.97
1790890071.657 8.23 7.97
1790890072.162 8.23 7.97
1790890072.668 8.23 7.97
1790890073.174 8.23 7.97
1790890073.679 8.23 7.98
1790890074.185 8.23 7.98
1790890074.691 8.23 7.98
1790890075.197 8.23 7.97
1790890075.702 8.23 7.97
1790890076.208 8.23 7.97
1790890076.713 8.23 7.97
1790890077.218 8.23 7.97
1790890077.724 8.23 7.97
1790890078.230 8.23 7.98
1790890078.735 8.23 7.98
1790890079.240 8.21 7.96
1790890079.745 8.21 7.96
1790890080.251 8.21 7.96
1790890080.756 8.21 7.96
1790890081.261 8.21 7.96
1790890081.766 8.21 7.96
1790890082.273 8.21 7.96
1790890082.778 8.21 7.96
1790890083.283 8.20 7.94
1790890083.788 8.20 7.94
1790890084.294 8.20 7.94
1790890084.799 8.20 7.94
1790890085.305 8.20 7.94
1790890085.810 8.20 7.94
1790890086.316 8.20 7.94
1790890086.821 8.20 7.94
1790890087.328 8.20 7.94
1790890087.833 8.20 7.94
1790890088.338 8.19 7.93
1790890088.843 8.20 7.95
1790890089.350 8.21 7.95
1790890089.855 8.21 7.95
1790890090.361 8.21 7.95
1790890090.866 8.21 7.95
1790890091.372 8.21 7.95
1790890091.878 8.21 7.95
1790890092.383 8.21 7.95
1790890092.889 8.21 7.95
1790890093.394 8.21 7.95
1790890093.900 8.21 7.95
1790890094.406 8.21 7.95
1790890094.911 8.21 7.95
1790890095.416 8.21 7.95
1790890095.922 8.21 7.95
1790890096.428 8.21 7.95
1790890096.935 8.21 7.95
1790890097.441 8.21 7.95
1790890097.946 8.21 7.95
1790890098.452 8.21 7.95
1790890098.958 8.21 7.95
1790890099.463 8.22 7.96
1790890099.968 8.22 7.96
1790890100.474 8.22 7.96
1790890100.979 8.22 7.97
1790890101.485 8.22 7.97
1790890101.990 8.22 7.97
1790890102.495 8.22 7.97
1790890103.001 8.22 7.97
1790890103.506 8.21 7.95
1790890104.012 8.21 7.95
1790890104.517 8.21 7.96
1790890105.023 8.21 7.96
1790890105.529 8.21 7.96
1790890106.034 8.21 7.96
1790890106.539 8.21 7.96
1790890107.045 8.21 7.96
1790890107.550 8.21 7.96
1790890108.056 8.21 7.96
1790890108.561 8.22 7.96
1790890109.067 8.22 7.96
1790890109.573 8.21 7.96
1790890110.078 8.21 7.96
1790890110.584 8.21 7.96
1790890111.089 8.21 7.96
1790890111.594 8.21 7.96
1790890112.100 8.22 7.96
1790890112.606 8.22 7.96
1790890113.111 8.22 7.96
1790890113.617 8.21 7.96
1790890114.122 8.21 7.96
1790890114.628 8.21 7.96
1790890115.133 8.21 7.96
1790890115.639 8.21 7.96
1790890116.145 8.21 7.96
1790890116.650 8.21 7.96
1790890117.155 8.21 7.96
1790890117.661 8.21 7.96
1790890118.166 8.21 7.96
1790890118.672 8.21 7.96
1790890119.177 8.20 7.95
1790890119.683 8.21 7.96
1790890120.190 8.22 7.97
1790890120.695 8.22 7.97
1790890121.200 8.23 7.97
1790890121.706 8.23 7.98
1790890122.211 8.24 7.99
1790890122.716 8.24 7.98
1790890123.221 8.23 7.98
1790890123.726 8.24 7.98
1790890124.232 8.25 8.00
1790890124.737 8.24 7.98
1790890125.243 8.23 7.98
1790890125.748 8.24 7.99
1790890126.254 8.23 7.98
1790890126.760 8.25 7.99
1790890127.265 8.24 7.99
1790890127.771 8.26 8.01
1790890128.277 8.24 7.99
1790890128.783 8.22 7.97
1790890129.288 8.23 7.97
1790890129.793 8.24 7.99
1790890130.298 8.24 7.99
1790890130.803 8.23 7.97
1790890131.307 8.24 7.99
1790890131.813 8.24 7.98
1790890132.319 8.23 7.97
1790890132.824 8.22 7.97
1790890133.329 8.25 8.00
1790890133.834 8.25 7.99
1790890134.339 8.24 7.98
1790890134.845 8.26 8.01
1790890135.350 8.25 8.00
1790890135.856 8.25 7.99
1790890136.361 8.24 7.98
1790890136.867 8.26 8.01
1790890137.373 8.26 8.00
1790890137.878 8.25 7.99
1790890138.384 8.24 7.99
1790890138.890 8.23 7.98
1790890139.396 8.25 7.99
1790890139.901 8.24 7.99
1790890140.407 8.23 7.98
1790890140.912 8.25 8.00
1790890141.418 8.25 7.99
1790890141.924 8.26 8.00
1790890142.429 8.25 8.00
1790890142.934 8.25 8.00
1790890143.440 8.25 8.00
1790890143.945 8.26 8.01
1790890144.449 8.25 8.00
1790890144.955 8.25 8.00
1790890145.461 8.25 7.99
1790890145.966 8.26 8.00
1790890146.472 8.24 7.99
1790890146.977 8.26 8.01
1790890147.484 8.24 7.99
1790890147.989 8.25 7.99
1790890148.494 8.25 8.00
1790890149.000 8.27 8.01
1790890149.505 8.23 7.98
1790890150.010 8.24 7.98
1790890150.516 8.22 7.97
1790890151.021 8.24 7.98
1790890151.527 8.23 7.98
1790890152.031 8.22 7.97
1790890152.538 8.24 7.98
1790890153.044 8.23 7.97
1790890153.549 8.23 7.97
1790890154.054 8.23 7.98
1790890154.560 8.24 7.99
1790890155.067 8.23 7.98
1790890155.572 8.22 7.97
1790890156.078 8.23 7.98
1790890156.584 8.23 7.97
1790890157.088 8.23 7.98
1790890157.594 8.23 7.98
1790890158.100 8.22 7.96
1790890158.605 8.22 7.97
1790890159.111 8.23 7.98
1790890159.617 8.22 7.97
1790890160.123 8.21 7.96
1790890160.628 8.23 7.97
1790890161.134 8.22 7.97
1790890161.641 8.24 7.98
1790890162.146 8.22 7.97
1790890162.651 8.22 7.97
1790890163.158 8.22 7.96
1790890163.663 8.21 7.96
1790890164.168 8.22 7.97
1790890164.673 8.22 7.97
1790890165.178 8.21 7.96
1790890165.683 8.22 7.97
1790890166.189 8.22 7.97
1790890166.694 8.21 7.96
1790890167.200 8.21 7.96
1790890167.706 8.23 7.98
1790890168.211 8.23 7.97
1790890168.716 8.23 7.97
1790890169.223 8.22 7.97
1790890169.728 8.20 7.95
1790890170.233 8.21 7.96
1790890170.739 8.20 7.94
1790890171.245 8.20 7.94
1790890171.750 8.20 7.94
1790890172.256 8.20 7.94
1790890172.762 8.22 7.96
1790890173.266 8.20 7.95
1790890173.773 8.19 7.94
1790890174.278 8.19 7.93
1790890174.783 8.18 7.93
1790890175.290 8.20 7.95
1790890175.796 8.19 7.94
1790890176.302 8.20 7.95
1790890176.808 8.20 7.95
1790890177.314 8.19 7.94
1790890177.819 8.19 7.93
1790890178.324 8.20 7.95
1790890178.830 8.21 7.96
1790890179.335 8.20 7.95
1790890179.841 8.21 7.96
1790890180.345 8.21 7.95
1790890180.851 8.19 7.94
1790890181.357 8.21 7.95
1790890181.861 8.22 7.97
1790890182.367 8.21 7.96
1790890182.871 8.20 7.95
1790890183.376 8.21 7.96
1790890183.881 8.21 7.96
1790890184.387 8.23 7.98
1790890184.892 8.21 7.96
1790890185.398 8.23 7.98
1790890185.903 8.22 7.97
1790890186.408 8.21 7.96
1790890186.913 8.22 7.97
1790890187.418 8.21 7.96
1790890187.924 8.22 7.96
1790890188.428 8.21 7.96
1790890188.933 8.22 7.97
1790890189.438 8.21 7.96
1790890189.943 8.24 7.99
1790890190.448 8.23 7.98
1790890190.953 8.22 7.97
1790890191.458 8.25 8.00
1790890191.964 8.25 8.00
1790890192.470 8.24 7.99
1790890192.974 8.23 7.98
1790890193.479 8.26 8.00
1790890193.986 8.25 8.00
1790890194.491 8.26 8.01
1790890194.996 8.25 8.00
1790890195.501 8.25 8.00
1790890196.006 8.25 8.00
1790890196.511 8.25 8.00
1790890197.016 8.25 8.00
1790890197.521 8.25 8.00
1790890198.026 8.25 7.99
1790890198.531 8.23 7.98
1790890199.036 8.23 7.98
1790890199.541 8.23 7.98
1790890200.046 8.22 7.96
1790890200.551 8.22 7.96
1790890201.056 8.21 7.96
1790890201.561 8.21 7.96
1790890202.067 8.21 7.96
1790890202.572 8.21 7.96
1790890203.077 8.21 7.96
1790890203.582 8.20 7.95
1790890204.087 8.20 7.95
1790890204.592 8.20 7.95
1790890205.097 8.20 7.95
1790890205.602 8.20 7.95
1790890206.108 8.20 7.95
1790890206.613 8.19 7.94
1790890207.118 8.19 7.94
1790890207.622 8.19 7.94
1790890208.128 8.19 7.94
1790890208.634 8.21 7.96
1790890209.139 8.21 7.95
1790890209.644 8.20 7.95
1790890210.150 8.21 7.96
1790890210.656 8.21 7.95
1790890211.162 8.21 7.96
1790890211.668 8.21 7.96
1790890212.174 8.22 7.96
1790890212.679 8.22 7.96
1790890213.185 8.21 7.96
1790890213.691 8.22 7.97
1790890214.196 8.22 7.97
1790890214.701 8.22 7.97
1790890215.207 8.23 7.97
1790890215.712 8.23 7.97
1790890216.217 8.23 7.97
1790890216.722 8.22 7.97
1790890217.226 8.22 7.97
1790890217.732 8.23 7.97
1790890218.237 8.22 7.97
1790890218.743 8.22 7.97
1790890219.248 8.22 7.97
1790890219.753 8.21 7.96
1790890220.258 8.22 7.97
1790890220.763 8.22 7.96
1790890221.267 8.22 7.97
1790890221.773 8.22 7.97
1790890222.278 8.22 7.97
1790890222.783 8.22 7.97
1790890223.288 8.20 7.95
1790890223.793 8.20 7.95
1790890224.299 8.20 7.95
1790890224.804 8.21 7.95
1790890225.309 8.21 7.95
1790890225.815 8.21 7.95
1790890226.320 8.21 7.95
1790890226.826 8.21 7.96
1790890227.331 8.21 7.96
1790890227.837 8.21 7.96
1790890228.343 8.23 7.98
1790890228.849 8.23 7.98
1790890229.354 8.23 7.98
1790890229.860 8.24 7.99
1790890230.365 8.24 7.99
1790890230.871 8.24 7.99
1790890231.377 8.24 7.99
1790890231.882 8.24 7.99
1790890232.389 8.24 7.99
1790890232.894 8.24 7.99
1790890233.399 8.24 7.99
1790890233.904 8.24 7.99
1790890234.410 8.24 7.99
1790890234.916 8.24 7.99
1790890235.421 8.24 7.99
1790890235.927 8.24 7.99
1790890236.434 8.24 7.99
1790890236.939 8.23 7.99
1790890237.445 8.24 7.99
1790890237.951 8.23 7.99
1790890238.457 8.23 7.98
1790890238.963 8.23 7.98
1790890239.469 8.23 7.98
1790890239.975 8.22 7.98
1790890240.482 8.22 7.98
1790890240.988 8.22 7.98
1790890241.494 8.22 7.98
1790890242.000 8.22 7.97
1790890242.506 8.22 7.97
1790890243.011 8.22 7.97
1790890243.516 8.21 7.97
1790890244.022 8.23 7.98
1790890244.527 8.23 7.98
1790890245.032 8.23 7.98
1790890245.538 8.23 7.98
1790890246.043 8.23 7.98
1790890246.548 8.23 7.98
1790890247.053 8.23 7.98
1790890247.559 8.23 7.98
1790890248.064 8.23 7.98
1790890248.569 8.22 7.97
1790890249.074 8.22 7.97
1790890249.580 8.22 7.97
1790890250.085 8.23 7.98
1790890250.590 8.23 7.98
1790890251.095 8.22 7.98
1790890251.600 8.20 7.97
1790890252.106 8.19 7.97
1790890252.612 8.19 7.97
1790890253.117 8.19 7.97
1790890253.622 8.18 7.96
1790890254.128 8.18 7.96
1790890254.633 8.18 7.96
1790890255.138 8.18 7.96
1790890255.644 8.18 7.96
1790890256.149 8.18 7.96
1790890256.655 8.18 7.96
1790890257.160 8.18 7.96
1790890257.666 8.18 7.96
1790890258.171 8.18 7.96
1790890258.677 8.17 7.94
1790890259.182 8.17 7.94
1790890259.688 8.17 7.94
1790890260.193 8.16 7.94
1790890260.698 8.16 7.94
1790890261.204 8.16 7.94
1790890261.710 8.16 7.93
1790890262.217 8.16 7.93
1790890262.722 8.14 7.92
1790890263.228 8.15 7.92
1790890263.734 8.15 7.92
1790890264.239 8.14 7.92
1790890264.744 8.15 7.93
1790890265.251 8.16 7.93
1790890265.756 8.16 7.94
1790890266.262 8.15 7.92
1790890266.767 8.15 7.93
1790890267.273 8.15 7.93
1790890267.779 8.17 7.94
1790890268.283 8.14 7.91
1790890268.789 8.14 7.92
1790890269.295 8.14 7.92
1790890269.801 8.12 7.90
1790890270.307 8.13 7.91
1790890270.812 8.13 7.91
1790890271.318 8.14 7.92
1790890271.824 8.14 7.91
1790890272.330 8.14 7.91
1790890272.836 8.15 7.93
1790890273.340 8.14 7.91
1790890273.846 8.09 7.87
1790890274.351 8.13 7.91
1790890274.857 8.12 7.90
1790890275.363 8.10 7.88
1790890275.868 8.09 7.86
1790890276.373 8.08 7.85
1790890276.878 8.08 7.85
1790890277.383 8.07 7.84
1790890277.889 8.12 7.89
1790890278.394 8.10 7.88
1790890278.900 8.10 7.87
1790890279.405 8.09 7.87
1790890279.911 8.09 7.86
1790890280.417 8.11 7.88
1790890280.922 8.08 7.86
1790890281.426 8.10 7.87
1790890281.931 8.09 7.87
1790890282.436 8.10 7.88
1790890282.941 8.09 7.86
1790890283.446 8.10 7.88
1790890283.951 8.13 7.90
1790890284.456 8.11 7.89
1790890284.961 8.10 7.88
1790890285.467 8.09 7.87
1790890285.973 8.12 7.90
1790890286.478 8.12 7.89
1790890286.984 8.12 7.89
1790890287.490 8.10 7.88
1790890287.995 8.09 7.87
1790890288.501 8.10 7.88
1790890289.007 8.10 7.87
1790890289.512 8.11 7.89
1790890290.017 8.09 7.87
1790890290.523 8.08 7.86
1790890291.028 8.11 7.88
1790890291.534 8.05 7.83
1790890292.039 8.09 7.86
1790890292.544 8.09 7.86
1790890293.050 8.07 7.85
1790890293.556 8.06 7.84
1790890294.061 8.06 7.84
1790890294.566 8.09 7.86
1790890295.071 8.07 7.85
1790890295.577 8.09 7.86
1790890296.082 8.08 7.86
1790890296.588 8.11 7.88
1790890297.094 8.10 7.88
1790890297.600 8.10 7.88
1790890298.105 8.10 7.88
1790890298.611 8.11 7.88
1790890299.116 8.11 7.88
1790890299.622 8.11 7.88
1790890300.127 8.11 7.88
1790890300.633 8.09 7.86
1790890301.138 8.09 7.86
1790890301.643 8.09 7.86
1790890302.149 8.09 7.86
1790890302.655 8.09 7.86
1790890303.161 8.09 7.86
1790890303.666 8.09 7.86
1790890304.171 8.09 7.86
1790890304.677 8.09 7.86
1790890305.182 8.09 7.87
1790890305.688 8.09 7.87
1790890306.193 8.09 7.87
1790890306.698 8.09 7.87
1790890307.203 8.09 7.87
1790890307.708 8.09 7.87
1790890308.214 8.09 7.87
1790890308.719 8.09 7.86
1790890309.225 8.09 7.86
1790890309.731 8.09 7.86
1790890310.235 8.07 7.85
1790890310.741 8.07 7.85
1790890311.246 8.07 7.85
1790890311.751 8.07 7.85
1790890312.256 8.07 7.85
1790890312.761 8.07 7.85
1790890313.265 8.07 7.85
1790890313.771 8.07 7.85
1790890314.276 8.07 7.85
1790890314.781 8.07 7.85
1790890315.287 8.07 7.85
1790890315.792 8.07 7.85
1790890316.297 8.07 7.85
1790890316.802 8.07 7.85
1790890317.307 8.08 7.85
1790890317.812 8.08 7.85
1790890318.317 8.09 7.87
1790890318.822 8.09 7.87
1790890319.327 8.09 7.87
1790890319.832 8.09 7.87
1790890320.337 8.08 7.85
1790890320.841 8.08 7.85
1790890321.346 8.08 7.85
1790890321.851 8.08 7.85
1790890322.356 8.08 7.85
1790890322.862 8.08 7.85
1790890323.367 8.08 7.85
1790890323.873 8.10 7.87
1790890324.378 8.10 7.87
1790890324.884 8.10 7.88
1790890325.389 8.12 7.90
1790890325.895 8.12 7.90
1790890326.400 8.12 7.90
1790890326.905 8.12 7.90
1790890327.410 8.12 7.90
1790890327.917 8.12 7.90
1790890328.423 8.10 7.88
1790890328.928 8.11 7.89
1790890329.433 8.11 7.89
1790890329.939 8.11 7.88
1790890330.445 8.11 7.88
1790890330.952 8.10 7.87
1790890331.458 8.10 7.87
1790890331.964 8.09 7.86
1790890332.471 8.08 7.86
1790890332.977 8.08 7.86
1790890333.483 8.09 7.86
1790890333.990 8.09 7.86
1790890334.495 8.09 7.86
1790890335.001 8.09 7.86
1790890335.507 8.09 7.86
1790890336.013 8.09 7.86
1790890336.519 8.14 7.92
1790890337.026 8.14 7.92
1790890337.532 8.14 7.92
1790890338.037 8.14 7.91
1790890338.543 8.13 7.91
1790890339.050 8.15 7.92
1790890339.556 8.15 7.92
1790890340.062 8.15 7.92
1790890340.568 8.16 7.93
1790890341.074 8.16 7.93
1790890341.580 8.16 7.93
1790890342.085 8.16 7.93
1790890342.590 8.16 7.93
1790890343.096 8.17 7.95
1790890343.601 8.19 7.96
1790890344.107 8.19 7.96
1790890344.613 8.19 7.96
1790890345.120 8.19 7.96
1790890345.626 8.19 7.96
1790890346.132 8.19 7.97
1790890346.638 8.19 7.97
1790890347.143 8.19 7.96
1790890347.648 8.19 7.96
1790890348.154 8.19 7.96
1790890348.659 8.19 7.96
1790890349.165 8.19 7.96
1790890349.669 8.19 7.96
1790890350.176 8.19 7.96
1790890350.682 8.18 7.96
1790890351.188 8.18 7.96
1790890351.694 8.18 7.96
1790890352.200 8.18 7.96
1790890352.706 8.18 7.96
1790890353.212 8.18 7.96
1790890353.718 8.18 7.96
1790890354.224 8.18 7.96
1790890354.730 8.18 7.96
1790890355.236 8.18 7.96
1790890355.742 8.18 7.96
1790890356.248 8.19 7.96
1790890356.754 8.19 7.96
1790890357.259 8.19 7.96
1790890357.765 8.19 7.96
1790890358.270 8.19 7.96
1790890358.776 8.19 7.97
1790890359.282 8.19 7.97
1790890359.788 8.19 7.97
1790890360.294 8.19 7.97
1790890360.801 8.18 7.96
1790890361.306 8.18 7.96
1790890361.813 8.18 7.96
1790890362.319 8.18 7.96
1790890362.826 8.18 7.96
1790890363.332 8.18 7.95
1790890363.837 8.18 7.95
1790890364.343 8.18 7.95
1790890364.848 8.18 7.95
1790890365.355 8.18 7.95
1790890365.860 8.18 7.95
1790890366.366 8.18 7.95
1790890366.872 8.18 7.95
1790890367.379 8.17 7.95
1790890367.883 8.17 7.95
1790890368.388 8.17 7.94
1790890368.894 8.17 7.94
1790890369.399 8.17 7.94
1790890369.905 8.17 7.94
1790890370.410 8.17 7.94
1790890370.915 8.17 7.94
1790890371.421 8.17 7.94
1790890371.926 8.17 7.94
1790890372.431 8.17 7.94
1790890372.936 8.17 7.94
1790890373.442 8.18 7.96
1790890373.947 8.18 7.96
1790890374.452 8.18 7.96
1790890374.957 8.19 7.96
1790890375.463 8.19 7.96
1790890375.968 8.19 7.96
1790890376.474 8.19 7.96
1790890376.979 8.19 7.96
1790890377.484 8.19 7.96
1790890377.989 8.19 7.96
1790890378.495 8.19 7.96
1790890379.000 8.19 7.96
1790890379.506 8.19 7.96
1790890380.011 8.19 7.96
1790890380.517 8.19 7.96
1790890381.022 8.20 7.97
1790890381.528 8.20 7.97
1790890382.033 8.20 7.97
1790890382.538 8.20 7.97
1790890383.044 8.20 7.97
1790890383.550 8.18 7.96
1790890384.056 8.18 7.96
1790890384.561 8.18 7.96
1790890385.067 8.18 7.96
1790890385.572 8.18 7.96
1790890386.078 8.18 7.96
1790890386.584 8.18 7.96
1790890387.089 8.18 7.96
1790890387.595 8.18 7.96
1790890388.100 8.18 7.96
1790890388.606 8.17 7.94
1790890389.111 8.17 7.94
1790890389.617 8.17 7.94
1790890390.122 8.17 7.95
1790890390.627 8.17 7.95
1790890391.132 8.20 7.97
1790890391.638 8.20 7.97
1790890392.144 8.20 7.97
1790890392.649 8.20 7.97
1790890393.154 8.20 7.97
1790890393.659 8.20 7.98
1790890394.165 8.20 7.98
1790890394.670 8.20 7.98
1790890395.176 8.20 7.98
1790890395.681 8.20 7.98
1790890396.186 8.20 7.98
1790890396.692 8.20 7.98
1790890397.197 8.20 7.98
1790890397.703 8.20 7.98
1790890398.208 8.21 7.98
1790890398.714 8.21 7.98
1790890399.219 8.21 7.98
1790890399.725 8.21 7.98
1790890400.230 8.21 7.98
1790890400.735 8.21 7.99
1790890401.240 8.21 7.99
1790890401.746 8.21 7.99
1790890402.251 8.21 7.99
1790890402.757 8.21 7.99
1790890403.262 8.21 7.99
1790890403.768 8.21 7.98
1790890404.273 8.21 7.98
1790890404.779 8.21 7.98
1790890405.284 8.21 7.98
1790890405.790 8.21 7.98
1790890406.295 8.21 7.98
1790890406.801 8.21 7.98
1790890407.306 8.21 7.98
1790890407.811 8.21 7.98
1790890408.316 8.20 7.98
1790890408.822 8.20 7.98
1790890409.327 8.21 7.99
1790890409.833 8.21 7.99
1790890410.339 8.21 7.99
1790890410.844 8.21 7.99
1790890411.350 8.21 7.99
1790890411.856 8.21 7.99
1790890412.361 8.21 7.99
1790890412.867 8.21 7.99
1790890413.373 8.21 7.99
1790890413.878 8.21 7.99
1790890414.384 8.21 7.99
1790890414.889 8.21 7.99
1790890415.394 8.21 7.99
1790890415.900 8.21 7.99
1790890416.405 8.21 7.99
1790890416.910 8.21 7.99
1790890417.416 8.21 7.99
1790890417.921 8.21 7.99
1790890418.427 8.22 7.99
1790890418.932 8.22 7.99
1790890419.437 8.22 7.99
1790890419.943 8.22 7.99
1790890420.448 8.22 8.00
1790890420.954 8.24 8.01
1790890421.460 8.23 8.00
1790890421.965 8.22 8.00
1790890422.471 8.23 8.01
1790890422.977 8.24 8.01
1790890423.483 8.23 8.00
1790890423.989 8.23 8.01
1790890424.496 8.22 8.00
1790890425.001 8.23 8.01
1790890425.505 8.22 8.00
1790890426.010 8.23 8.01
1790890426.516 8.22 8.00
1790890427.021 8.23 8.01
1790890427.527 8.22 8.00
1790890428.033 8.24 8.01
1790890428.538 8.21 7.99
1790890429.044 8.19 7.97
1790890429.549 8.22 7.99
1790890430.054 8.20 7.98
1790890430.559 8.21 7.98
1790890431.065 8.20 7.97
1790890431.571 8.22 8.00
1790890432.077 8.21 7.99
1790890432.581 8.19 7.97
1790890433.086 8.22 7.99
1790890433.592 8.20 7.97
1790890434.096 8.19 7.96
1790890434.601 8.17 7.95
1790890435.107 8.19 7.97
1790890435.613 8.18 7.95
1790890436.118 8.16 7.94
1790890436.623 8.15 7.92
1790890437.129 8.22 8.00
1790890437.634 8.17 7.95
1790890438.140 8.17 7.95
1790890438.645 8.18 7.96
1790890439.150 8.16 7.93
1790890439.655 8.19 7.97
1790890440.161 8.17 7.95
1790890440.667 8.19 7.97
1790890441.172 8.16 7.94
1790890441.677 8.19 7.97
1790890442.182 8.15 7.92
1790890442.688 8.16 7.93
1790890443.193 8.15 7.93
1790890443.698 8.18 7.96
1790890444.203 8.15 7.92
1790890444.709 8.16 7.93
1790890445.214 8.13 7.90
1790890445.720 8.18 7.96
1790890446.225 8.15 7.93
1790890446.730 8.15 7.93
1790890447.236 8.18 7.96
1790890447.741 8.19 7.96
1790890448.246 8.17 7.95
1790890448.751 8.20 7.98
1790890449.256 8.18 7.95
1790890449.762 8.13 7.91
1790890450.266 8.17 7.95
1790890450.771 8.16 7.94
1790890451.277 8.16 7.93
1790890451.783 8.14 7.92
1790890452.288 8.18 7.96
1790890452.794 8.17 7.95
1790890453.299 8.16 7.94
1790890453.804 8.16 7.93
1790890454.309 8.12 7.90
1790890454.815 8.14 7.92
1790890455.321 8.14 7.91
1790890455.826 8.13 7.90
1790890456.331 8.14 7.92
1790890456.837 8.18 7.96
1790890457.342 8.15 7.92
1790890457.847 8.15 7.92
1790890458.352 8.19 7.97
1790890458.857 8.12 7.90
1790890459.362 8.15 7.93
1790890459.866 8.15 7.92
1790890460.371 8.13 7.91
1790890460.876 8.14 7.91
1790890461.381 8.14 7.92
1790890461.886 8.13 7.90
1790890462.391 8.12 7.90
1790890462.897 8.11 7.88
1790890463.403 8.16 7.93
1790890463.908 8.13 7.91
1790890464.413 8.13 7.90
1790890464.917 8.12 7.90
1790890465.422 8.14 7.92
1790890465.928 8.13 7.91
1790890466.433 8.12 7.90
1790890466.939 8.11 7.88
1790890467.444 8.11 7.88
1790890467.949 8.13 7.91
1790890468.454 8.12 7.89
1790890468.960 8.10 7.88
1790890469.465 8.12 7.90
1790890469.970 8.12 7.89
1790890470.476 8.10 7.88
1790890470.982 8.09 7.87
1790890471.487 8.06 7.84
1790890471.993 8.06 7.83
1790890472.498 8.09 7.87
1790890473.004 8.09 7.87
1790890473.510 8.09 7.87
1790890474.016 8.07 7.85
1790890474.522 8.12 7.89
1790890475.028 8.10 7.88
1790890475.533 8.09 7.87
1790890476.039 8.07 7.85
1790890476.543 8.08 7.86
1790890477.048 8.09 7.87
1790890477.553 8.10 7.88
1790890478.058 8.11 7.88
1790890478.564 8.12 7.90
1790890479.069 8.11 7.89
1790890479.575 8.13 7.91
1790890480.080 8.14 7.92
1790890480.586 8.12 7.90
1790890481.091 8.11 7.89
1790890481.597 8.12 7.90
1790890482.102 8.11 7.89
1790890482.607 8.13 7.90
1790890483.112 8.13 7.90
1790890483.617 8.12 7.90
1790890484.123 8.14 7.92
1790890484.628 8.12 7.90
1790890485.133 8.12 7.90
1790890485.638 8.11 7.89
1790890486.143 8.10 7.88
1790890486.648 8.12 7.90
1790890487.153 8.08 7.86
1790890487.659 8.14 7.92
1790890488.165 8.11 7.89
1790890488.671 8.08 7.85
1790890489.176 8.10 7.88
1790890489.682 8.10 7.88
1790890490.188 8.09 7.87
1790890490.693 8.08 7.86
1790890491.198 8.08 7.86
1790890491.703 8.05 7.83
1790890492.208 8.08 7.86
1790890492.714 8.08 7.86
1790890493.219 8.07 7.85
1790890493.725 8.11 7.88
1790890494.230 8.10 7.88
1790890494.735 8.09 7.87
1790890495.241 8.08 7.86
1790890495.747 8.11 7.89
1790890496.254 8.15 7.93
1790890496.760 8.13 7.91
1790890497.265 8.12 7.90
1790890497.771 8.14 7.92
1790890498.276 8.17 7.95
1790890498.781 8.13 7.91
1790890499.286 8.12 7.90
1790890499.792 8.11 7.89
1790890500.298 8.07 7.85
1790890500.804 8.12 7.90
1790890501.310 8.09 7.86
1790890501.814 8.07 7.85
1790890502.321 8.06 7.84
1790890502.827 8.06 7.84
1790890503.331 8.03 7.81
1790890503.836 8.05 7.83
1790890504.342 8.04 7.82
1790890504.847 8.00 7.78
1790890505.352 8.04 7.82
1790890505.857 8.03 7.81
1790890506.362 8.03 7.81
1790890506.868 8.02 7.80
1790890507.375 8.05 7.83
1790890507.880 8.01 7.79
1790890508.387 8.00 7.78
1790890508.893 8.02 7.80
1790890509.398 8.03 7.81
1790890509.903 8.02 7.80
1790890510.409 8.02 7.79
1790890510.914 8.04 7.82
1790890511.420 8.02 7.80
1790890511.925 8.06 7.84
1790890512.430 8.05 7.83
1790890512.935 8.04 7.82
1790890513.440 8.07 7.85
1790890513.946 8.11 7.89
1790890514.452 8.08 7.86
1790890514.957 8.07 7.85
1790890515.462 8.05 7.83
1790890515.968 8.03 7.80
1790890516.474 8.07 7.85
1790890516.979 8.08 7.86
1790890517.484 8.08 7.86
1790890517.990 8.08 7.86
1790890518.495 8.12 7.90
1790890519.000 8.09 7.87
1790890519.505 8.09 7.87
1790890520.011 8.08 7.86
1790890520.516 8.10 7.87
1790890521.022 8.09 7.87
1790890521.528 8.08 7.85
1790890522.034 8.07 7.85
1790890522.539 8.10 7.88
1790890523.044 8.09 7.87
1790890523.549 8.09 7.86
1790890524.054 8.09 7.86
1790890524.560 8.09 7.86
1790890525.066 8.09 7.86
1790890525.571 8.09 7.86
1790890526.076 8.09 7.86
1790890526.581 8.09 7.86
1790890527.086 8.09 7.87
1790890527.591 8.09 7.87
1790890528.096 8.09 7.86
1790890528.601 8.08 7.86
1790890529.106 8.08 7.86
1790890529.612 8.08 7.86
1790890530.117 8.08 7.86
1790890530.622 8.08 7.86
1790890531.128 8.08 7.86
1790890531.633 8.07 7.85
1790890532.139 8.07 7.85
1790890532.644 8.07 7.85
1790890533.149 8.07 7.85
1790890533.655 8.06 7.83
1790890534.160 8.06 7.83
1790890534.666 8.06 7.83
1790890535.172 8.06 7.83
1790890535.677 8.06 7.83
1790890536.183 8.05 7.83
1790890536.688 8.06 7.83
1790890537.194 8.05 7.83
1790890537.699 8.05 7.83
1790890538.204 8.06 7.83
1790890538.710 8.04 7.82
1790890539.216 8.04 7.82
1790890539.721 8.04 7.82
1790890540.226 8.04 7.82
1790890540.732 8.04 7.82
1790890541.237 8.08 7.86
1790890541.742 8.06 7.84
1790890542.248 8.07 7.84
1790890542.753 8.07 7.84
1790890543.258 8.07 7.84
1790890543.764 8.05 7.83
1790890544.268 8.05 7.83
1790890544.773 8.05 7.83
1790890545.279 8.05 7.83
1790890545.784 8.05 7.83
1790890546.289 8.05 7.83
1790890546.794 8.05 7.83
1790890547.299 8.05 7.83
1790890547.804 8.05 7.83
1790890548.309 8.03 7.81
1790890548.814 8.03 7.81
1790890549.320 8.03 7.81
1790890549.825 8.03 7.81
1790890550.331 8.03 7.81
1790890550.836 8.03 7.81
1790890551.342 8.03 7.81
1790890551.847 8.02 7.80
1790890552.352 8.03 7.81
1790890552.857 8.03 7.81
1790890553.362 8.03 7.81
1790890553.867 8.03 7.80
1790890554.373 8.03 7.81
1790890554.878 8.03 7.81
1790890555.383 8.03 7.81
1790890555.889 8.03 7.81
1790890556.394 8.03 7.81
1790890556.899 8.03 7.81
1790890557.404 8.03 7.81
1790890557.909 8.03 7.81
1790890558.415 8.03 7.81
1790890558.921 8.03 7.81
1790890559.426 8.03 7.81
1790890559.932 8.03 7.81
1790890560.437 8.03 7.81
1790890560.943 8.03 7.81
1790890561.448 8.03 7.81
1790890561.953 8.03 7.81
1790890562.459 8.03 7.81
1790890562.964 8.03 7.81
1790890563.470 8.03 7.81
1790890563.975 8.03 7.81
1790890564.481 8.03 7.81
1790890564.986 8.03 7.81
1790890565.491 8.03 7.81
1790890565.997 8.03 7.81
1790890566.502 8.03 7.81
1790890567.008 8.04 7.82
1790890567.513 8.04 7.82
1790890568.018 8.04 7.82
1790890568.524 8.03 7.81
1790890569.030 8.03 7.81
1790890569.535 8.04 7.82
1790890570.041 8.04 7.82
1790890570.547 8.04 7.82
1790890571.053 8.04 7.82
1790890571.558 8.04 7.82
1790890572.064 8.03 7.81
1790890572.569 8.03 7.81
1790890573.074 8.03 7.81
1790890573.579 8.02 7.80
1790890574.085 8.02 7.80
1790890574.590 8.02 7.80
1790890575.095 8.02 7.80
1790890575.601 8.02 7.80
1790890576.107 8.02 7.80
1790890576.612 8.03 7.80
1790890577.117 8.03 7.81
1790890577.624 8.03 7.81
1790890578.130 8.03 7.81
1790890578.635 8.04 7.82
1790890579.140 8.04 7.82
1790890579.645 8.04 7.82
1790890580.150 8.05 7.82
1790890580.655 8.05 7.82
1790890581.161 8.05 7.83
1790890581.665 8.03 7.81
1790890582.171 8.03 7.81
1790890582.676 8.03 7.81
1790890583.182 8.03 7.81
1790890583.688 8.04 7.81
1790890584.193 8.04 7.81
1790890584.699 8.04 7.82
1790890585.204 8.04 7.82
1790890585.709 8.04 7.82
1790890586.215 8.04 7.82
1790890586.721 8.04 7.82
1790890587.227 8.04 7.82
1790890587.733 8.04 7.82
1790890588.239 8.04 7.82
1790890588.745 8.06 7.84
1790890589.251 8.06 7.84
1790890589.756 8.06 7.84
1790890590.261 8.06 7.84
1790890590.767 8.06 7.84
1790890591.272 8.07 7.84
1790890591.777 8.06 7.84
1790890592.282 8.06 7.84
1790890592.788 8.06 7.84
1790890593.293 8.07 7.85
1790890593.799 8.08 7.86
1790890594.304 8.09 7.86
1790890594.809 8.09 7.86
1790890595.314 8.08 7.86
1790890595.819 8.09 7.86
1790890596.324 8.09 7.87
1790890596.829 8.09 7.87
1790890597.335 8.09 7.87
1790890597.840 8.09 7.87
1790890598.345 8.07 7.85
1790890598.850 8.08 7.86
1790890599.355 8.08 7.86
1790890599.860 8.08 7.86
1790890600.366 8.08 7.86
1790890600.870 8.09 7.87
1790890601.376 8.09 7.87
1790890601.881 8.10 7.87
1790890602.387 8.10 7.87
1790890602.892 8.10 7.87
1790890603.398 8.11 7.89
1790890603.903 8.11 7.89
1790890604.408 8.11 7.89
1790890604.914 8.11 7.89
1790890605.419 8.12 7.89
1790890605.924 8.12 7.89
1790890606.429 8.12 7.89
1790890606.935 8.12 7.89
1790890607.440 8.12 7.89
1790890607.945 8.12 7.89
1790890608.451 8.10 7.88
1790890608.956 8.10 7.88
1790890609.461 8.10 7.88
1790890609.966 8.10 7.88
1790890610.471 8.10 7.88
1790890610.976 8.11 7.88
1790890611.482 8.11 7.89
1790890611.987 8.12 7.89
1790890612.493 8.12 7.89
1790890612.999 8.12 7.90
1790890613.504 8.13 7.91
1790890614.009 8.13 7.91
1790890614.514 8.13 7.91
1790890615.019 8.13 7.91
1790890615.525 8.13 7.91
1790890616.029 8.14 7.91
1790890616.535 8.13 7.91
1790890617.041 8.13 7.91
1790890617.547 8.12 7.90
1790890618.052 8.12 7.90
1790890618.557 8.11 7.89
1790890619.063 8.11 7.89
1790890619.569 8.10 7.88
1790890620.074 8.10 7.88
1790890620.580 8.09 7.87
1790890621.086 8.09 7.87
1790890621.593 8.10 7.87
1790890622.098 8.08 7.86
1790890622.604 8.08 7.86
1790890623.110 8.08 7.86
1790890623.616 8.09 7.87
1790890624.122 8.11 7.89
1790890624.627 8.11 7.89
1790890625.133 8.13 7.91
1790890625.639 8.14 7.92
1790890626.145 8.14 7.92
1790890626.650 8.14 7.92
1790890627.156 8.14 7.92
1790890627.662 8.14 7.92
1790890628.168 8.14 7.92
1790890628.674 8.15 7.93
1790890629.180 8.15 7.93
1790890629.686 8.15 7.93
1790890630.192 8.15 7.93
1790890630.698 8.15 7.92
1790890631.204 8.15 7.92
1790890631.710 8.15 7.92
1790890632.216 8.15 7.93
1790890632.721 8.15 7.93
1790890633.227 8.15 7.93
1790890633.733 8.16 7.94
1790890634.239 8.16 7.94
1790890634.744 8.16 7.94
1790890635.249 8.16 7.94
1790890635.755 8.16 7.94
1790890636.260 8.16 7.94
1790890636.766 8.16 7.94
1790890637.272 8.16 7.94
1790890637.778 8.16 7.94
1790890638.283 8.18 7.96
1790890638.789 8.19 7.97
1790890639.295 8.19 7.97
1790890639.801 8.18 7.96
1790890640.306 8.19 7.97
1790890640.812 8.17 7.95
1790890641.317 8.18 7.96
1790890641.823 8.17 7.95
1790890642.328 8.19 7.96
1790890642.833 8.18 7.95
1790890643.338 8.18 7.96
1790890643.844 8.17 7.95
1790890644.349 8.18 7.96
1790890644.855 8.17 7.95
1790890645.360 8.17 7.95
1790890645.866 8.18 7.95
1790890646.372 8.19 7.97
1790890646.877 8.17 7.95
1790890647.382 8.18 7.96
1790890647.887 8.19 7.97
1790890648.392 8.19 7.96
1790890648.897 8.18 7.96
1790890649.402 8.16 7.94
1790890649.907 8.17 7.95
1790890650.413 8.18 7.96
1790890650.918 8.17 7.95
1790890651.424 8.19 7.96
1790890651.930 8.17 7.95
1790890652.435 8.16 7.94
1790890652.940 8.15 7.93
1790890653.446 8.17 7.95
1790890653.951 8.17 7.95
1790890654.456 8.15 7.93
1790890654.961 8.17 7.95
1790890655.467 8.15 7.93
1790890655.972 8.15 7.93
1790890656.476 8.17 7.95
1790890656.982 8.16 7.94
1790890657.487 8.16 7.94
1790890657.992 8.15 7.93
1790890658.497 8.15 7.93
1790890659.002 8.15 7.93
1790890659.507 8.16 7.94
1790890660.012 8.15 7.93
1790890660.517 8.17 7.95
1790890661.022 8.16 7.94
1790890661.527 8.15 7.93
1790890662.032 8.14 7.92
1790890662.538 8.15 7.93
1790890663.043 8.15 7.93
1790890663.548 8.15 7.93
1790890664.052 8.16 7.94
1790890664.557 8.15 7.93
1790890665.063 8.15 7.92
1790890665.568 8.14 7.92
1790890666.075 8.15 7.93
1790890666.579 8.15 7.92
1790890667.085 8.16 7.94
1790890667.592 8.15 7.93
1790890668.098 8.15 7.93
1790890668.603 8.15 7.93
1790890669.109 8.15 7.93
1790890669.614 8.15 7.93
1790890670.119 8.15 7.93
1790890670.625 8.15 7.92
1790890671.130 8.15 7.93
1790890671.636 8.15 7.93
1790890672.141 8.15 7.93
1790890672.647 8.15 7.93
1790890673.152 8.14 7.92
1790890673.657 8.14 7.92
1790890674.162 8.14 7.92
1790890674.667 8.14 7.92
1790890675.172 8.14 7.91
1790890675.678 8.13 7.91
1790890676.184 8.14 7.91
1790890676.689 8.14 7.91
1790890677.194 8.14 7.92
1790890677.700 8.14 7.92
1790890678.205 8.14 7.92
1790890678.710 8.14 7.91
1790890679.215 8.14 7.91
1790890679.719 8.14 7.91
1790890680.224 8.14 7.92
1790890680.730 8.14 7.92
1790890681.235 8.14 7.92
1790890681.740 8.14 7.92
1790890682.246 8.14 7.92
1790890682.751 8.14 7.92
1790890683.257 8.14 7.92
1790890683.762 8.15 7.93
1790890684.267 8.15 7.93
1790890684.772 8.15 7.92
1790890685.278 7.75 7.53
1790890685.784 7.34 7.12
1790890686.289 6.91 6.69
1790890686.794 6.77 6.55
1790890687.299 6.75 6.53
1790890687.804 6.76 6.54
1790890688.309 6.72 6.50
1790890688.814 6.79 6.57
1790890689.319 6.79 6.56
1790890689.825 6.81 6.58
1790890690.330 6.72 6.50
1790890690.835 6.78 6.56
1790890691.340 6.72 6.50
1790890691.845 6.78 6.56
1790890692.351 6.79 6.57
1790890692.855 6.73 6.51
1790890693.360 6.69 6.46
1790890693.865 6.74 6.52
1790890694.371 6.76 6.54
1790890694.876 6.70 6.48
1790890695.381 6.73 6.51
1790890695.886 6.72 6.50
1790890696.392 6.72 6.50
1790890696.898 6.70 6.48
1790890697.404 6.70 6.48
1790890697.909 6.73 6.51
1790890698.414 6.68 6.46
1790890698.919 6.65 6.43
1790890699.424 6.70 6.48
1790890699.929 6.66 6.44
1790890700.434 6.70 6.48
1790890700.939 6.70 6.48
1790890701.444 6.70 6.48
1790890701.949 6.62 6.40
1790890702.455 6.65 6.43
1790890702.961 6.66 6.44
1790890703.466 6.64 6.42
1790890703.973 6.68 6.46
1790890704.479 6.71 6.49
1790890704.984 6.64 6.42
1790890705.489 6.65 6.43
1790890705.994 6.58 6.36
1790890706.500 6.66 6.44
1790890707.005 6.57 6.35
1790890707.511 6.63 6.41
1790890708.017 6.64 6.42
1790890708.521 6.63 6.41
1790890709.026 6.60 6.38
1790890709.532 6.60 6.37
1790890710.037 6.62 6.40
1790890710.542 6.57 6.35
1790890711.048 6.58 6.36
1790890711.554 6.59 6.36
1790890712.059 6.59 6.37
1790890712.565 6.56 6.34
1790890713.071 6.52 6.30
1790890713.575 6.53 6.30
1790890714.081 6.51 6.29
1790890714.586 6.48 6.25
1790890715.091 6.52 6.30
1790890715.596 6.51 6.28
1790890716.101 6.47 6.25
1790890716.607 6.47 6.25
1790890717.112 6.51 6.29
1790890717.617 6.49 6.27
1790890718.123 6.52 6.30
1790890718.629 6.51 6.29
1790890719.135 6.51 6.29
1790890719.641 6.46 6.24
1790890720.146 6.46 6.24
1790890720.651 6.52 6.29
1790890721.156 6.50 6.28
1790890721.661 6.39 6.17
1790890722.168 6.49 6.27
1790890722.674 6.40 6.18
1790890723.178 6.50 6.28
1790890723.683 6.51 6.29
1790890724.188 6.49 6.27
1790890724.693 6.47 6.25
1790890725.199 6.51 6.29
1790890725.705 6.50 6.28
1790890726.211 6.50 6.28
1790890726.717 6.46 6.24
1790890727.223 6.40 6.18
1790890727.728 6.46 6.24
1790890728.233 6.41 6.19
1790890728.738 6.48 6.26
1790890729.244 6.48 6.26
1790890729.749 6.46 6.24
1790890730.254 6.46 6.24
1790890730.759 6.47 6.25
1790890731.265 6.48 6.26
1790890731.770 6.47 6.25
1790890732.276 6.43 6.21
1790890732.781 6.41 6.18
1790890733.286 6.38 6.16
1790890733.790 6.44 6.22
1790890734.295 6.40 6.18
1790890734.800 6.38 6.16
1790890735.305 6.40 6.18
1790890735.810 6.45 6.23
1790890736.315 6.47 6.25
1790890736.820 6.46 6.24
1790890737.326 6.49 6.27
1790890737.832 6.47 6.25
1790890738.336 6.40 6.18
1790890738.842 6.42 6.20
1790890739.348 6.37 6.14
1790890739.853 6.37 6.14
1790890740.358 6.31 6.09
1790890740.863 6.42 6.20
1790890741.369 6.39 6.17
1790890741.874 6.37 6.15
1790890742.380 6.40 6.18
1790890742.885 6.38 6.16
1790890743.390 6.37 6.15
1790890743.895 6.40 6.18
1790890744.400 6.39 6.17
1790890744.905 6.41 6.19
1790890745.411 6.41 6.19
1790890745.917 6.43 6.21
1790890746.422 6.42 6.19
1790890746.927 6.40 6.18
1790890747.433 6.42 6.20
1790890747.939 6.40 6.18
1790890748.444 6.40 6.18
1790890748.949 6.43 6.21
1790890749.454 6.41 6.19
1790890749.959 6.40 6.18
1790890750.464 6.42 6.20
1790890750.970 6.42 6.20
1790890751.475 6.44 6.22
1790890751.981 6.42 6.20
1790890752.487 6.45 6.23
1790890752.993 6.42 6.20
1790890753.498 6.42 6.20
1790890754.003 6.45 6.22
1790890754.508 6.43 6.21
1790890755.014 6.45 6.23
1790890755.519 6.44 6.22
1790890756.024 6.43 6.21
1790890756.529 6.46 6.24
1790890757.034 6.45 6.22
1790890757.539 6.44 6.22
1790890758.044 6.45 6.23
1790890758.549 6.44 6.22
1790890759.054 6.46 6.24
1790890759.559 6.44 6.22
1790890760.064 6.44 6.22
1790890760.570 6.44 6.22
1790890761.075 6.44 6.22
1790890761.582 6.43 6.21
1790890762.087 6.46 6.24
1790890762.591 6.44 6.22
1790890763.097 6.44 6.22
1790890763.602 6.44 6.22
1790890764.108 6.43 6.21
1790890764.614 6.43 6.20
1790890765.120 6.44 6.22
1790890765.626 6.44 6.22
1790890766.131 6.43 6.21
1790890766.637 6.45 6.23
1790890767.142 6.44 6.22
1790890767.647 6.43 6.21
1790890768.153 6.45 6.23
1790890768.658 6.43 6.21
1790890769.162 6.42 6.20
1790890769.667 6.41 6.19
1790890770.172 6.43 6.21
1790890770.678 6.43 6.20
1790890771.184 6.42 6.20
1790890771.690 6.41 6.19
1790890772.195 6.44 6.22
1790890772.700 6.43 6.21
1790890773.205 6.43 6.21
1790890773.710 6.44 6.22
1790890774.215 6.44 6.22
1790890774.721 6.43 6.21
1790890775.227 6.42 6.20
1790890775.733 6.45 6.23
1790890776.239 6.44 6.22
1790890776.745 6.44 6.21
1790890777.250 6.45 6.23
1790890777.756 8.11 7.94
1790890778.260 8.25 8.08
1790890778.765 8.37 8.19
1790890779.270 37.73 37.56
1790890779.777 115.44 115.27
1790890780.282 115.44 115.27
1790890780.788 115.44 115.27
1790890781.293 115.44 115.27
1790890781.799 115.44 115.27
1790890782.305 115.44 115.27
1790890782.811 115.43 115.27
1790890783.316 115.43 115.27
1790890783.822 115.44 115.28
1790890784.327 115.44 115.28
1790890784.833 115.44 115.28
1790890785.338 115.44 115.28
1790890785.843 115.44 115.28
1790890786.349 115.44 115.28
1790890786.854 115.44 115.28
1790890787.360 115.44 115.28
1790890787.866 115.44 115.28
1790890788.371 115.44 115.28
1790890788.878 115.44 115.28
1790890789.383 115.44 115.28
1790890789.889 115.44 115.28
1790890790.394 115.45 115.28
1790890790.900 115.45 115.28
1790890791.405 115.45 115.28
1790890791.911 115.45 115.29
1790890792.416 115.45 115.29
1790890792.922 115.47 115.31
1790890793.427 115.47 115.31
1790890793.933 115.47 115.30
1790890794.439 115.47 115.30
1790890794.944 115.47 115.30
1790890795.450 115.47 115.30
1790890795.956 115.47 115.30
1790890796.461 115.47 115.30
1790890796.966 115.47 115.30
1790890797.472 115.48 115.31
1790890797.977 115.48 115.31
1790890798.482 115.47 115.31
1790890798.987 115.47 115.31
1790890799.493 115.47 115.31
1790890799.998 115.47 115.31
1790890800.504 115.47 115.31
1790890801.009 115.47 115.31
1790890801.515 115.47 115.31
1790890802.020 115.47 115.31
1790890802.525 115.47 115.31
1790890803.030 115.49 115.32
1790890803.536 115.50 115.34
1790890804.041 115.50 115.34
1790890804.546 115.50 115.34
1790890805.051 115.50 115.34
1790890805.557 115.50 115.34
1790890806.062 115.50 115.34
1790890806.568 115.50 115.34
1790890807.073 115.50 115.34
1790890807.579 115.50 115.34
1790890808.084 115.50 115.34
1790890808.590 115.50 115.33
1790890809.095 115.50 115.33
1790890809.601 115.50 115.34
1790890810.106 115.50 115.34
1790890810.611 115.50 115.34
1790890811.117 115.50 115.34
1790890811.622 115.50 115.34
1790890812.128 115.50 115.34
1790890812.632 115.50 115.34
1790890813.138 115.49 115.33
1790890813.644 115.48 115.32
1790890814.150 115.48 115.32
1790890814.656 115.48 115.32
1790890815.161 115.48 115.32
1790890815.667 115.48 115.32
1790890816.173 115.48 115.32
1790890816.679 115.48 115.32
1790890817.184 115.49 115.32
1790890817.690 115.49 115.32
1790890818.195 115.49 115.33
1790890818.701 115.47 115.31
1790890819.207 115.47 115.31
1790890819.712 115.47 115.31
1790890820.218 115.48 115.31
1790890820.723 115.48 115.31
1790890821.229 115.48 115.31
1790890821.734 115.48 115.31
1790890822.240 115.48 115.31
1790890822.745 115.48 115.31
1790890823.251 115.47 115.31
1790890823.756 115.46 115.30
1790890824.262 115.46 115.30
1790890824.768 115.46 115.30
1790890825.273 115.46 115.30
1790890825.779 115.46 115.30
1790890826.285 115.47 115.30
1790890826.790 115.47 115.30
1790890827.296 115.47 115.30
1790890827.802 115.47 115.30
1790890828.307 115.47 115.30
1790890828.813 115.47 115.31
1790890829.319 115.47 115.31
1790890829.824 115.47 115.31
1790890830.330 115.47 115.31
1790890830.835 115.47 115.31
1790890831.340 115.47 115.31
1790890831.846 115.47 115.31
1790890832.351 115.47 115.31
1790890832.857 115.47 115.31
1790890833.363 115.48 115.32
1790890833.868 115.48 115.32
1790890834.374 115.49 115.32
1790890834.880 115.49 115.32
1790890835.386 115.49 115.33
1790890835.891 115.49 115.33
1790890836.397 115.49 115.33
1790890836.903 115.50 115.34
1790890837.408 115.50 115.34
1790890837.913 115.50 115.34
1790890838.418 115.50 115.34
1790890838.923 115.51 115.34
1790890839.429 115.51 115.34
1790890839.935 115.51 115.34
1790890840.440 115.51 115.34
1790890840.946 115.51 115.35
1790890841.451 115.51 115.35
1790890841.957 115.51 115.35
1790890842.463 115.51 115.35
1790890842.968 115.51 115.35
1790890843.473 115.50 115.34
1790890843.979 115.51 115.34
1790890844.484 115.51 115.34
1790890844.990 115.50 115.34
1790890845.495 115.51 115.34
1790890846.000 115.50 115.33
1790890846.506 115.48 115.32
1790890847.027 116.00 115.39
1790890847.550 116.01 115.40
1790890848.056 116.02 115.41
1790890848.561 116.00 115.40
1790890849.066 116.00 115.40
1790890849.572 116.01 115.40
1790890850.077 116.01 115.40
1790890850.583 116.00 115.40
1790890851.088 116.01 115.40
1790890851.594 116.01 115.40
1790890852.099 116.01 115.40
1790890852.605 116.01 115.40
1790890853.110 116.01 115.41
1790890853.615 115.98 115.38
1790890854.121 115.98 115.38
1790890854.627 115.98 115.38
1790890855.132 115.98 115.38
1790890855.637 115.98 115.38
1790890856.143 115.98 115.38
1790890856.648 115.98 115.38
1790890857.152 115.98 115.38
1790890857.656 115.98 115.39
1790890858.162 115.95 115.39
1790890858.667 115.87 115.38
1790890859.173 115.79 115.36
1790890859.678 115.50 115.21
1790890860.184 115.42 115.18
1790890860.689 115.35 115.13
1790890861.194 115.02 114.84
1790890861.699 115.02 114.84
1790890862.204 115.02 114.84
1790890862.709 115.02 114.84
1790890863.214 115.01 114.83
1790890863.720 114.60 114.44
1790890864.224 113.84 113.69
1790890864.728 113.43 113.28
1790890865.234 112.92 112.77
1790890865.739 112.79 112.65
1790890866.244 111.80 112.01
1790890866.749 111.37 111.26
1790890867.254 111.12 111.04
1790890867.759 110.85 110.79
1790890868.263 110.61 110.57
1790890868.769 110.14 110.12
1790890869.276 108.47 108.48
1790890869.781 108.06 108.12
1790890870.286 108.81 108.89
1790890870.791 108.61 108.69
1790890871.296 108.40 108.49
1790890871.801 108.19 108.29
1790890872.306 106.43 106.54
1790890872.812 106.41 106.54
1790890873.317 106.37 106.53
1790890873.822 106.35 106.54
1790890874.327 106.13 106.33
1790890874.832 105.89 106.12
1790890875.336 105.55 105.82
1790890875.841 106.08 106.38
1790890876.346 105.91 106.21
1790890876.851 105.68 105.99
1790890877.356 105.46 105.77
1790890877.861 103.55 103.87
1790890878.366 103.47 103.82
1790890878.871 103.43 103.80
1790890879.376 103.41 103.80
1790890879.881 103.39 103.81
1790890880.387 102.74 103.20
1790890880.893 102.32 102.82
1790890881.397 103.00 103.52
1790890881.902 102.77 103.29
1790890882.407 102.54 103.08
1790890882.912 102.28 102.82
1790890883.417 100.56 101.11
1790890883.922 100.59 101.16
1790890884.427 100.57 101.16
1790890884.932 100.55 101.16
1790890885.437 100.53 101.16
1790890885.943 100.18 100.85
1790890886.448 99.80 100.52
1790890886.953 100.25 100.99
1790890887.458 100.08 100.82
1790890887.962 99.87 100.63
1790890888.467 99.62 100.39
1790890888.972 97.92 98.70
1790890889.477 97.90 98.70
1790890889.982 97.87 98.70
1790890890.487 97.86 98.71
1790890890.992 97.88 98.75
1790890891.497 97.83 98.75
1790890892.003 97.58 98.54
1790890892.507 97.62 98.59
1790890893.013 97.44 98.42
1790890893.518 97.22 98.20
1790890894.022 96.98 97.97
1790890894.527 95.34 96.34
1790890895.032 95.32 96.34
1790890895.537 95.30 96.34
1790890896.042 95.27 96.34
1790890896.547 95.26 96.34
1790890897.052 94.98 96.10
1790890897.558 94.57 95.73
1790890898.063 95.12 96.31
1790890898.568 94.93 96.12
1790890899.073 94.74 95.94
1790890899.578 94.51 95.72
1790890900.083 92.86 94.07
1790890900.588 92.82 94.06
1790890901.093 92.80 94.06
1790890901.598 92.77 94.06
1790890902.103 92.75 94.06
1790890902.609 92.43 93.78
1790890903.115 92.05 93.43
1790890903.619 91.97 93.38
1790890904.124 91.81 93.23
1790890904.630 91.61 93.03
1790890905.135 91.41 92.84
1790890905.640 90.70 92.13
1790890906.146 89.57 91.02
1790890906.651 89.55 91.02
1790890907.155 89.52 91.02
1790890907.661 89.50 91.02
1790890908.166 89.34 90.89
1790890908.672 88.95 90.54
1790890909.177 88.72 90.35
1790890909.682 88.73 90.36
1790890910.187 88.55 90.18
1790890910.692 88.33 89.97
1790890911.198 86.64 88.31
1790890911.703 86.58 88.26
1790890912.208 86.56 88.26
1790890912.713 86.54 88.26
1790890913.219 86.51 88.26
1790890913.724 85.97 87.76
1790890914.229 85.56 87.38
1790890914.734 86.10 87.95
1790890915.239 85.91 87.77
1790890915.744 85.72 87.58
1790890916.249 85.50 87.37
1790890916.754 83.91 85.79
1790890917.259 83.88 85.79
1790890917.764 83.85 85.79
1790890918.270 83.83 85.79
1790890918.775 83.80 85.77
1790890919.282 83.28 85.29
1790890919.787 82.87 84.93
1790890920.292 83.52 85.60
1790890920.797 83.33 85.40
1790890921.302 83.12 85.21
1790890921.807 82.92 85.01
1790890922.312 81.35 83.46
1790890922.817 81.33 83.46
1790890923.322 81.30 83.46
1790890923.827 81.26 83.44
1790890924.332 80.75 82.96
1790890924.837 80.36 82.62
1790890925.342 79.97 82.27
1790890925.848 80.53 82.84
1790890926.352 80.33 82.63
1790890926.857 80.09 82.40
1790890927.362 79.84 82.15
1790890927.867 78.57 80.89
1790890928.372 78.54 80.89
1790890928.877 78.50 80.88
1790890929.382 78.48 80.88
1790890929.888 78.18 80.60
1790890930.395 77.79 80.26
1790890930.900 77.40 79.91
1790890931.405 77.50 80.02
1790890931.910 77.39 79.92
1790890932.415 77.27 79.79
1790890932.921 77.14 79.67
1790890933.425 75.68 78.23
1790890933.930 75.64 78.22
1790890934.435 75.62 78.21
1790890934.940 75.59 78.21
1790890935.445 75.39 78.04
1790890935.951 75.01 77.70
1790890936.456 74.62 77.36
1790890936.961 75.19 77.93
1790890937.466 75.05 77.80
1790890937.971 74.90 77.65
1790890938.476 74.33 77.08
1790890938.982 73.17 75.94
1790890939.487 73.15 75.94
1790890939.992 73.13 75.94
1790890940.497 73.11 75.94
1790890941.002 73.09 75.94
1790890941.508 72.85 75.74
1790890942.013 72.47 75.40
1790890942.518 72.54 75.50
1790890943.023 72.41 75.37
1790890943.528 72.24 75.21
1790890944.033 72.11 75.09
1790890944.539 70.46 73.46
1790890945.044 70.41 73.41
1790890945.549 70.39 73.41
1790890946.055 70.36 73.41
1790890946.560 70.34 73.41
1790890947.065 69.90 73.01
1790890947.571 69.51 72.67
1790890948.076 70.13 73.32
1790890948.581 70.00 73.19
1790890949.086 69.85 73.05
1790890949.591 69.74 72.95
1790890950.096 68.10 71.34
1790890950.602 68.04 71.27
1790890951.107 68.01 71.27
1790890951.612 67.99 71.27
1790890952.117 67.96 71.28
1790890952.621 67.53 70.87
1790890953.127 67.20 70.59
1790890953.632 67.66 71.07
1790890954.138 67.46 70.88
1790890954.643 67.25 70.67
1790890955.147 67.06 70.48
1790890955.652 65.32 68.76
1790890956.157 65.30 68.76
1790890956.662 65.28 68.76
1790890957.167 65.25 68.76
1790890957.676 65.23 68.76
1790890958.181 64.43 68.00
1790890958.687 64.03 67.65
1790890959.192 64.49 68.13
1790890959.697 64.34 67.98
1790890960.202 64.20 67.84
1790890960.707 64.01 67.66
1790890961.212 62.33 65.99
1790890961.717 62.29 65.97
1790890962.222 62.27 65.97
1790890962.727 62.24 65.97
1790890963.232 62.21 65.97
1790890963.738 61.72 65.50
1790890964.243 61.35 65.18
1790890964.748 61.92 65.78
1790890965.254 61.78 65.64
1790890965.759 61.60 65.47
1790890966.264 61.49 65.36
1790890966.770 59.89 63.76
1790890967.275 59.81 63.71
1790890967.780 59.77 63.71
1790890968.285 59.74 63.70
1790890968.790 60.20 64.20
1790890969.296 59.85 63.90
1790890969.801 59.44 63.52
1790890970.306 59.34 63.43
1790890970.811 59.25 63.35
1790890971.316 58.17 62.29
1790890971.821 58.14 62.29
1790890972.326 58.11 62.29
1790890972.831 57.98 62.18
1790890973.336 57.76 62.01
1790890973.841 57.57 61.87
1790890974.346 57.98 62.29
1790890974.851 57.87 62.20
1790890975.356 57.77 62.11
1790890975.861 56.59 60.95
1790890976.366 56.56 60.95
1790890976.871 56.53 60.95
1790890977.377 56.17 60.61
1790890977.882 55.81 60.32
1790890978.387 55.90 60.44
1790890978.892 55.78 60.33
1790890979.397 55.69 60.24
1790890979.902 54.61 59.17
1790890980.407 54.58 59.17
1790890980.912 54.55 59.17
1790890981.417 54.53 59.17
1790890981.923 54.16 58.84
1790890982.428 53.90 58.63
1790890982.933 53.90 58.66
1790890983.438 53.78 58.55
1790890983.943 53.61 58.39
1790890984.448 52.55 57.33
1790890984.953 52.50 57.32
1790890985.458 52.47 57.32
1790890985.963 52.44 57.32
1790890986.469 52.27 57.20
1790890986.974 51.90 56.89
1790890987.480 52.00 56.99
1790890987.985 51.88 56.87
1790890988.490 50.73 55.73
1790890988.995 50.65 55.67
1790890989.500 50.62 55.67
1790890990.005 50.55 55.63
1790890990.510 50.32 55.42
1790890991.015 49.59 54.72
1790890991.522 49.20 54.38
1790890992.027 49.61 54.82
1790890992.532 49.48 54.69
1790890993.037 49.33 54.55
1790890993.542 49.15 54.37
1790890994.048 47.52 52.76
1790890994.553 47.46 52.71
1790890995.058 47.44 52.71
1790890995.563 47.42 52.71
1790890996.068 47.40 52.71
1790890996.573 47.07 52.40
1790890997.079 46.70 52.07
1790890997.584 46.31 51.73
1790890998.089 46.93 52.36
1790890998.595 46.71 52.15
1790890999.100 46.50 51.94
1790890999.605 46.33 51.77
1790891000.110 44.77 50.23
1790891000.615 44.74 50.23
1790891001.120 44.72 50.23
1790891001.625 45.46 51.00
1790891002.131 43.95 49.50
1790891002.637 43.56 49.17
1790891003.142 43.18 48.82
1790891003.647 44.57 50.22
1790891004.152 44.39 50.05
1790891004.657 44.20 49.87
1790891005.163 44.03 49.71
1790891005.668 42.53 48.22
1790891006.173 42.51 48.22
1790891006.679 42.48 48.22
1790891007.183 42.46 48.22
1790891007.689 42.20 47.99
1790891008.195 41.82 47.65
1790891008.700 41.43 47.30
1790891009.205 41.98 47.86
1790891009.710 41.77 47.66
1790891010.215 41.61 47.49
1790891010.720 41.43 47.32
1790891011.225 39.80 45.70
1790891011.730 39.78 45.70
1790891012.235 39.76 45.70
1790891012.740 39.74 45.70
1790891013.245 39.71 45.70
1790891013.751 39.48 45.50
1790891014.257 39.62 45.68
1790891014.762 38.95 45.05
1790891015.266 39.51 45.61
1790891015.771 39.32 45.43
1790891016.277 39.15 45.26
1790891016.782 37.55 43.67
1790891017.287 37.46 43.59
1790891017.793 37.43 43.59
1790891018.298 37.41 43.60
1790891018.803 37.39 43.60
1790891019.309 36.68 42.92
1790891019.815 36.31 42.59
1790891020.320 36.37 42.69
1790891020.825 36.24 42.56
1790891021.330 36.06 42.39
1790891021.836 35.85 42.19
1790891022.341 34.23 40.57
1790891022.846 34.20 40.57
1790891023.351 34.18 40.58
1790891023.856 34.16 40.58
1790891024.361 34.12 40.56
1790891024.867 33.58 40.05
1790891025.372 33.19 39.71
1790891025.877 33.26 39.81
1790891026.382 33.08 39.64
1790891026.888 32.91 39.47
1790891027.393 32.76 39.32
1790891027.899 31.10 37.67
1790891028.403 31.07 37.67
1790891028.909 31.05 37.67
1790891029.414 31.03 37.67
1790891029.919 31.01 37.67
1790891030.424 30.56 37.26
1790891030.930 30.17 36.92
1790891031.435 30.73 37.50
1790891031.940 30.58 37.35
1790891032.445 30.40 37.18
1790891032.950 30.29 37.07
1790891033.455 28.57 35.36
1790891033.960 28.59 35.40
1790891034.465 28.54 35.38
1790891034.969 28.52 35.38
1790891035.475 28.50 35.38
1790891035.981 28.03 34.95
1790891036.486 27.64 34.61
1790891036.991 27.72 34.71
1790891037.496 27.53 34.53
1790891038.001 27.37 34.37
1790891038.506 27.17 34.17
1790891039.011 25.61 32.61
1790891039.516 25.54 32.57
1790891040.021 25.52 32.58
1790891040.526 25.50 32.58
1790891041.031 25.47 32.58
1790891041.536 25.04 32.18
1790891042.042 24.65 31.83
1790891042.546 24.74 31.95
1790891043.051 24.65 31.87
1790891043.557 24.43 31.65
1790891044.061 24.21 31.44
1790891044.566 22.58 29.82
1790891045.071 22.56 29.82
1790891045.576 22.53 29.82
1790891046.081 22.51 29.83
1790891046.586 22.49 29.83
1790891047.091 21.95 29.32
1790891047.597 21.56 28.97
1790891048.102 21.90 29.35
1790891048.607 21.69 29.14
1790891049.112 21.48 28.93
1790891049.617 21.33 28.79
1790891050.122 19.72 27.18
1790891050.627 19.69 27.18
1790891051.132 19.67 27.18
1790891051.637 19.65 27.18
1790891052.144 19.62 27.18
1790891052.649 18.98 26.58
1790891053.155 18.60 26.24
1790891053.661 19.05 26.71
1790891054.166 18.87 26.53
1790891054.671 18.69 26.36
1790891055.176 18.53 26.20
1790891055.681 18.33 26.01
1790891056.186 16.77 24.46
1790891056.690 16.74 24.46
1790891057.195 16.72 24.46
1790891057.700 16.70 24.46
1790891058.205 16.35 24.14
1790891058.711 15.96 23.80
1790891059.216 15.52 23.42
1790891059.721 16.09 24.06
1790891060.226 15.91 23.89
1790891060.731 15.74 23.73
1790891061.237 15.09 23.08
1790891061.742 14.12 22.13
1790891062.247 14.09 22.13
1790891062.752 14.06 22.13
1790891063.257 14.02 22.13
1790891063.761 13.56 21.71
1790891064.266 13.07 21.35
1790891064.771 12.54 21.01
1790891065.276 13.19 21.67
1790891065.781 13.03 21.51
1790891066.286 12.85 21.35
1790891066.791 11.97 20.46
1790891067.297 11.31 19.83
1790891067.802 11.28 19.82
1790891068.307 11.25 19.81
1790891068.812 11.27 19.86
1790891069.317 10.59 19.21
1790891069.821 10.18 18.83
1790891070.326 9.78 18.47
1790891070.831 10.33 19.04
1790891071.335 10.14 18.85
1790891071.840 9.93 18.65
1790891072.345 8.40 17.12
1790891072.849 8.29 17.04
1790891073.354 9.52 18.29
1790891073.861 9.32 18.12
1790891074.368 9.11 17.93
1790891074.877 7.64 16.49
1790891075.385 7.23 16.13
1790891075.893 8.41 17.34
1790891076.397 8.22 17.16
1790891076.904 8.04 16.97
1790891077.409 7.82 16.76
1790891077.916 6.17 15.12
1790891078.424 6.14 15.12
1790891078.930 6.12 15.12
1790891079.439 6.09 15.11
1790891079.943 6.07 15.11
1790891080.451 5.20 14.27
1790891080.957 4.82 13.93
1790891081.464 5.35 14.50
1790891081.970 5.15 14.30
1790891082.477 4.98 14.14
1790891082.985 4.77 13.94
1790891083.489 2.70 11.91
1790891083.994 4.15 13.40
1790891084.499 3.46 13.37
1790891085.003 4.18 13.60
1790891085.508 3.56 13.60
1790891086.012 4.04 13.60
1790891086.516 3.42 13.60
1790891087.021 3.98 13.74
1790891087.525 4.45 13.74
1790891088.032 3.79 13.73
1790891088.537 4.24 13.72
1790891089.044 3.61 13.71
1790891089.555 4.05 13.71
1790891090.064 4.38 13.71
1790891090.569 3.90 13.70
1790891091.076 4.34 13.70
1790891091.584 3.72 13.69
1790891092.089 4.19 13.69
1790891092.594 3.53 13.67
1790891093.103 4.03 13.68
1790891093.613 4.45 13.69
1790891094.120 3.82 13.67
1790891094.625 4.30 13.66
1790891095.129 3.65 13.64
1790891095.634 4.11 13.63
1790891096.139 3.45 13.62
1790891096.643 3.91 13.61
1790891097.148 4.38 13.61
1790891097.653 3.73 13.59
1790891098.158 4.18 13.60
1790891098.662 3.54 13.58
1790891099.167 3.99 13.57
1790891099.672 3.35 13.55
1790891100.179 3.83 13.55
1790891100.687 4.25 13.55
1790891101.194 3.64 13.55
1790891101.707 4.11 13.55
1790891102.211 3.46 13.53
1790891102.716 3.95 13.54
1790891103.220 3.33 13.51
1790891103.727 3.74 13.52
1790891104.235 4.16 13.51
1790891104.744 3.51 13.48
1790891105.251 3.98 13.48
1790891105.759 3.32 13.47
1790891106.264 3.82 13.48
1790891106.770 4.25 13.48
1790891107.275 3.61 13.47
1790891107.782 4.10 13.46
1790891108.290 3.44 13.45
1790891108.798 3.92 13.45
1790891109.306 3.31 13.49
1790891109.812 3.78 13.49
1790891110.317 4.26 13.51
1790891110.823 3.64 13.50
1790891111.328 4.13 13.51
1790891111.834 3.48 13.50
1790891112.340 3.96 13.51
1790891112.845 3.32 13.50
1790891113.350 3.78 13.52
1790891113.856 4.30 13.55
1790891114.361 3.70 13.53
1790891114.867 4.17 13.54
1790891115.372 3.54 13.53
1790891115.878 4.04 13.53
1790891116.383 3.41 13.53
1790891116.889 3.84 13.54
1790891117.395 3.93 13.54
1790891117.900 3.73 13.53
1790891118.405 4.19 13.54
1790891118.910 3.55 13.53
1790891119.416 4.06 13.54
1790891119.922 3.43 13.53
1790891120.428 3.90 13.55
1790891120.933 3.29 13.54
1790891121.438 4.30 14.10
1790891121.944 4.78 14.11
1790891122.449 4.12 14.10
1790891122.954 4.59 14.10
1790891123.459 3.98 14.11
1790891123.965 4.46 14.12
1790891124.470 4.91 14.15
1790891124.975 4.29 14.14
1790891125.481 4.74 14.15
1790891125.987 4.11 14.14
1790891126.492 4.55 14.14
1790891126.997 3.91 14.13
1790891127.502 4.42 14.14
1790891128.008 4.90 14.15
1790891128.514 4.23 14.14
1790891129.019 4.70 14.14
1790891129.525 4.05 14.13
1790891130.029 4.53 14.14
1790891130.534 3.89 14.12
1790891131.040 4.32 14.14
1790891131.545 4.82 14.16
1790891132.050 4.17 14.14
1790891132.555 4.67 14.15
1790891133.061 4.03 14.15
1790891133.566 4.51 14.16
1790891134.071 3.98 14.14
1790891134.576 4.36 14.16
1790891135.081 4.83 14.17
1790891135.586 4.18 14.17
1790891136.092 4.66 14.17
1790891136.597 4.03 14.16
1790891137.103 4.48 14.17
1790891137.610 4.92 14.17
1790891138.115 4.30 14.16
1790891138.620 4.81 14.19
1790891139.125 4.17 14.18
1790891139.631 4.63 14.18
1790891140.136 4.02 14.18
1790891140.642 4.49 14.19
1790891141.147 4.95 14.20
1790891141.653 4.33 14.19
1790891142.158 4.78 14.20
1790891142.663 4.18 14.24
1790891143.169 4.67 14.24
1790891143.674 3.99 14.21
1790891144.179 4.47 14.22
1790891144.685 4.98 14.23
1790891145.190 4.34 14.24
1790891145.695 4.82 14.24
1790891146.201 4.18 14.23
1790891146.706 4.66 14.24
1790891147.211 4.01 14.23
1790891147.717 4.50 14.23
1790891148.222 4.98 14.25
1790891148.728 4.40 14.30
1790891149.233 4.89 14.31
1790891149.738 4.27 14.31
1790891150.244 4.74 14.31
1790891150.749 4.11 14.30
1790891151.254 4.56 14.30
1790891151.761 5.06 14.31
1790891152.266 4.42 14.30
1790891152.772 4.87 14.31
1790891153.277 4.31 14.37
1790891153.783 4.80 14.37
1790891154.288 4.23 14.44
1790891154.793 4.69 14.44
1790891155.299 5.19 14.45
1790891155.804 4.54 14.44
1790891156.310 5.01 14.45
1790891156.815 4.39 14.45
1790891157.320 4.85 14.46
1790891157.825 4.20 14.45
1790891158.330 4.71 14.46
1790891158.836 5.18 14.48
1790891159.341 4.54 14.47
1790891159.846 5.02 14.48
1790891160.352 4.37 14.47
1790891160.857 4.86 14.48
1790891161.362 4.22 14.47
1790891161.868 4.68 14.47
1790891162.374 5.14 14.48
1790891162.879 4.50 14.47
1790891163.385 4.97 14.47
1790891163.890 4.32 14.47
1790891164.396 4.78 14.47
1790891164.901 5.13 14.37
1790891165.407 4.97 14.24
1790891165.911 4.22 13.50
1790891166.416 4.34 13.65
1790891166.922 4.21 13.53
1790891167.427 3.50 12.82
1790891167.932 3.48 12.82
1790891168.437 3.44 12.81
1790891168.942 3.23 12.61
1790891169.447 3.11 12.49
1790891169.952 2.35 11.75
1790891170.457 2.34 11.75
1790891170.962 1.96 11.41
1790891171.467 1.80 11.26
1790891171.973 1.25 10.73
1790891172.478 1.54 11.45
1790891172.983 1.25 11.60
1790891173.489 1.76 11.61
1790891173.994 2.24 11.62
1790891174.500 1.59 11.61
1790891175.005 2.04 11.60
1790891175.510 1.71 11.00
1790891176.016 1.40 10.71
1790891176.521 1.35 10.68
1790891177.026 1.33 10.67
1790891177.532 1.28 10.66
1790891178.036 1.21 10.62
1790891178.541 1.12 10.53
1790891179.048 0.94 10.37
1790891179.554 1.39 10.42
1790891180.059 1.10 10.51
1790891180.565 1.18 10.79
1790891181.071 0.80 10.52
1790891181.577 1.33 10.99
1790891182.082 1.17 10.82
1790891182.588 0.99 10.64
1790891183.093 1.52 10.22
1790891183.598 1.41 10.11
1790891184.104 1.28 9.97
1790891184.609 1.16 9.84
1790891185.115 1.20 9.10
1790891185.620 1.15 9.08
1790891186.125 2.90 10.85
1790891186.630 3.06 11.00
1790891187.135 3.12 11.07
1790891187.641 87.07 95.01
1790891188.147 107.48 115.41
1790891188.653 107.46 115.39
1790891190.545 107.41 115.37
1790891191.049 107.41 115.37
1790891191.555 107.41 115.37
1790891192.060 107.41 115.37
1790891192.566 107.41 115.37
1790891193.072 107.41 115.36
1790891193.578 107.42 115.37
1790891194.083 107.42 115.37
1790891194.589 107.42 115.37
1790891195.095 107.42 115.37
1790891195.600 107.42 115.37
1790891196.106 107.41 115.37
1790891196.611 107.41 115.37
1790891197.117 107.41 115.37
1790891197.622 107.41 115.37
1790891198.128 107.41 115.37
1790891198.634 107.41 115.36
1790891199.139 107.41 115.36
1790891199.645 107.41 115.36
1790891200.151 107.41 115.37
1790891200.657 107.42 115.37
1790891201.162 107.41 115.37
1790891201.668 107.41 115.37
1790891202.173 107.41 115.37
1790891202.679 107.41 115.37
1790891203.185 107.41 115.37
1790891203.690 107.42 115.37
1790891204.196 107.42 115.37
1790891204.702 107.42 115.37
1790891205.207 107.42 115.37
1790891205.713 107.42 115.37
1790891206.219 107.42 115.37
1790891206.724 107.42 115.37
1790891207.230 107.42 115.37
1790891207.735 107.42 115.37
1790891208.241 107.42 115.37
1790891208.747 107.40 115.36
1790891209.252 107.40 115.36
1790891209.758 107.40 115.36
1790891210.263 107.41 115.36
1790891210.769 107.41 115.36
1790891211.275 107.41 115.36
1790891211.780 107.41 115.36
1790891212.286 107.41 115.36
1790891212.791 107.41 115.36
1790891213.297 107.41 115.36
1790891213.803 107.41 115.36
1790891214.308 107.41 115.36
1790891214.814 107.41 115.36
1790891215.320 107.40 115.36
1790891215.826 107.40 115.36
1790891216.331 107.40 115.35
1790891216.837 107.40 115.35
1790891217.343 107.40 115.35
1790891217.848 107.40 115.35
1790891218.354 107.40 115.35
1790891218.860 107.40 115.35
1790891219.365 107.40 115.35
1790891219.871 107.40 115.35
1790891220.376 107.40 115.35
1790891220.882 107.40 115.35
1790891221.388 107.41 115.36
1790891221.893 107.41 115.36
1790891222.399 107.41 115.36
1790891222.905 107.41 115.36
1790891223.410 107.39 115.35
1790891223.915 107.41 115.36
1790891224.421 107.41 115.36
1790891224.925 107.40 115.36
1790891225.431 107.40 115.36
1790891225.936 107.40 115.36
1790891226.441 107.40 115.36
1790891226.946 107.40 115.36
1790891227.452 107.40 115.36
1790891227.958 107.40 115.36
1790891228.463 107.39 115.34
1790891228.969 107.39 115.34
1790891229.474 107.39 115.34
1790891229.979 107.39 115.34
1790891230.485 107.39 115.34
1790891230.991 107.39 115.34
1790891231.495 107.39 115.34
1790891232.000 107.39 115.34
1790891232.506 107.40 115.35
1790891233.012 107.40 115.35
1790891233.517 107.40 115.35
1790891234.023 107.40 115.35
1790891234.529 107.40 115.35
1790891235.034 107.39 115.34
1790891235.540 107.39 115.34
1790891236.044 107.39 115.34
1790891236.550 107.39 115.34
1790891237.055 107.39 115.34
1790891237.561 107.38 115.34
1790891238.067 107.38 115.34
1790891238.572 107.38 115.34
1790891239.078 107.38 115.34
1790891239.583 107.38 115.34
1790891240.089 107.38 115.34
1790891240.594 107.38 115.34
1790891241.099 107.38 115.33
1790891241.605 107.37 115.33
1790891242.110 107.38 115.34
1790891242.616 107.38 115.33
1790891243.122 107.39 115.34
1790891243.627 107.38 115.33
1790891244.132 107.38 115.33
1790891244.638 107.37 115.32
1790891245.143 107.62 115.32
1790891245.655 116.03 115.43
1790891246.179 116.03 115.43
1790891246.685 116.03 115.43
1790891247.190 116.03 115.43
1790891247.696 116.03 115.43
1790891248.201 116.03 115.43
1790891248.707 116.02 115.43
1790891249.212 116.02 115.43
1790891249.718 116.02 115.43
1790891250.223 116.02 115.43
1790891250.727 116.00 115.42
1790891251.233 116.00 115.42
1790891251.738 116.00 115.42
1790891252.244 116.00 115.42
1790891252.749 116.00 115.42
1790891253.255 116.01 115.43
1790891253.759 116.01 115.43
1790891254.265 116.01 115.43
1790891254.771 116.01 115.43
1790891255.277 115.98 115.41
1790891255.782 115.98 115.41
1790891256.286 115.97 115.40
1790891256.791 115.93 115.39
1790891257.296 115.88 115.42
1790891257.800 115.87 115.42
1790891258.305 115.61 115.32
1790891258.811 115.46 115.25
1790891259.316 115.42 115.23
1790891259.822 115.40 115.22
1790891260.328 115.25 115.11
1790891260.833 115.09 114.95
1790891261.339 115.09 114.95
1790891261.844 115.08 114.95
1790891262.349 114.68 114.57
1790891262.855 113.95 113.84
1790891263.360 113.52 113.41
1790891263.865 113.08 112.97
1790891264.371 112.83 112.74
1790891264.876 112.01 112.11
1790891265.381 111.46 111.38
1790891265.887 111.21 111.15
1790891266.392 110.95 110.92
1790891266.898 110.70 110.70
1790891267.403 110.43 110.45
1790891267.909 108.53 108.59
1790891268.414 108.11 108.21
1790891268.919 108.86 108.98
1790891269.424 108.66 108.78
1790891269.929 108.45 108.58
1790891270.434 108.18 108.32
1790891270.940 106.37 106.52
1790891271.446 106.34 106.52
1790891271.951 106.32 106.52
1790891272.456 106.30 106.52
1790891272.961 106.27 106.51
1790891273.465 105.25 105.53
1790891273.970 104.86 105.19
1790891274.476 105.48 105.82
1790891274.981 105.32 105.67
1790891275.486 105.12 105.48
1790891275.991 104.92 105.28
1790891276.496 103.06 103.43
1790891277.001 103.04 103.43
1790891277.507 103.02 103.43
1790891278.012 102.99 103.43
1790891278.516 102.97 103.43
1790891279.022 102.89 103.39
1790891279.527 102.79 103.33
1790891280.032 103.31 103.88
1790891280.537 103.09 103.66
1790891281.042 102.87 103.44
1790891281.547 102.63 103.22
1790891282.052 101.02 101.62
1790891282.557 101.00 101.62
1790891283.062 100.98 101.62
1790891283.567 100.93 101.61
1790891284.072 100.21 100.91
1790891284.577 99.80 100.54
1790891285.082 99.51 100.28
1790891285.587 99.97 100.76
1790891286.092 99.83 100.62
1790891286.597 99.66 100.46
1790891287.105 99.28 100.08
1790891287.610 97.81 98.63
1790891288.115 97.79 98.63
1790891288.620 97.74 98.62
1790891289.126 97.72 98.62
1790891289.631 97.32 98.24
1790891290.137 96.91 97.88
1790891290.641 97.37 98.37
1790891291.146 97.23 98.24
1790891291.651 97.02 98.04
1790891292.156 96.80 97.81
1790891292.662 95.11 96.14
1790891293.167 95.09 96.14
1790891293.672 95.05 96.12
1790891294.177 95.02 96.12
1790891294.681 95.00 96.12
1790891295.187 94.59 95.75
1790891295.693 94.17 95.38
1790891296.198 94.70 95.93
1790891296.702 94.54 95.77
1790891297.207 94.36 95.60
1790891297.712 94.17 95.41
1790891298.217 92.57 93.83
1790891298.722 92.56 93.84
1790891299.227 92.53 93.84
1790891299.731 92.51 93.84
1790891300.237 92.26 93.62
1790891300.741 91.85 93.25
1790891301.247 90.88 92.32
1790891301.752 91.62 93.07
1790891302.257 91.43 92.88
1790891302.763 91.22 92.69
1790891303.268 89.67 91.14
1790891303.773 89.56 91.05
1790891304.279 89.54 91.05
1790891304.783 89.52 91.05
1790891305.288 89.50 91.05
1790891305.794 89.35 90.92
1790891306.299 88.92 90.54
1790891306.804 88.15 89.81
1790891307.308 88.60 90.27
1790891307.813 88.41 90.09
1790891308.318 88.22 89.90
1790891308.823 86.59 88.30
1790891309.328 86.54 88.25
1790891309.833 86.52 88.25
1790891310.338 86.50 88.25
1790891310.843 86.47 88.25
1790891311.348 86.09 87.88
1790891311.854 85.68 87.52
1790891312.361 85.27 87.15
1790891312.866 85.54 87.43
1790891313.372 85.32 87.21
1790891313.876 85.18 87.08
1790891314.381 85.02 86.93
1790891314.886 83.47 85.39
1790891315.390 83.43 85.37
1790891315.896 83.41 85.37
1790891316.401 83.38 85.37
1790891316.907 82.95 84.96
1790891317.412 82.59 84.65
1790891317.917 82.20 84.30
1790891318.422 82.88 84.99
1790891318.927 82.73 84.85
1790891319.432 82.60 84.72
1790891319.937 82.46 84.59
1790891320.442 81.08 83.22
1790891320.948 81.06 83.23
1790891321.453 81.03 83.23
1790891321.958 81.01 83.23
1790891322.464 80.56 82.80
1790891322.970 80.21 82.50
1790891323.475 79.66 81.99
1790891323.980 80.31 82.65
1790891324.486 80.12 82.46
1790891324.990 79.91 82.26
1790891325.496 78.37 80.72
1790891326.000 78.29 80.66
1790891326.505 78.27 80.67
1790891327.010 78.25 80.67
1790891327.515 78.22 80.67
1790891328.020 78.13 80.60
1790891328.526 77.73 80.25
1790891329.031 77.92 80.48
1790891329.536 77.80 80.36
1790891330.040 77.65 80.21
1790891330.545 77.50 80.06
1790891331.050 75.79 78.36
1790891331.555 75.76 78.36
1790891332.059 75.74 78.36
1790891332.565 75.71 78.36
1790891333.070 75.69 78.36
1790891333.575 75.40 78.10
1790891334.081 75.01 77.76
1790891334.586 75.15 77.92
1790891335.091 75.00 77.78
1790891335.595 74.80 77.58
1790891336.100 74.57 77.36
1790891336.605 72.88 75.68
1790891337.110 72.84 75.66
1790891337.615 72.81 75.66
1790891338.120 72.79 75.66
1790891338.624 72.76 75.66
1790891339.130 71.94 74.87
1790891339.635 71.56 74.53
1790891340.140 72.05 75.05
1790891340.645 71.91 74.91
1790891341.150 71.72 74.72
1790891341.654 71.55 74.56
1790891342.160 70.06 73.08
1790891342.665 70.03 73.08
1790891343.170 70.01 73.08
1790891343.675 69.99 73.08
1790891344.181 69.18 72.29
1790891344.686 69.22 72.38
1790891345.192 68.85 72.05
1790891345.697 69.27 72.49
1790891346.202 69.04 72.27
1790891346.707 68.82 72.06
1790891347.212 68.59 71.83
1790891347.717 66.96 70.21
1790891348.222 66.94 70.21
1790891348.727 66.92 70.21
1790891349.232 66.90 70.21
1790891349.737 66.88 70.21
1790891350.242 66.78 70.15
1790891350.748 66.40 69.81
1790891351.253 65.80 69.25
1790891351.758 66.61 70.07
1790891352.263 66.46 69.92
1790891352.767 66.32 69.78
1790891353.273 65.20 68.66
1790891353.779 64.84 68.33
1790891354.284 64.82 68.33
1790891354.789 64.80 68.33
1790891355.294 64.77 68.33
1790891355.799 64.34 67.92
1790891356.305 63.99 67.61
1790891356.810 63.72 67.37
1790891357.315 64.19 67.86
1790891357.819 64.07 67.75
1790891358.324 63.89 67.57
1790891358.829 63.71 67.39
1790891359.334 62.17 65.86
1790891359.839 62.14 65.86
1790891360.344 62.12 65.87
1790891360.850 62.10 65.87
1790891361.355 61.82 65.61
1790891361.860 61.52 65.35
1790891362.365 61.15 65.02
1790891362.870 61.83 65.72
1790891363.375 61.65 65.55
1790891363.880 61.48 65.38
1790891364.385 61.30 65.20
1790891364.890 59.60 63.52
1790891365.395 59.56 63.51
1790891365.900 59.50 63.48
1790891366.405 59.47 63.48
1790891366.910 59.45 63.50
1790891367.416 59.08 63.19
1790891367.921 59.34 63.46
1790891368.426 59.25 63.38
1790891368.932 58.82 62.95
1790891369.438 58.06 62.22
1790891369.943 58.02 62.22
1790891370.448 58.00 62.22
1790891370.954 57.75 62.02
1790891371.459 57.40 61.72
1790891371.964 57.11 61.46
1790891372.469 57.09 61.45
1790891372.974 57.01 61.38
1790891373.479 56.04 60.42
1790891373.984 56.01 60.42
1790891374.489 55.98 60.42
1790891374.994 55.95 60.43
1790891375.500 55.50 60.01
1790891376.005 55.21 59.78
1790891376.510 55.36 59.94
1790891377.016 55.27 59.85
1790891377.520 55.18 59.77
1790891378.025 54.24 58.84
1790891378.531 54.20 58.83
1790891379.035 54.16 58.83
1790891379.541 53.96 58.65
1790891380.047 53.60 58.36
1790891380.552 53.78 58.58
1790891381.056 53.72 58.53
1790891381.561 53.56 58.38
1790891382.066 52.38 57.20
1790891382.571 52.35 57.20
1790891383.076 52.35 57.25
1790891383.582 51.79 56.71
1790891384.088 51.55 56.53
1790891384.593 51.50 56.52
1790891385.097 51.45 56.48
1790891385.603 51.37 56.40
1790891386.108 50.38 55.42
1790891386.614 50.35 55.42
1790891387.119 50.33 55.42
1790891387.624 50.24 55.35
1790891388.132 49.95 55.08
1790891388.638 49.31 54.49
1790891389.144 48.93 54.15
1790891389.649 49.46 54.71
1790891390.154 49.28 54.53
1790891390.658 49.12 54.37
1790891391.164 48.96 54.21
1790891391.670 47.45 52.70
1790891392.175 47.39 52.67
1790891392.680 47.36 52.67
1790891393.185 47.34 52.67
1790891393.690 47.31 52.67
1790891394.195 46.72 52.11
1790891394.700 46.34 51.77
1790891395.205 46.77 52.24
1790891395.709 46.66 52.13
1790891396.214 46.49 51.97
1790891396.719 46.38 51.86
1790891397.225 44.82 50.31
1790891397.730 44.74 50.25
1790891398.235 44.72 50.25
1790891398.740 44.68 50.24
1790891399.245 45.35 50.93
1790891399.751 43.67 49.27
1790891400.256 43.29 48.93
1790891400.761 43.00 48.68
1790891401.266 44.28 49.97
1790891401.771 44.10 49.80
1790891402.276 43.87 49.57
1790891402.781 43.66 49.37
1790891403.286 42.17 47.89
1790891403.791 42.13 47.88
1790891404.296 42.11 47.88
1790891404.800 42.08 47.88
1790891405.305 41.74 47.56
1790891405.810 41.40 47.27
1790891406.315 41.12 47.03
1790891406.820 41.33 47.24
1790891407.325 41.13 47.06
1790891407.831 40.96 46.89
1790891408.335 40.77 46.70
1790891408.840 39.10 45.04
1790891409.345 39.07 45.04
1790891409.851 39.04 45.04
1790891410.356 39.02 45.04
1790891410.861 38.84 44.89
1790891411.367 38.45 44.55
1790891411.874 38.06 44.19
1790891412.379 38.53 44.67
1790891412.885 38.35 44.49
1790891413.390 38.13 44.28
1790891413.895 36.51 42.65
1790891414.400 36.40 42.58
1790891414.905 36.38 42.58
1790891415.410 36.36 42.58
1790891415.914 36.30 42.55
1790891416.420 35.79 42.07
1790891416.925 35.40 41.72
1790891417.430 35.22 41.57
1790891417.935 35.10 41.47
1790891418.440 34.89 41.26
1790891418.945 34.74 41.11
1790891419.450 33.14 39.53
1790891419.955 33.11 39.51
1790891420.460 33.08 39.51
1790891420.965 33.06 39.51
1790891421.470 33.03 39.51
1790891421.975 32.41 38.93
1790891422.481 32.02 38.58
1790891422.986 32.37 38.95
1790891423.491 32.15 38.74
1790891423.995 31.96 38.56
1790891424.500 31.76 38.36
1790891425.008 30.94 37.54
1790891425.514 30.23 36.85
1790891426.019 30.20 36.85
1790891426.525 30.18 36.85
1790891427.030 30.16 36.85
1790891427.535 30.10 36.81
1790891428.041 29.88 36.64
1790891428.545 29.48 36.28
1790891429.050 29.62 36.43
1790891429.556 29.48 36.29
1790891430.061 29.34 36.16
1790891430.566 29.20 36.02
1790891431.071 27.72 34.56
1790891431.576 27.70 34.56
1790891432.081 27.67 34.56
1790891432.587 27.65 34.56
1790891433.092 27.37 34.31
1790891433.597 26.97 33.96
1790891434.102 26.60 33.63
1790891434.608 27.07 34.11
1790891435.113 26.96 33.99
1790891435.618 26.80 33.84
1790891436.122 26.33 33.38
1790891436.628 25.17 32.23
1790891437.133 25.14 32.23
1790891437.638 25.12 32.23
1790891438.143 25.10 32.23
1790891438.648 24.99 32.13
1790891439.154 24.67 31.86
1790891439.659 24.28 31.52
1790891440.164 24.81 32.06
1790891440.669 24.63 31.89
1790891441.174 24.45 31.72
1790891441.679 24.27 31.55
1790891442.183 22.72 30.01
1790891442.689 22.70 30.01
1790891443.194 22.68 30.01
1790891443.699 22.63 29.99
1790891444.205 22.24 29.63
1790891444.710 21.86 29.28
1790891445.215 21.49 28.96
1790891445.720 21.83 29.31
1790891446.225 21.62 29.11
1790891446.730 21.50 28.99
1790891447.235 21.32 28.81
1790891447.740 19.78 27.28
1790891448.246 19.76 27.28
1790891448.751 19.75 27.30
1790891449.256 19.73 27.30
1790891449.762 19.71 27.30
1790891450.266 19.40 27.01
1790891450.771 19.03 26.69
1790891451.277 18.68 26.38
1790891451.782 19.24 26.94
1790891452.287 19.11 26.82
1790891452.791 18.97 26.68
1790891453.297 18.65 26.36
1790891453.803 17.33 25.07
1790891454.308 17.31 25.07
1790891454.813 17.31 25.09
1790891455.318 17.29 25.09
1790891455.823 17.27 25.09
1790891456.329 16.55 24.41
1790891456.834 16.16 24.06
1790891457.339 16.76 24.68
1790891457.844 16.61 24.54
1790891458.349 16.46 24.39
1790891458.855 16.28 24.22
1790891459.360 14.74 22.68
1790891459.866 14.71 22.68
1790891460.371 14.69 22.68
1790891460.875 14.68 22.69
1790891461.380 14.66 22.69
1790891461.885 14.46 22.52
1790891462.391 14.08 22.18
1790891462.897 13.67 21.81
1790891463.402 14.22 22.36
1790891463.907 14.04 22.20
1790891464.413 13.90 22.06
1790891464.918 12.77 20.94
1790891465.424 12.18 20.36
1790891465.929 12.15 20.36
1790891466.434 12.11 20.34
1790891466.939 12.09 20.34
1790891467.445 12.05 20.32
1790891467.950 11.66 19.97
1790891468.455 11.31 19.66
1790891468.960 11.76 20.13
1790891469.464 11.61 19.98
1790891469.969 11.44 19.82
1790891470.473 11.27 19.66
1790891470.978 9.67 18.08
1790891471.483 10.76 19.19
1790891471.988 10.54 18.98
1790891472.493 10.32 18.79
1790891472.999 8.85 17.34
1790891473.504 8.44 16.98
1790891474.009 8.03 16.61
1790891474.514 9.09 17.69
1790891475.019 8.91 17.50
1790891475.523 8.67 17.27
1790891476.029 8.44 17.05
1790891476.535 6.88 15.50
1790891477.040 6.85 15.50
1790891477.544 6.84 15.50
1790891478.049 6.81 15.50
1790891478.555 6.53 15.24
1790891479.060 6.17 14.93
1790891479.566 5.76 14.56
1790891480.071 5.87 14.68
1790891480.576 5.73 14.55
1790891481.081 5.53 14.35
1790891481.585 5.29 14.12
1790891482.092 3.14 12.21
1790891482.597 5.09 14.23
1790891483.102 4.80 14.61
1790891483.607 5.25 14.63
1790891484.112 5.68 14.63
1790891484.616 4.99 14.62
1790891485.122 5.39 14.63
1790891485.627 5.79 14.63
1790891486.132 5.10 14.62
1790891486.637 5.52 14.62
1790891487.142 4.81 14.60
1790891487.648 5.25 14.63
1790891488.153 5.70 14.63
1790891488.658 4.97 14.60
1790891489.162 5.41 14.62
1790891489.667 4.72 14.61
1790891490.173 5.17 14.61
1790891490.678 5.61 14.62
1790891491.183 4.91 14.61
1790891491.689 5.34 14.62
1790891492.194 5.77 14.62
1790891492.699 5.08 14.60
1790891493.205 5.50 14.61
1790891493.710 4.80 14.59
1790891494.215 5.21 14.59
1790891494.721 5.65 14.61
1790891495.226 4.96 14.60
1790891495.731 5.39 14.60
1790891496.236 4.69 14.58
1790891496.741 5.14 14.58
1790891497.247 5.56 14.60
1790891497.752 4.87 14.59
1790891498.258 5.27 14.60
1790891498.763 5.71 14.59
1790891499.268 5.01 14.58
1790891499.773 5.46 14.58
1790891500.279 4.78 14.59
1790891500.784 5.17 14.60
1790891501.289 5.58 14.60
1790891501.794 4.89 14.59
1790891502.299 5.35 14.59
1790891502.804 5.11 14.60
1790891503.310 5.08 14.59
1790891503.815 5.49 14.59
1790891504.320 4.82 14.58
1790891504.825 5.24 14.59
1790891505.330 5.68 14.60
1790891505.835 4.99 14.59
1790891506.340 5.39 14.58
1790891506.845 4.71 14.57
1790891507.350 5.13 14.57
1790891507.856 5.56 14.58
1790891508.361 4.88 14.57
1790891508.866 5.31 14.57
1790891509.371 5.49 14.54
1790891509.876 5.04 14.58
1790891510.381 5.50 14.58
1790891510.886 4.80 14.57
1790891511.391 5.26 14.58
1790891511.897 5.69 14.58
1790891512.402 5.00 14.57
1790891512.907 5.42 14.57
1790891513.413 4.73 14.57
1790891513.918 5.17 14.57
1790891514.422 5.57 14.58
1790891514.928 4.88 14.57
1790891515.432 5.32 14.58
1790891515.938 4.82 14.51
1790891516.443 5.10 14.62
1790891516.949 5.54 14.63
1790891517.454 4.86 14.62
1790891517.959 5.32 14.63
1790891518.465 5.74 14.64
1790891518.969 5.03 14.62
1790891519.475 5.48 14.63
1790891519.979 4.77 14.62
1790891520.485 5.19 14.62
1790891520.990 5.63 14.63
1790891521.495 4.92 14.63
1790891522.000 5.33 14.63
1790891522.505 5.80 14.64
1790891523.010 5.10 14.62
1790891523.515 5.54 14.61
1790891524.020 4.83 14.60
1790891524.525 5.25 14.62
1790891525.030 5.68 14.62
1790891525.535 4.97 14.61
1790891526.040 5.40 14.61
1790891526.546 4.72 14.60
1790891527.051 5.15 14.61
1790891527.556 5.57 14.62
1790891528.061 4.89 14.62
1790891528.566 5.32 14.63
1790891529.071 5.74 14.63
1790891529.576 5.05 14.62
1790891530.081 5.48 14.63
1790891530.586 4.80 14.62
1790891531.091 5.24 14.63
1790891531.596 5.68 14.64
1790891532.101 4.99 14.62
1790891532.606 5.42 14.64
1790891533.112 4.73 14.63
1790891533.617 5.12 14.62
1790891534.122 5.56 14.62
1790891534.627 4.87 14.61
1790891535.132 5.28 14.62
1790891535.638 5.73 14.63
1790891536.143 5.05 14.62
1790891536.648 5.54 14.69
1790891537.153 4.84 14.67
1790891537.658 5.26 14.69
1790891538.163 5.70 14.68
1790891538.668 5.01 14.67
1790891539.174 5.41 14.67
1790891539.679 4.77 14.66
1790891540.184 5.17 14.68
1790891540.689 5.60 14.69
1790891541.194 4.91 14.68
1790891541.700 5.38 14.70
1790891542.205 5.81 14.71
1790891542.710 5.12 14.70
1790891543.216 5.57 14.71
1790891543.720 4.87 14.68
1790891544.226 5.29 14.69
1790891544.731 5.74 14.70
1790891545.237 5.05 14.70
1790891545.742 5.49 14.70
1790891546.247 4.83 14.69
1790891546.752 5.23 14.70
1790891547.257 5.66 14.69
1790891547.762 5.00 14.70
1790891548.268 5.40 14.70
1790891548.773 5.82 14.70
1790891549.278 5.14 14.69
1790891549.783 5.54 14.69
1790891550.288 4.91 14.74
1790891550.794 5.35 14.74
1790891551.299 5.81 14.77
1790891551.805 5.13 14.77
1790891552.310 5.57 14.77
1790891552.815 4.88 14.76
1790891553.320 5.31 14.77
1790891553.826 5.76 14.79
1790891554.331 5.07 14.78
1790891554.836 5.50 14.79
1790891555.341 5.96 14.85
1790891555.847 5.28 14.84
1790891556.352 5.68 14.84
1790891556.857 4.98 14.82
1790891557.363 5.47 14.88
1790891557.868 5.87 14.76
1790891558.372 5.67 14.59
1790891558.878 4.79 13.73
1790891559.383 5.13 14.08
1790891559.888 4.92 13.88
1790891560.394 4.13 13.11
1790891560.899 4.12 13.11
1790891561.404 3.88 12.90
1790891561.909 3.67 12.70
1790891562.415 2.88 11.92
1790891562.920 2.84 11.90
1790891563.424 2.78 11.86
1790891563.930 2.54 11.64
1790891564.434 2.38 11.49
1790891564.940 1.78 11.05
1790891565.445 1.30 11.23
1790891565.950 1.79 11.30
1790891566.456 1.13 11.29
1790891566.961 1.55 11.30
1790891567.466 1.99 11.31
1790891567.971 1.61 10.72
1790891568.476 1.31 10.43
1790891568.980 1.27 10.42
1790891569.485 1.24 10.41
1790891569.990 1.20 10.40
1790891570.495 1.14 10.36
1790891571.001 1.04 10.26
1790891571.505 1.02 10.24
1790891572.010 1.03 10.25
1790891572.515 1.03 10.25
1790891573.020 1.03 10.25
1790891573.525 1.03 10.25
1790891574.030 1.03 10.25
1790891574.534 1.03 10.25
1790891575.039 1.03 10.25
1790891575.543 1.03 10.25
1790891576.047 1.03 10.25
1790891576.552 1.03 10.25
1790891577.057 1.01 10.23
1790891577.561 1.01 10.23
1790891578.066 1.01 10.23
1790891578.570 1.01 10.23
1790891579.075 1.01 10.23
1790891579.580 1.01 10.23
1790891580.085 1.01 10.23
1790891580.590 1.01 10.23
1790891581.095 0.89 10.13
1790891581.600 1.07 10.28
1790891582.106 0.73 10.30
1790891582.611 0.83 10.34
1790891583.117 0.78 10.12
1790891583.622 1.19 10.14
1790891584.127 1.01 9.98
1790891584.632 1.00 9.98
1790891585.138 1.00 9.98
1790891585.644 1.01 9.98
1790891586.149 1.00 9.98
1790891586.656 1.00 9.98
1790891587.162 0.98 9.95
1790891587.668 0.98 9.95
1790891588.173 0.97 9.95
1790891588.680 0.96 9.93
1790891589.186 0.96 9.93
1790891589.692 0.96 9.93
1790891590.198 0.96 9.93
1790891590.704 0.96 9.93
1790891591.209 0.96 9.93
1790891591.715 0.96 9.93
1790891592.220 0.96 9.93
1790891592.726 0.96 9.93
1790891593.232 0.96 9.93
1790891593.739 0.94 9.91
1790891594.244 0.94 9.91
1790891594.749 0.89 9.86
1790891595.254 0.89 9.86
1790891595.759 0.89 9.86
1790891596.264 0.89 9.86
1790891596.768 0.86 9.83
1790891597.273 0.86 9.83
1790891597.778 0.86 9.83
1790891598.283 0.86 9.83
1790891598.787 0.85 9.83
1790891599.292 0.85 9.83
1790891599.796 0.84 9.81
1790891600.302 0.83 9.81
1790891600.807 0.83 9.81
1790891601.315 10.12 9.88
1790891601.837 10.21 9.93
1790891602.350 10.21 9.94
1790891602.856 10.21 9.94
1790891603.361 10.21 9.93
1790891603.867 10.18 9.92
1790891604.372 10.19 9.92
1790891604.877 10.19 9.92
1790891605.382 10.19 9.92
1790891605.887 10.19 9.92
1790891606.393 10.18 9.92
1790891606.897 10.18 9.91
1790891607.403 10.18 9.91
1790891607.908 10.18 9.92
1790891608.414 10.17 9.92
1790891608.919 10.17 9.91
1790891609.424 10.16 9.91
1790891609.930 10.16 9.91
1790891610.436 10.16 9.91
1790891610.941 10.16 9.91
1790891611.447 10.16 9.91
1790891611.953 10.16 9.90
1790891612.458 10.15 9.89
1790891612.963 10.13 9.88
1790891613.468 10.12 9.87
1790891613.974 10.13 9.88
1790891614.479 10.13 9.88
1790891614.985 10.13 9.88
1790891615.490 10.13 9.88
1790891615.995 10.13 9.88
1790891616.501 10.13 9.88
1790891617.006 10.11 9.86
1790891617.512 10.11 9.86
1790891618.017 10.11 9.86
1790891618.522 10.11 9.87
1790891619.027 10.11 9.87
1790891619.532 10.11 9.87
1790891620.038 10.11 9.87
1790891620.543 10.11 9.87
1790891621.048 10.11 9.87
1790891621.553 10.11 9.87
1790891622.058 10.11 9.87
1790891622.563 10.11 9.87
1790891623.069 10.11 9.87
1790891623.574 10.10 9.85
1790891624.080 10.10 9.85
1790891624.584 10.10 9.85
1790891625.090 10.10 9.85
1790891625.595 10.10 9.85
1790891626.100 10.10 9.85
1790891626.605 10.10 9.85
1790891627.110 10.09 9.84
1790891627.615 10.09 9.84
1790891628.120 10.09 9.84
1790891628.625 10.09 9.84
1790891629.131 10.09 9.84
1790891629.636 10.09 9.84
1790891630.141 10.09 9.84
1790891630.646 10.09 9.84
1790891631.151 10.09 9.84
1790891631.656 10.09 9.84
1790891632.161 10.09 9.84
1790891632.666 10.09 9.84
1790891633.171 10.08 9.84
1790891633.677 10.03 9.79
1790891634.182 10.02 9.78
1790891634.688 10.01 9.77
1790891635.194 10.00 9.76
1790891635.700 9.99 9.75
1790891636.205 9.98 9.73
1790891636.710 9.97 9.73
1790891637.215 9.95 9.71
1790891637.721 9.94 9.69
1790891638.225 9.93 9.69
1790891638.730 9.93 9.68
1790891639.237 9.91 9.67
1790891639.742 9.90 9.66
1790891640.249 9.89 9.65
1790891640.754 9.88 9.64
1790891641.259 9.88 9.63
1790891641.765 9.86 9.62
1790891642.271 9.86 9.61
1790891642.777 9.86 9.62
1790891643.283 9.86 9.61
1790891643.788 9.85 9.61
1790891644.294 9.84 9.60
1790891644.799 9.87 9.62
1790891645.304 9.86 9.62
1790891645.810 9.86 9.61
1790891646.316 9.84 9.60
1790891646.821 9.84 9.60
1790891647.326 9.81 9.57
1790891647.833 9.87 9.63
1790891648.339 9.86 9.62
1790891648.844 9.85 9.61
1790891649.349 9.84 9.60
1790891649.854 9.84 9.59
1790891650.360 9.88 9.64
1790891650.866 9.87 9.63
1790891651.371 9.87 9.63
1790891651.876 9.87 9.62
1790891652.382 9.85 9.61
1790891652.888 9.83 9.60
1790891653.393 9.83 9.59
1790891653.899 9.89 9.66
1790891654.405 9.88 9.64
1790891654.910 9.88 9.64
1790891655.416 9.88 9.64
1790891655.922 9.87 9.64
1790891656.427 9.86 9.63
1790891656.933 9.85 9.62
1790891657.439 9.88 9.64
1790891657.944 9.87 9.63
1790891658.450 9.85 9.61
1790891658.956 9.85 9.62
1790891659.463 9.85 9.62
1790891659.969 9.85 9.62
1790891660.474 9.85 9.61
1790891660.980 9.86 9.62
1790891661.485 9.85 9.61
1790891661.990 9.84 9.61
1790891662.496 9.86 9.62
1790891663.001 9.85 9.61
1790891663.506 9.85 9.61
1790891664.011 9.87 9.63
1790891664.517 9.86 9.62
1790891665.022 9.85 9.62
1790891665.528 9.87 9.63
1790891666.033 9.86 9.62
1790891666.539 9.85 9.61
1790891667.044 9.87 9.63
1790891667.548 9.85 9.62
1790891668.053 9.86 9.62
1790891668.557 9.84 9.61
1790891669.063 9.88 9.65
1790891669.569 9.86 9.63
1790891670.074 9.86 9.63
1790891670.579 9.86 9.62
1790891671.084 9.87 9.64
1790891671.589 9.87 9.64
1790891672.095 9.88 9.64
1790891672.600 9.86 9.63
1790891673.105 9.86 9.63
1790891673.610 9.83 9.60
1790891674.116 9.82 9.59
1790891674.622 9.81 9.58
1790891675.127 9.81 9.58
1790891675.633 9.80 9.57
1790891676.139 9.79 9.55
1790891676.644 9.85 9.61
1790891677.149 9.83 9.59
1790891677.655 9.84 9.60
1790891678.160 9.83 9.59
1790891678.665 9.82 9.59
1790891679.171 9.87 9.63
1790891679.677 9.85 9.62
1790891680.181 9.85 9.62
1790891680.687 9.91 9.67
1790891681.191 9.90 9.67
1790891681.697 9.90 9.66
1790891682.202 9.88 9.65
1790891682.708 9.88 9.64
1790891683.213 9.87 9.63
1790891683.719 9.86 9.63
1790891684.225 9.85 9.62
1790891684.730 9.85 9.61
1790891685.235 9.86 9.63
1790891685.740 9.86 9.62
1790891686.246 9.85 9.62
1790891686.752 9.85 9.61
1790891687.257 9.90 9.67
1790891687.762 9.90 9.67
1790891688.268 9.92 9.69
1790891688.773 9.90 9.67
1790891689.278 9.90 9.66
1790891689.783 9.89 9.66
1790891690.290 9.89 9.66
1790891690.795 9.89 9.66
1790891691.301 9.89 9.66
1790891691.806 9.90 9.66
1790891692.312 9.90 9.66
1790891692.817 9.90 9.66
1790891693.323 9.90 9.66
1790891693.828 9.89 9.66
1790891694.334 9.89 9.66
1790891694.840 9.89 9.66
1790891695.345 9.89 9.66
1790891695.851 9.89 9.66
1790891696.357 9.89 9.66
1790891696.863 9.89 9.66
1790891697.368 9.88 9.65
1790891697.873 9.88 9.65
1790891698.379 9.88 9.65
1790891698.884 9.88 9.65
1790891699.389 9.88 9.65
1790891699.894 9.88 9.65
1790891700.400 9.88 9.65
1790891700.905 9.88 9.65
1790891701.409 9.88 9.65
1790891701.915 9.88 9.65
1790891702.420 9.88 9.65
1790891702.925 9.88 9.65
1790891703.430 9.88 9.65
1790891703.935 9.86 9.63
1790891704.440 9.86 9.63
1790891704.945 9.86 9.63
1790891705.450 9.86 9.63
1790891705.955 9.86 9.63
1790891706.461 9.86 9.63
1790891706.966 9.86 9.63
1790891707.471 9.89 9.65
1790891707.977 9.89 9.65
1790891708.482 9.89 9.65
1790891708.988 9.89 9.66
1790891709.493 9.91 9.68
1790891709.998 9.91 9.68
1790891710.503 9.91 9.68
1790891711.008 9.94 9.70
1790891711.514 9.94 9.70
1790891712.020 9.94 9.70
1790891712.526 9.94 9.70
1790891713.032 9.94 9.70
1790891713.538 9.93 9.69
1790891714.044 9.93 9.69
1790891714.550 9.93 9.69
1790891715.055 9.93 9.69
1790891715.560 9.93 9.69
1790891716.065 9.93 9.69
1790891716.571 9.93 9.69
1790891717.075 9.93 9.69
1790891717.582 9.91 9.68
1790891718.087 9.91 9.68
1790891718.592 9.93 9.70
1790891719.098 9.93 9.70
1790891719.603 9.93 9.70
1790891720.108 9.93 9.70
1790891720.613 9.93 9.70
1790891721.118 9.93 9.70
1790891721.623 9.93 9.70
1790891722.128 9.93 9.70
1790891722.633 9.93 9.70
1790891723.139 9.93 9.70
1790891723.644 9.94 9.70
1790891724.150 9.93 9.70
1790891724.656 9.93 9.70
1790891725.161 9.94 9.70
1790891725.668 9.92 9.69
1790891726.174 9.92 9.69
1790891726.679 9.92 9.69
1790891727.185 9.92 9.69
1790891727.691 9.91 9.68
1790891728.197 9.91 9.68
1790891728.702 9.90 9.66
1790891729.208 9.90 9.66
1790891729.713 9.90 9.66
1790891730.219 9.90 9.66
1790891730.725 9.90 9.66
1790891731.231 9.90 9.66
1790891731.737 9.90 9.66
1790891732.243 9.90 9.66
1790891732.747 9.90 9.66
1790891733.253 9.90 9.66
1790891733.760 9.91 9.68
1790891734.266 9.91 9.68
1790891734.772 9.91 9.68
1790891735.279 9.91 9.68
1790891735.784 9.91 9.68
1790891736.289 9.91 9.68
1790891736.795 9.91 9.68
1790891737.301 9.91 9.68
1790891737.806 9.91 9.67
1790891738.312 9.91 9.67
1790891738.817 9.89 9.66
1790891739.324 9.89 9.66
1790891739.830 9.89 9.66
1790891740.336 9.89 9.66
1790891740.841 9.89 9.66
1790891741.347 9.89 9.66
1790891741.852 9.89 9.66
1790891742.358 9.89 9.66
1790891742.864 9.89 9.66
1790891743.370 9.89 9.66
1790891743.877 9.89 9.66
1790891744.383 9.89 9.66
1790891744.888 9.89 9.66
1790891745.394 9.89 9.66
1790891745.899 9.89 9.66
1790891746.405 9.89 9.66
1790891746.911 9.89 9.66
1790891747.418 9.89 9.66
1790891747.923 9.89 9.66
1790891748.429 9.89 9.66
1790891748.935 9.89 9.66
1790891749.441 9.89 9.66
1790891749.946 9.89 9.66
1790891750.452 9.89 9.66
1790891750.957 9.89 9.66
1790891751.463 9.89 9.66
1790891751.968 9.89 9.66
1790891752.473 9.89 9.66
1790891752.979 9.89 9.66
1790891753.484 9.88 9.64
1790891753.990 9.89 9.66
1790891754.495 9.90 9.67
1790891755.001 9.90 9.67
1790891755.507 9.90 9.67
1790891756.013 9.91 9.68
1790891756.518 9.91 9.68
1790891757.023 9.91 9.68
1790891757.529 9.91 9.68
1790891758.034 9.92 9.68
1790891758.539 9.92 9.68
1790891759.045 9.92 9.68
1790891759.551 9.92 9.68
1790891760.057 9.92 9.68
1790891760.562 9.92 9.68
1790891761.068 9.92 9.68
1790891761.574 9.92 9.68
1790891762.079 9.92 9.68
1790891762.585 9.92 9.68
1790891763.091 9.92 9.68
1790891763.596 9.92 9.69
1790891764.102 9.92 9.69
1790891764.607 9.92 9.69
1790891765.113 9.92 9.69
1790891765.619 9.95 9.72
1790891766.124 9.95 9.72
1790891766.630 9.95 9.72
1790891767.136 9.95 9.72
1790891767.642 9.95 9.72
1790891768.147 9.95 9.71
1790891768.652 9.95 9.72
1790891769.158 9.95 9.72
1790891769.663 9.95 9.72
1790891770.169 9.95 9.72
1790891770.675 9.95 9.72
1790891771.180 9.95 9.72
1790891771.686 9.95 9.72
1790891772.192 9.95 9.72
1790891772.698 9.95 9.72
1790891773.204 9.95 9.72
1790891773.710 9.94 9.71
1790891774.216 9.94 9.71
1790891774.722 9.94 9.71
1790891775.228 9.94 9.71
1790891775.734 9.94 9.71
1790891776.240 9.94 9.71
1790891776.745 9.94 9.71
1790891777.251 9.94 9.71
1790891777.757 9.94 9.71
1790891778.262 9.93 9.69
1790891778.769 9.94 9.70
1790891779.275 9.95 9.71
1790891779.781 9.95 9.71
1790891780.287 9.95 9.71
1790891780.793 9.95 9.71
1790891781.298 9.95 9.71
1790891781.803 9.95 9.71
1790891782.309 9.95 9.71
1790891782.815 9.95 9.71
1790891783.321 9.95 9.71
1790891783.826 9.93 9.70
1790891784.332 9.93 9.70
1790891784.838 9.93 9.70
1790891785.343 9.93 9.69
1790891785.849 9.92 9.69
1790891786.353 9.92 9.68
1790891786.859 9.94 9.70
1790891787.364 9.93 9.70
1790891787.869 9.96 9.73
1790891788.376 9.96 9.72
1790891788.883 9.97 9.74
1790891789.389 9.96 9.73
1790891789.894 9.95 9.72
1790891790.400 9.96 9.72
1790891790.905 9.96 9.72
1790891791.410 9.96 9.73
1790891791.916 9.95 9.72
1790891792.422 9.96 9.72
1790891792.927 9.96 9.73
1790891793.433 9.96 9.73
1790891793.938 9.95 9.72
1790891794.443 9.95 9.72
1790891794.948 9.95 9.72
1790891795.453 9.97 9.74
1790891795.959 9.97 9.73
1790891796.464 9.99 9.75
1790891796.970 9.97 9.74
1790891797.476 9.97 9.73
1790891797.981 9.96 9.73
1790891798.487 9.97 9.73
1790891798.993 9.98 9.75
1790891799.498 9.97 9.74
1790891800.003 9.99 9.75
1790891800.508 9.98 9.74
1790891801.013 9.98 9.75
1790891801.518 10.00 9.76
1790891802.024 10.00 9.77
1790891802.530 9.99 9.76
1790891803.035 9.99 9.76
1790891803.540 9.97 9.74
1790891804.045 9.98 9.75
1790891804.550 9.99 9.76
1790891805.055 9.98 9.75
1790891805.562 9.97 9.74
1790891806.067 9.98 9.75
1790891806.572 9.97 9.74
1790891807.077 9.97 9.73
1790891807.583 9.98 9.75
1790891808.088 9.95 9.71
1790891808.593 9.94 9.71
1790891809.098 9.94 9.70
1790891809.603 9.96 9.73
1790891810.108 9.96 9.73
1790891810.614 9.97 9.74
1790891811.119 9.96 9.73
1790891811.625 9.98 9.75
1790891812.130 9.97 9.74
1790891812.636 9.96 9.73
1790891813.141 9.97 9.74
1790891813.647 9.97 9.74
1790891814.152 9.99 9.76
1790891814.657 9.98 9.75
1790891815.163 9.97 9.74
1790891815.668 9.98 9.75
1790891816.175 9.98 9.74
1790891816.680 9.96 9.72
1790891817.186 9.95 9.72
1790891817.692 9.98 9.75
1790891818.198 9.97 9.74
1790891818.703 9.99 9.75
1790891819.209 9.99 9.76
1790891819.714 9.98 9.75
1790891820.220 9.98 9.75
1790891820.725 9.99 9.76
1790891821.231 10.00 9.77
1790891821.736 9.99 9.76
1790891822.242 10.01 9.78
1790891822.748 9.99 9.76
1790891823.253 10.00 9.77
1790891823.758 9.98 9.75
1790891824.263 10.00 9.77
1790891824.768 10.01 9.78
1790891825.273 10.00 9.76
1790891825.779 10.01 9.78
1790891826.285 10.00 9.77
1790891826.790 9.98 9.75
1790891827.295 9.98 9.75
1790891827.800 9.99 9.75
1790891828.306 9.97 9.73
1790891828.811 9.99 9.75
1790891829.318 9.97 9.74
1790891829.825 9.99 9.76
1790891830.330 9.98 9.75
1790891830.836 9.99 9.76
1790891831.342 9.98 9.75
1790891831.847 9.98 9.74
1790891832.353 9.99 9.76
1790891832.859 9.98 9.75
1790891833.365 9.97 9.74
1790891833.870 9.98 9.75
1790891834.375 9.97 9.74
1790891834.880 9.97 9.74
1790891835.386 9.96 9.73
1790891835.892 9.95 9.72
1790891836.398 9.94 9.71
1790891836.903 9.93 9.70
1790891837.408 9.92 9.69
1790891837.913 9.92 9.69
1790891838.418 9.94 9.71
1790891838.923 9.95 9.72
1790891839.429 9.94 9.71
1790891839.935 9.96 9.73
1790891840.442 9.95 9.71
1790891840.948 9.94 9.70
1790891841.453 9.95 9.71
1790891841.958 9.94 9.71
1790891842.463 9.93 9.70
1790891842.968 9.95 9.72
1790891843.473 9.92 9.69
1790891843.978 9.94 9.71
1790891844.484 9.93 9.69
1790891844.989 9.92 9.69
1790891845.494 9.94 9.71
1790891846.000 9.93 9.69
1790891846.505 9.92 9.69
1790891847.011 9.93 9.70
1790891847.517 9.92 9.69
1790891848.022 9.93 9.70
1790891848.527 9.92 9.69
1790891849.033 9.92 9.69
1790891849.538 9.92 9.69
1790891850.043 9.93 9.70
1790891850.549 9.94 9.71
1790891851.056 9.94 9.71
1790891851.562 9.93 9.70
1790891852.068 9.94 9.71
1790891852.573 9.93 9.70
1790891853.078 9.96 9.73
1790891853.583 9.95 9.72
1790891854.089 9.95 9.71
1790891854.594 9.96 9.72
1790891855.099 9.95 9.72
1790891855.604 9.97 9.74
1790891856.110 9.96 9.72
1790891856.615 9.97 9.74
1790891857.121 9.96 9.73
1790891857.625 9.95 9.72
1790891858.131 9.97 9.74
1790891858.636 9.97 9.74
1790891859.142 9.98 9.75
1790891859.648 9.98 9.75
1790891860.153 9.97 9.74
1790891860.658 9.99 9.76
1790891861.163 9.98 9.75
1790891861.667 9.97 9.74
1790891862.172 9.96 9.73
1790891862.677 9.96 9.73
1790891863.182 9.98 9.75
1790891863.688 9.96 9.73
1790891864.194 9.94 9.71
1790891864.700 9.96 9.73
1790891865.206 9.96 9.73
1790891865.713 9.96 9.73
1790891866.218 9.95 9.72
1790891866.723 9.97 9.73
1790891867.228 9.96 9.73
1790891867.733 9.95 9.72
1790891868.238 9.96 9.73
1790891868.743 9.95 9.72
1790891869.248 9.94 9.71
1790891869.753 9.95 9.72
1790891870.258 9.95 9.72
1790891870.764 9.95 9.72
1790891871.270 9.96 9.73
1790891871.776 9.96 9.73
1790891872.282 9.97 9.73
1790891872.788 9.96 9.73
1790891873.294 9.95 9.72
1790891873.800 9.97 9.74
1790891874.306 9.96 9.73
1790891874.811 9.95 9.71
1790891875.317 9.96 9.73
1790891875.822 9.95 9.72
1790891876.328 9.98 9.75
1790891876.834 9.97 9.74
1790891877.339 9.96 9.73
1790891877.845 9.95 9.72
1790891878.350 9.96 9.73
1790891878.856 9.94 9.71
1790891879.361 9.94 9.71
1790891879.866 9.97 9.74
1790891880.373 9.96 9.73
1790891880.878 9.95 9.72
1790891881.384 9.94 9.71
1790891881.889 9.94 9.71
1790891882.395 9.97 9.73
1790891882.901 9.96 9.73
1790891883.407 9.95 9.72
1790891883.913 9.92 9.69
1790891884.419 9.92 9.69
1790891884.924 9.94 9.71
1790891885.428 9.93 9.70
1790891885.933 9.92 9.69
1790891886.439 9.95 9.72
1790891886.945 9.94 9.71
1790891887.450 9.94 9.71
1790891887.955 9.94 9.71
1790891888.460 9.94 9.71
1790891888.965 9.94 9.71
1790891889.471 9.94 9.70
1790891889.976 9.93 9.70
1790891890.482 9.93 9.70
1790891890.987 9.93 9.70
1790891891.493 9.93 9.70
1790891891.998 9.93 9.70
1790891892.504 9.93 9.70
1790891893.009 9.93 9.70
1790891893.514 9.93 9.70
1790891894.019 9.93 9.70
1790891894.525 9.93 9.70
1790891895.031 9.93 9.70
1790891895.536 9.93 9.70
1790891896.042 9.93 9.70
1790891896.548 9.96 9.73
1790891897.053 9.96 9.73
1790891897.558 9.96 9.73
1790891898.063 9.95 9.72
1790891898.568 9.94 9.71
1790891899.073 9.95 9.72
1790891899.578 9.95 9.72
1790891900.084 9.96 9.73
1790891900.588 9.96 9.72
1790891901.094 9.95 9.72
1790891901.599 9.95 9.72
1790891902.104 9.96 9.72
1790891902.609 9.95 9.72
1790891903.115 9.96 9.73
1790891903.620 9.97 9.74
1790891904.126 9.97 9.74
1790891904.631 9.97 9.73
1790891905.136 9.97 9.74
1790891905.642 9.97 9.74
1790891906.148 9.97 9.74
1790891906.653 9.97 9.73
1790891907.159 9.97 9.74
1790891907.663 9.97 9.73
1790891908.169 9.97 9.74
1790891908.674 9.96 9.73
1790891909.179 9.97 9.74
1790891909.684 9.97 9.74
1790891910.189 9.97 9.74
1790891910.696 9.97 9.74
1790891911.201 9.97 9.74
1790891911.707 9.97 9.74
1790891912.212 9.97 9.74
1790891912.718 9.97 9.74
1790891913.223 9.97 9.74
1790891913.729 9.97 9.74
1790891914.234 9.97 9.74
1790891914.740 9.97 9.74
1790891915.245 9.96 9.73
1790891915.750 9.96 9.73
1790891916.256 9.96 9.73
1790891916.762 9.96 9.73
1790891917.268 9.96 9.73
1790891917.773 9.96 9.73
1790891918.279 9.96 9.73
1790891918.784 9.96 9.73
1790891919.289 9.96 9.73
1790891919.795 9.96 9.73
1790891920.301 9.96 9.73
1790891920.806 9.96 9.73
1790891921.311 9.96 9.73
1790891921.817 9.96 9.73
1790891922.323 9.96 9.72
1790891922.829 9.95 9.72
1790891923.335 9.95 9.72
1790891923.841 9.97 9.74
1790891924.347 9.97 9.74
1790891924.853 9.97 9.74
1790891925.359 9.97 9.74
1790891925.865 9.97 9.74
1790891926.371 9.97 9.74
1790891926.877 9.97 9.74
1790891927.382 9.97 9.74
1790891927.888 9.97 9.74
1790891928.393 9.97 9.74
1790891928.898 9.94 9.71
1790891929.404 9.94 9.71
1790891929.910 9.94 9.71
1790891930.415 9.93 9.70
1790891930.921 9.93 9.70
1790891931.427 9.93 9.70
1790891931.933 9.93 9.70
1790891932.439 9.93 9.70
1790891932.944 9.93 9.70
1790891933.450 9.93 9.70
1790891933.956 9.93 9.70
1790891934.462 9.93 9.70
1790891934.967 9.93 9.70
1790891935.473 9.93 9.70
1790891935.978 9.93 9.70
1790891936.484 9.93 9.70
1790891936.989 9.93 9.70
1790891937.495 9.93 9.70
1790891938.001 9.93 9.70
1790891938.506 9.92 9.69
1790891939.012 9.92 9.69
1790891939.517 9.92 9.69
1790891940.022 9.92 9.69
1790891940.528 9.92 9.69
1790891941.033 9.92 9.69
1790891941.539 9.92 9.69
1790891942.045 9.92 9.69
1790891942.550 9.92 9.69
1790891943.055 9.92 9.69
1790891943.561 9.91 9.68
1790891944.066 9.91 9.68
1790891944.571 9.91 9.68
1790891945.077 9.91 9.68
1790891945.582 9.92 9.69
1790891946.088 9.92 9.69
1790891946.594 9.92 9.69
1790891947.099 9.92 9.69
1790891947.604 9.92 9.69
1790891948.110 9.92 9.69
1790891948.615 9.91 9.68
1790891949.121 9.90 9.67
1790891949.627 9.90 9.67
1790891950.132 9.90 9.67
1790891950.637 9.90 9.67
1790891951.143 9.90 9.67
1790891951.647 9.90 9.67
1790891952.152 9.90 9.67
1790891952.657 9.90 9.67
1790891953.162 9.90 9.67
1790891953.668 9.90 9.67
1790891954.173 9.90 9.67
1790891954.678 9.90 9.67
1790891955.184 9.90 9.67
1790891955.689 9.90 9.67
1790891956.194 9.90 9.67
1790891956.701 9.90 9.67
1790891957.206 9.92 9.69
1790891957.711 9.93 9.70
1790891958.216 9.93 9.70
1790891958.721 9.94 9.71
1790891959.226 9.96 9.73
1790891959.732 9.94 9.71
1790891960.237 9.96 9.73
1790891960.744 9.95 9.72
1790891961.250 9.96 9.73
1790891961.756 9.95 9.72
1790891962.261 9.95 9.72
1790891962.766 9.95 9.72
1790891963.271 9.95 9.72
1790891963.776 9.98 9.75
1790891964.280 9.96 9.73
1790891964.786 9.97 9.74
1790891965.292 9.97 9.74
1790891965.798 9.98 9.75
1790891966.303 9.97 9.74
1790891966.808 9.98 9.75
1790891967.313 9.99 9.76
1790891967.818 9.98 9.75
1790891968.323 9.99 9.76
1790891968.828 9.97 9.74
1790891969.333 9.97 9.74
1790891969.839 9.98 9.75
1790891970.345 9.97 9.74
1790891970.850 9.97 9.74
1790891971.355 9.97 9.74
1790891971.862 9.97 9.74
1790891972.367 9.95 9.72
1790891972.872 9.95 9.72
1790891973.378 9.96 9.73
1790891973.884 9.93 9.70
1790891974.390 9.94 9.71
1790891974.895 9.95 9.72
1790891975.401 9.94 9.71
1790891975.907 9.95 9.72
1790891976.412 9.95 9.72
1790891976.917 9.95 9.72
1790891977.422 9.95 9.72
1790891977.928 9.95 9.72
1790891978.432 9.94 9.71
1790891978.937 9.95 9.72
1790891979.442 9.94 9.71
1790891979.947 9.94 9.71
1790891980.453 9.95 9.72
1790891980.958 9.95 9.72
1790891981.463 9.94 9.71
1790891981.968 9.96 9.73
1790891982.473 9.97 9.74
1790891982.978 9.98 9.75
1790891983.484 9.99 9.76
1790891983.989 9.98 9.75
1790891984.495 9.99 9.76
1790891985.001 9.99 9.76
1790891985.505 9.99 9.76
1790891986.010 10.00 9.77
1790891986.516 9.99 9.76
1790891987.021 9.98 9.75
1790891987.526 10.00 9.77
1790891988.032 9.99 9.76
1790891988.537 10.00 9.77
1790891989.042 9.97 9.74
1790891989.547 9.99 9.76
1790891990.053 9.97 9.74
1790891990.559 9.97 9.74
1790891991.065 9.98 9.75
1790891991.571 9.98 9.75
1790891992.076 9.98 9.75
1790891992.582 9.97 9.74
1790891993.088 9.98 9.75
1790891993.593 9.96 9.73
1790891994.098 9.96 9.73
1790891994.603 9.97 9.74
1790891995.108 9.96 9.73
1790891995.613 9.95 9.72
1790891996.117 9.98 9.75
1790891996.623 9.97 9.74
1790891997.128 9.96 9.73
1790891997.634 9.97 9.74
1790891998.141 9.96 9.73
1790891998.647 9.94 9.71
1790891999.153 9.91 9.69
1790891999.658 9.92 9.69
1790892000.163 9.92 9.69
1790892000.669 9.92 9.69
1790892001.174 9.92 9.69
1790892001.679 9.94 9.71
1790892002.184 9.94 9.71
1790892002.690 9.94 9.71
1790892003.194 9.94 9.71
1790892003.700 9.94 9.71
1790892004.206 9.94 9.71
1790892004.712 9.94 9.71
1790892005.218 9.94 9.71
1790892005.723 9.94 9.71
1790892006.228 9.94 9.71
1790892006.734 9.94 9.71
1790892007.239 9.94 9.71
1790892007.745 9.94 9.71
1790892008.250 9.94 9.71
1790892008.757 9.93 9.70
1790892009.262 9.93 9.70
1790892009.768 9.93 9.71
1790892010.273 9.93 9.71
1790892010.778 9.93 9.71
1790892011.283 9.93 9.71
1790892011.788 9.93 9.71
1790892012.294 9.93 9.71
1790892012.800 9.93 9.71
1790892013.306 9.93 9.71
1790892013.812 9.93 9.70
1790892014.317 9.93 9.70
1790892014.823 9.93 9.70
1790892015.328 9.93 9.70
1790892015.834 9.93 9.70
1790892016.340 9.93 9.70
1790892016.846 9.93 9.70
1790892017.350 9.93 9.70
1790892017.856 9.93 9.70
1790892018.361 9.93 9.70
1790892018.866 9.93 9.70
1790892019.372 9.93 9.70
1790892019.877 9.93 9.70
1790892020.382 9.93 9.71
1790892020.887 9.93 9.71
1790892021.392 9.94 9.71
1790892021.898 9.94 9.71
1790892022.403 9.94 9.71
1790892022.910 9.94 9.71
1790892023.416 9.94 9.71
1790892023.922 9.93 9.70
1790892024.427 9.93 9.71
1790892024.933 9.93 9.71
1790892025.437 9.93 9.71
1790892025.943 9.93 9.71
1790892026.448 9.93 9.71
1790892026.953 9.93 9.71
1790892027.458 9.93 9.71
1790892027.964 9.93 9.71
1790892028.469 9.93 9.71
1790892028.975 9.95 9.72
1790892029.480 9.95 9.72
1790892029.986 9.95 9.72
1790892030.492 9.95 9.72
1790892030.998 9.96 9.73
1790892031.504 9.96 9.73
1790892032.011 9.95 9.72
1790892032.516 9.95 9.72
1790892033.022 8.92 8.69
1790892033.529 8.28 8.06
1790892034.034 8.27 8.05
1790892034.539 8.26 8.04
1790892035.043 8.25 8.03
1790892035.548 8.25 8.03
1790892036.053 8.25 8.03
1790892036.558 8.25 8.02
1790892037.063 8.25 8.03
1790892037.568 8.25 8.03
1790892038.072 8.25 8.03
1790892038.576 8.23 8.01
1790892039.081 8.23 8.01
1790892039.586 8.24 8.02
1790892040.091 8.23 8.01
1790892040.596 8.23 8.01
1790892041.101 8.24 8.02
1790892041.607 8.24 8.01
1790892042.112 8.24 8.02
1790892042.617 8.24 8.02
1790892043.121 8.24 8.02
1790892043.626 8.24 8.02
1790892044.130 8.24 8.02
1790892044.635 8.24 8.02
1790892045.140 8.24 8.02
1790892045.646 8.24 8.02
1790892046.152 8.24 8.02
1790892046.658 8.24 8.02
1790892047.164 8.24 8.02
1790892047.669 8.24 8.02
1790892048.174 8.24 8.02
1790892048.681 8.22 8.00
1790892049.187 8.22 8.00
1790892049.692 8.21 7.99
1790892050.197 8.21 7.99
1790892050.704 8.21 7.99
1790892051.209 8.21 7.99
1790892051.715 8.21 7.99
1790892052.221 8.21 7.99
1790892052.728 8.22 8.00
1790892053.234 8.22 8.00
1790892053.739 8.20 7.98
1790892054.246 8.20 7.98
1790892054.751 8.20 7.98
1790892055.258 8.20 7.98
1790892055.763 8.20 7.98
1790892056.269 8.20 7.98
1790892056.775 8.20 7.98
1790892057.282 8.20 7.98
1790892057.787 8.20 7.98
1790892058.293 8.20 7.98
1790892058.800 8.21 7.99
1790892059.306 8.19 7.97
1790892059.811 8.20 7.98
1790892060.317 8.20 7.98
1790892060.823 8.20 7.98
1790892061.329 8.20 7.98
1790892061.835 8.20 7.98
1790892062.341 8.20 7.98
1790892062.847 8.20 7.98
1790892063.353 8.20 7.98
1790892063.859 8.20 7.98
1790892064.364 8.20 7.98
1790892064.870 8.20 7.98
1790892065.375 8.20 7.98
1790892065.882 8.20 7.98
1790892066.388 8.20 7.98
1790892066.893 8.20 7.98
1790892067.400 8.20 7.98
1790892067.907 8.20 7.98
1790892068.414 8.20 7.98
1790892068.919 8.19 7.97
1790892069.424 8.18 7.96
1790892069.930 8.18 7.96
1790892070.435 8.18 7.96
1790892070.940 8.18 7.96
1790892071.447 8.18 7.96
1790892071.952 8.18 7.96
1790892072.458 8.18 7.96
1790892072.963 8.18 7.96
1790892073.469 8.17 7.95
1790892073.975 8.18 7.96
1790892074.481 8.18 7.96
1790892074.987 8.19 7.96
1790892075.493 8.18 7.96
1790892075.998 8.18 7.96
1790892076.504 8.18 7.96
1790892077.010 8.18 7.96
1790892077.516 8.18 7.96
1790892078.021 8.18 7.96
1790892078.526 8.18 7.96
1790892079.032 8.18 7.96
1790892079.537 8.16 7.94
1790892080.043 8.16 7.94
1790892080.549 8.16 7.94
1790892081.054 8.16 7.94
1790892081.560 8.16 7.94
1790892082.066 8.16 7.94
1790892082.572 8.16 7.94
1790892083.078 8.16 7.94
1790892083.583 8.17 7.95
1790892084.089 8.17 7.95
1790892084.595 8.17 7.95
1790892085.101 8.17 7.95
1790892085.607 8.17 7.95
1790892086.114 8.17 7.95
1790892086.619 8.17 7.95
1790892087.125 8.17 7.95
1790892087.631 8.17 7.95
1790892088.137 8.17 7.95
1790892088.643 8.17 7.94
1790892089.149 8.17 7.94
1790892089.655 8.16 7.93
1790892090.160 8.16 7.93
1790892090.666 8.16 7.93
1790892091.172 8.16 7.93
1790892091.678 8.16 7.93
1790892092.184 8.16 7.93
1790892092.690 8.16 7.93
1790892093.196 8.16 7.93
1790892093.702 8.15 7.93
1790892094.208 8.15 7.93
1790892094.713 8.15 7.93
1790892095.218 8.15 7.93
1790892095.724 8.15 7.93
1790892096.229 8.15 7.93
1790892096.735 8.15 7.93
1790892097.240 8.15 7.93
1790892097.746 8.15 7.93
1790892098.251 8.15 7.93
1790892098.757 8.15 7.93
1790892099.262 8.15 7.93
1790892099.768 8.15 7.93
1790892100.274 8.15 7.93
1790892100.779 8.15 7.93
1790892101.284 8.15 7.93
1790892101.790 8.15 7.93
1790892102.295 8.15 7.93
1790892102.801 8.15 7.93
1790892103.307 8.15 7.93
1790892103.812 8.15 7.93
1790892104.318 8.15 7.93
1790892104.823 8.15 7.93
1790892105.328 8.15 7.93
1790892105.833 8.15 7.93
1790892106.339 8.15 7.93
1790892106.844 8.15 7.93
1790892107.349 8.15 7.93
1790892107.855 8.15 7.93
1790892108.360 8.15 7.93
1790892108.865 8.14 7.92
1790892109.371 8.14 7.92
1790892109.877 8.14 7.92
1790892110.382 8.14 7.92
1790892110.888 8.14 7.92
1790892111.393 8.14 7.92
1790892111.898 8.14 7.92
1790892112.403 8.14 7.92
1790892112.908 8.14 7.92
1790892113.414 8.14 7.92
1790892113.919 8.14 7.92
1790892114.424 8.14 7.92
1790892114.929 8.14 7.92
1790892115.434 8.14 7.92
1790892115.939 8.14 7.92
1790892116.445 8.14 7.92
1790892116.950 8.14 7.92
1790892117.456 8.14 7.92
1790892117.961 8.16 7.94
1790892118.467 8.16 7.94
1790892118.972 8.17 7.95
1790892119.477 8.17 7.95
1790892119.983 8.18 7.96
1790892120.488 8.18 7.96
1790892120.993 8.18 7.96
1790892121.499 8.18 7.96
1790892122.004 8.18 7.96
1790892122.510 8.18 7.96
1790892123.015 8.18 7.96
1790892123.520 8.18 7.96
1790892124.026 8.20 7.98
1790892124.531 8.20 7.98
1790892125.037 8.20 7.98
1790892125.542 8.20 7.98
1790892126.047 8.20 7.98
1790892126.553 8.20 7.98
1790892127.058 8.20 7.98
1790892127.564 8.21 7.99
1790892128.069 8.21 7.99
1790892128.574 8.21 7.99
1790892129.079 8.21 7.99
1790892129.584 8.21 7.99
1790892130.089 8.20 7.98
1790892130.595 8.20 7.98
1790892131.100 8.20 7.98
1790892131.605 8.20 7.98
1790892132.111 8.20 7.98
1790892132.616 8.20 7.98
1790892133.121 8.20 7.98
1790892133.626 8.20 7.98
1790892134.132 8.20 7.98
1790892134.637 8.20 7.98
1790892135.142 8.20 7.98
1790892135.647 8.20 7.98
1790892136.153 8.20 7.98
1790892136.658 8.20 7.98
1790892137.163 8.20 7.98
1790892137.668 8.20 7.98
1790892138.174 8.20 7.98
1790892138.679 8.22 8.00
1790892139.185 8.22 8.00
1790892139.690 8.22 8.00
1790892140.195 8.21 7.99
1790892140.700 8.21 7.99
1790892141.205 8.21 7.99
1790892141.710 8.21 7.99
1790892142.215 8.21 7.99
1790892142.721 8.21 7.99
1790892143.226 8.21 7.99
1790892143.732 8.22 8.00
1790892144.238 8.22 8.00
1790892144.743 8.22 8.00
1790892145.248 8.22 8.00
1790892145.753 8.22 8.00
1790892146.259 8.22 8.00
1790892146.764 8.22 8.00
1790892147.269 8.22 8.00
1790892147.775 8.22 8.00
1790892148.280 8.22 7.99
1790892148.785 8.21 7.99
1790892149.290 8.21 7.99
1790892149.795 8.19 7.97
1790892150.300 8.18 7.96
1790892150.805 8.18 7.96
1790892151.310 8.19 7.97
1790892151.815 8.18 7.96
1790892152.320 8.19 7.97
1790892152.826 8.17 7.95
1790892153.332 8.19 7.97
1790892153.837 8.18 7.96
1790892154.343 8.17 7.95
1790892154.848 8.18 7.96
1790892155.353 8.17 7.95
1790892155.858 8.17 7.95
1790892156.364 8.18 7.96
1790892156.869 8.17 7.95
1790892157.374 8.17 7.95
1790892157.879 8.16 7.94
1790892158.385 8.16 7.94
1790892158.891 8.14 7.92
1790892159.396 8.14 7.92
1790892159.900 8.13 7.91
1790892160.405 8.12 7.90
1790892160.911 8.13 7.91
1790892161.415 8.13 7.91
1790892161.922 8.12 7.90
1790892162.428 8.12 7.90
1790892162.933 8.12 7.90
1790892163.438 8.13 7.91
1790892163.944 8.13 7.91
1790892164.449 8.13 7.91
1790892164.956 8.13 7.91
1790892165.462 8.13 7.91
1790892165.968 8.13 7.91
1790892166.474 8.13 7.91
1790892166.979 8.14 7.92
1790892167.484 8.12 7.90
1790892167.990 8.14 7.92
1790892168.496 8.13 7.91
1790892169.001 8.15 7.93
1790892169.507 8.14 7.92
1790892170.012 8.15 7.93
1790892170.519 8.13 7.91
1790892171.025 8.12 7.90
1790892171.531 8.13 7.91
1790892172.036 8.13 7.91
1790892172.542 8.12 7.90
1790892173.047 8.14 7.92
1790892173.552 8.14 7.92
1790892174.057 8.13 7.91
1790892174.562 8.15 7.93
1790892175.067 8.13 7.91
1790892175.573 8.12 7.90
1790892176.078 8.12 7.90
1790892176.583 8.12 7.90
1790892177.088 8.13 7.91
1790892177.593 8.12 7.90
1790892178.099 8.11 7.89
1790892178.604 8.11 7.89
1790892179.110 8.11 7.89
1790892179.615 8.11 7.89
1790892180.121 8.12 7.90
1790892180.627 8.10 7.88
1790892181.133 8.10 7.88
1790892181.638 8.09 7.87
1790892182.144 8.10 7.88
1790892182.650 8.09 7.87
1790892183.156 8.10 7.88
1790892183.661 8.09 7.87
1790892184.166 8.10 7.88
1790892184.672 8.10 7.88
1790892185.177 8.09 7.87
1790892185.683 8.09 7.87
1790892186.188 8.09 7.87
1790892186.694 8.10 7.88
1790892187.199 8.10 7.88
1790892187.704 8.10 7.88
1790892188.210 8.10 7.88
1790892188.716 8.12 7.90
1790892189.222 8.12 7.90
1790892189.727 8.12 7.90
1790892190.232 8.12 7.90
1790892190.738 8.12 7.90
1790892191.245 8.12 7.90
1790892191.750 8.13 7.91
1790892192.255 8.12 7.90
1790892192.761 8.13 7.91
1790892193.267 8.12 7.90
1790892193.773 8.12 7.90
1790892194.277 8.11 7.89
1790892194.783 8.11 7.89
1790892195.288 8.13 7.91
1790892195.795 8.12 7.90
1790892196.301 8.11 7.89
1790892196.806 8.10 7.88
1790892197.312 8.11 7.89
1790892197.817 8.11 7.89
1790892198.323 8.12 7.90
1790892198.829 8.11 7.89
1790892199.334 8.14 7.92
1790892199.840 8.12 7.90
1790892200.345 8.10 7.88
1790892200.851 8.13 7.91
1790892201.357 8.12 7.90
1790892201.863 8.12 7.90
1790892202.369 8.12 7.90
1790892202.874 8.14 7.92
1790892203.379 8.12 7.90
1790892203.885 8.15 7.93
1790892204.390 8.13 7.91
1790892204.896 8.12 7.90
1790892205.401 8.14 7.92
1790892205.907 8.13 7.91
1790892206.414 8.12 7.90
1790892206.919 8.14 7.91
1790892207.424 8.13 7.91
1790892207.930 8.12 7.90
1790892208.435 8.12 7.90
1790892208.941 8.13 7.91
1790892209.446 8.14 7.92
1790892209.951 8.12 7.90
1790892210.457 8.11 7.89
1790892210.962 8.14 7.92
1790892211.468 8.13 7.91
1790892211.974 8.12 7.90
1790892212.479 8.12 7.89
1790892212.984 8.13 7.91
1790892213.490 8.11 7.89
1790892213.995 8.15 7.93
1790892214.500 8.13 7.91
1790892215.006 8.15 7.93
1790892215.512 8.14 7.92
1790892216.017 8.15 7.93
1790892216.522 8.15 7.93
1790892217.027 8.16 7.94
1790892217.533 8.15 7.93
1790892218.039 8.14 7.92
1790892218.544 8.13 7.91
1790892219.049 8.13 7.91
1790892219.554 8.12 7.90
1790892220.059 8.12 7.90
1790892220.564 8.12 7.90
1790892221.070 8.11 7.89
1790892221.575 8.13 7.91
1790892222.080 8.12 7.90
1790892222.586 8.11 7.89
1790892223.091 8.13 7.91
1790892223.596 8.12 7.90
1790892224.101 8.13 7.91
1790892224.607 8.12 7.90
1790892225.113 8.11 7.89
1790892225.619 8.12 7.90
1790892226.124 8.11 7.89
1790892226.629 8.13 7.91
1790892227.135 8.12 7.90
1790892227.640 8.11 7.89
1790892228.146 8.10 7.88
1790892228.651 8.11 7.89
1790892229.157 8.11 7.89
1790892229.662 8.11 7.89
1790892230.168 8.10 7.88
1790892230.673 8.10 7.88
1790892231.178 8.11 7.89
1790892231.685 8.10 7.88
1790892232.191 8.09 7.87
1790892232.697 8.08 7.86
1790892233.202 8.11 7.89
1790892233.708 8.10 7.88
1790892234.213 8.09 7.87
1790892234.719 8.07 7.85
1790892235.224 8.10 7.88
1790892235.729 8.09 7.87
1790892236.234 8.08 7.86
1790892236.739 8.08 7.86
1790892237.245 8.11 7.89
1790892237.751 8.09 7.87
1790892238.256 8.09 7.87
1790892238.762 8.09 7.87
1790892239.266 8.08 7.86
1790892239.772 8.11 7.89
1790892240.277 8.08 7.86
1790892240.782 8.07 7.85
1790892241.288 8.06 7.84
1790892241.795 8.06 7.84
1790892242.300 8.06 7.84
1790892242.805 8.05 7.83
1790892243.310 8.04 7.82
1790892243.815 8.03 7.81
1790892244.321 8.04 7.82
1790892244.826 8.02 7.80
1790892245.331 8.03 7.81
1790892245.836 8.03 7.81
1790892246.341 8.04 7.82
1790892246.847 8.04 7.82
1790892247.353 8.03 7.81
1790892247.859 8.04 7.82
1790892248.363 8.04 7.82
1790892248.868 8.04 7.82
1790892249.374 8.03 7.81
1790892249.879 8.04 7.82
1790892250.384 8.05 7.83
1790892250.889 8.04 7.82
1790892251.394 8.07 7.85
1790892251.900 8.06 7.84
1790892252.405 8.05 7.83
1790892252.910 8.08 7.86
1790892253.415 8.07 7.85
1790892253.922 8.07 7.85
1790892254.427 8.08 7.86
1790892254.932 8.08 7.86
1790892255.437 8.07 7.85
1790892255.943 8.08 7.86
1790892256.449 8.08 7.86
1790892256.954 8.06 7.84
1790892257.459 8.06 7.84
1790892257.964 8.05 7.83
1790892258.469 8.06 7.84
1790892258.974 8.05 7.83
1790892259.479 8.08 7.86
1790892259.984 8.07 7.85
1790892260.490 8.04 7.82
1790892260.996 8.05 7.84
1790892261.502 8.04 7.82
1790892262.007 8.03 7.81
1790892262.511 8.05 7.83
1790892263.017 8.05 7.83
1790892263.522 8.03 7.81
1790892264.028 8.05 7.83
1790892264.534 8.03 7.81
1790892265.039 8.04 7.82
1790892265.544 8.04 7.82
1790892266.049 8.03 7.81
1790892266.556 8.05 7.83
1790892267.062 8.05 7.83
1790892267.568 8.04 7.82
1790892268.074 8.06 7.84
1790892268.579 8.04 7.82
1790892269.085 8.06 7.84
1790892269.591 8.04 7.82
1790892270.097 8.04 7.82
1790892270.603 8.03 7.81
1790892271.108 8.03 7.81
1790892271.614 8.03 7.81
1790892272.119 8.03 7.81
1790892272.624 8.03 7.81
1790892273.130 8.03 7.81
1790892273.635 8.03 7.81
1790892274.140 8.03 7.81
1790892274.646 8.03 7.81
1790892275.152 8.03 7.81
1790892275.658 8.03 7.81
1790892276.163 8.03 7.81
1790892276.668 8.03 7.81
1790892277.173 8.03 7.81
1790892277.679 8.03 7.81
1790892278.184 8.03 7.81
1790892278.689 8.02 7.80
1790892279.196 8.02 7.80
1790892279.701 8.02 7.80
1790892280.207 8.02 7.80
1790892280.713 8.05 7.83
1790892281.219 8.05 7.83
1790892281.725 8.05 7.83
1790892282.230 8.05 7.83
1790892282.736 8.05 7.83
1790892283.242 8.05 7.83
1790892283.748 8.04 7.82
1790892284.253 8.04 7.82
1790892284.758 8.05 7.83
1790892285.264 8.05 7.83
1790892285.769 8.05 7.83
1790892286.275 8.06 7.84
1790892286.781 8.06 7.84
1790892287.287 8.06 7.84
1790892287.793 8.06 7.84
1790892288.298 8.06 7.84
1790892288.803 8.08 7.86
1790892289.309 8.08 7.86
1790892289.814 8.08 7.86
1790892290.319 8.08 7.86
1790892290.825 8.06 7.84
1790892291.330 8.06 7.84
1790892291.836 8.06 7.84
1790892292.342 8.06 7.84
1790892292.846 8.06 7.84
1790892293.352 8.06 7.84
1790892293.857 8.05 7.83
1790892294.363 8.05 7.83
1790892294.869 8.05 7.83
1790892295.375 8.05 7.83
1790892295.881 8.05 7.83
1790892296.387 8.05 7.83
1790892296.893 8.05 7.83
1790892297.398 8.05 7.83
1790892297.903 8.05 7.83
1790892298.409 8.06 7.84
1790892298.915 8.07 7.85
1790892299.421 8.07 7.85
1790892299.927 8.07 7.85
1790892300.433 8.07 7.85
1790892300.939 8.08 7.86
1790892301.443 8.08 7.86
1790892301.949 8.08 7.86
1790892302.454 8.08 7.86
1790892302.960 8.08 7.86
1790892303.465 8.08 7.86
1790892303.971 8.07 7.85
1790892304.477 8.07 7.85
1790892304.983 8.07 7.85
1790892305.488 8.07 7.85
1790892305.993 8.07 7.85
1790892306.499 8.07 7.85
1790892307.004 8.07 7.85
1790892307.510 8.08 7.86
1790892308.015 8.08 7.86
1790892308.520 8.06 7.84
1790892309.026 8.07 7.85
1790892309.530 8.07 7.85
1790892310.036 8.08 7.86
1790892310.540 8.08 7.86
1790892311.046 8.06 7.84
1790892311.552 8.06 7.84
1790892312.058 8.07 7.85
1790892312.563 8.07 7.85
1790892313.069 8.07 7.85
1790892313.574 8.07 7.85
1790892314.080 8.07 7.85
1790892314.585 8.07 7.85
1790892315.091 8.07 7.85
1790892315.597 8.07 7.85
1790892316.103 8.07 7.85
1790892316.608 8.07 7.85
1790892317.114 8.07 7.85
1790892317.620 8.07 7.85
1790892318.126 8.08 7.86
1790892318.632 8.08 7.86
1790892319.138 8.08 7.87
1790892319.644 8.09 7.87
1790892320.150 8.09 7.87
1790892320.656 8.09 7.87
1790892321.162 8.08 7.86
1790892321.668 8.08 7.86
1790892322.173 8.09 7.87
1790892322.678 8.09 7.87
1790892323.183 8.09 7.87
1790892323.689 8.08 7.86
1790892324.194 8.08 7.86
1790892324.700 8.08 7.86
1790892325.205 8.08 7.86
1790892325.710 8.09 7.87
1790892326.216 8.09 7.87
1790892326.720 8.08 7.86
1790892327.226 8.09 7.87
1790892327.731 8.09 7.87
1790892328.237 8.09 7.87
1790892328.742 8.07 7.85
1790892329.247 8.07 7.85
1790892329.752 8.08 7.86
1790892330.257 8.08 7.86
1790892330.762 8.08 7.86
1790892331.268 8.10 7.88
1790892331.773 8.10 7.88
1790892332.278 8.10 7.88
1790892332.784 8.10 7.88
1790892333.290 8.10 7.88
1790892333.795 8.09 7.87
1790892334.300 8.09 7.87
1790892334.805 8.09 7.87
1790892335.310 8.09 7.87
1790892335.815 8.09 7.87
1790892336.320 8.09 7.87
1790892336.825 8.09 7.87
1790892337.330 8.09 7.87
1790892337.836 8.09 7.87
1790892338.342 8.09 7.87
1790892338.847 8.11 7.89
1790892339.353 8.11 7.89
1790892339.857 8.11 7.89
1790892340.363 8.11 7.89
1790892340.868 8.11 7.89
1790892341.373 8.11 7.89
1790892341.879 8.11 7.89
1790892342.384 8.12 7.90
1790892342.889 8.12 7.90
1790892343.395 8.12 7.90
1790892343.900 8.12 7.90
1790892344.405 8.12 7.90
1790892344.911 8.12 7.90
1790892345.416 8.12 7.90
1790892345.921 8.11 7.89
1790892346.426 8.11 7.89
1790892346.932 8.11 7.89
1790892347.437 8.11 7.89
1790892347.942 8.11 7.89
1790892348.447 8.11 7.89
1790892348.952 8.10 7.88
1790892349.458 8.10 7.88
1790892349.963 8.10 7.88
1790892350.469 8.10 7.88
1790892350.974 8.10 7.88
1790892351.479 8.10 7.88
1790892351.985 8.10 7.88
1790892352.491 8.10 7.88
1790892352.997 8.10 7.88
1790892353.501 8.09 7.87
1790892354.006 8.09 7.87
1790892354.511 8.09 7.87
1790892355.017 8.08 7.86
1790892355.522 8.08 7.86
1790892356.027 8.08 7.86
1790892356.533 8.08 7.86
1790892357.038 8.08 7.86
1790892357.544 8.08 7.86
1790892358.048 8.08 7.86
1790892358.553 8.06 7.84
1790892359.059 8.08 7.86
1790892359.564 8.07 7.86
1790892360.070 8.08 7.86
1790892360.575 8.08 7.86
1790892361.080 8.08 7.86
1790892361.585 8.08 7.86
1790892362.091 8.08 7.86
1790892362.597 8.08 7.86
1790892363.102 8.08 7.86
1790892363.607 8.08 7.86
1790892364.113 8.08 7.86
1790892364.619 8.08 7.86
1790892365.124 8.06 7.84
1790892365.631 8.06 7.84
1790892366.136 8.06 7.84
1790892366.642 8.05 7.83
1790892367.147 8.05 7.83
1790892367.652 8.04 7.82
1790892368.158 8.03 7.81
1790892368.663 8.02 7.80
1790892369.169 8.01 7.79
1790892369.674 8.01 7.79
1790892370.180 8.00 7.78
1790892370.686 8.00 7.78
1790892371.193 8.00 7.79
1790892371.699 8.00 7.78
1790892372.205 8.00 7.78
1790892372.713 7.99 7.77
1790892373.219 7.99 7.77
1790892373.724 8.00 7.79
1790892374.230 8.00 7.79
1790892374.736 8.05 7.83
1790892375.242 8.05 7.83
1790892375.748 8.05 7.83
1790892376.254 8.05 7.83
1790892376.759 8.05 7.83
1790892377.265 8.05 7.83
1790892377.771 8.04 7.82
1790892378.277 8.04 7.82
1790892378.782 8.04 7.82
1790892379.288 8.04 7.82
1790892379.794 8.04 7.82
1790892380.299 8.04 7.82
1790892380.805 8.04 7.82
1790892381.311 8.05 7.83
1790892381.817 8.05 7.83
1790892382.323 8.04 7.82
1790892382.828 8.05 7.83
1790892383.333 8.05 7.83
1790892383.838 8.05 7.83
1790892384.343 8.05 7.83
1790892384.849 8.05 7.83
1790892385.354 8.05 7.83
1790892385.860 8.05 7.83
1790892386.365 8.05 7.83
1790892386.871 8.05 7.83
1790892387.376 8.05 7.83
1790892387.881 8.05 7.83
1790892388.386 8.03 7.81
1790892388.891 8.04 7.82
1790892389.397 8.04 7.82
1790892389.903 8.05 7.83
1790892390.409 8.04 7.82
1790892390.914 8.04 7.82
1790892391.419 8.02 7.80
1790892391.924 8.03 7.82
1790892392.429 8.04 7.82
1790892392.935 8.04 7.82
1790892393.440 8.06 7.84
1790892393.945 8.06 7.84
1790892394.450 8.07 7.85
1790892394.956 8.08 7.86
1790892395.461 8.05 7.83
1790892395.966 8.07 7.85
1790892396.472 8.05 7.83
1790892396.977 8.07 7.85
1790892397.484 8.05 7.83
1790892397.989 8.04 7.82
1790892398.494 8.03 7.81
1790892398.999 8.03 7.81
1790892399.505 8.04 7.82
1790892400.011 8.03 7.81
1790892400.518 8.02 7.80
1790892401.023 8.02 7.81
1790892401.528 8.01 7.79
1790892402.033 8.00 7.78
1790892402.539 8.00 7.78
1790892403.045 8.00 7.78
1790892403.550 8.00 7.78
1790892404.056 7.99 7.77
1790892404.561 7.99 7.77
1790892405.067 7.99 7.77
1790892405.572 7.99 7.77
1790892406.078 8.00 7.78
1790892406.583 8.00 7.78
1790892407.089 8.01 7.79
1790892407.594 8.03 7.81
1790892408.099 8.01 7.79
1790892408.605 8.02 7.80
1790892409.111 8.01 7.79
1790892409.616 8.02 7.80
1790892410.121 8.01 7.79
1790892410.626 8.03 7.81
1790892411.132 8.02 7.80
1790892411.638 7.98 7.76
1790892412.144 8.00 7.78
1790892412.648 8.00 7.78
1790892413.153 8.00 7.78
1790892413.659 7.99 7.77
1790892414.165 8.00 7.78
1790892414.670 8.00 7.78
1790892415.175 8.01 7.79
1790892415.680 8.00 7.78
1790892416.185 8.01 7.79
1790892416.691 7.99 7.77
1790892417.196 7.99 7.77
1790892417.702 7.98 7.76
1790892418.206 7.98 7.76
1790892418.712 8.01 7.79
1790892419.218 8.01 7.79
1790892419.724 8.00 7.78
1790892420.229 8.00 7.79
1790892420.734 8.01 7.79
1790892421.239 8.01 7.79
1790892421.745 8.00 7.78
1790892422.250 8.00 7.78
1790892422.756 8.00 7.78
1790892423.261 8.00 7.78
1790892423.766 8.01 7.79
1790892424.272 8.01 7.79
1790892424.777 8.01 7.79
1790892425.282 8.01 7.79
1790892425.787 8.01 7.79
1790892426.293 8.02 7.80
1790892426.798 8.02 7.80
1790892427.303 8.02 7.80
1790892427.808 8.02 7.80
1790892428.314 8.01 7.80
1790892428.819 8.02 7.80
1790892429.324 8.06 7.84
1790892429.830 8.07 7.85
1790892430.334 8.07 7.85
1790892430.840 8.07 7.85
1790892431.344 8.05 7.83
1790892431.849 8.05 7.83
1790892432.354 8.05 7.83
1790892432.859 8.05 7.83
1790892433.365 8.05 7.83
1790892433.870 8.07 7.85
1790892434.376 8.07 7.85
1790892434.881 8.07 7.85
1790892435.386 8.07 7.85
1790892435.892 8.08 7.86
1790892436.397 8.08 7.86
1790892436.903 8.09 7.87
1790892437.408 8.09 7.87
1790892437.914 8.09 7.87
1790892438.418 8.09 7.87
1790892438.925 7.53 7.31
1790892439.432 7.06 6.84
1790892439.937 6.91 6.69
1790892440.441 6.91 6.69
1790892440.947 6.84 6.61
1790892441.452 6.87 6.65
1790892441.957 6.93 6.71
1790892442.462 6.93 6.71
1790892442.967 6.93 6.70
1790892443.472 6.87 6.64
1790892443.978 6.92 6.70
1790892444.483 6.93 6.70
1790892444.989 6.86 6.63
1790892445.494 6.85 6.62
1790892446.000 6.93 6.70
1790892446.506 6.92 6.70
1790892447.011 6.84 6.61
1790892447.517 6.87 6.64
1790892448.021 6.93 6.70
1790892448.526 6.91 6.68
1790892449.031 6.85 6.63
1790892449.536 6.91 6.68
1790892450.041 6.88 6.66
1790892450.546 6.82 6.59
1790892451.052 6.92 6.70
1790892451.557 6.91 6.68
1790892452.063 6.83 6.60
1790892452.568 6.89 6.66
1790892453.075 6.90 6.67
1790892453.581 6.89 6.66
1790892454.087 6.81 6.58
1790892454.592 6.86 6.63
1790892455.098 6.88 6.65
1790892455.603 6.94 6.71
1790892456.109 6.86 6.63
1790892456.613 6.91 6.68
1790892457.119 6.91 6.68
1790892457.626 6.91 6.67
1790892458.131 6.83 6.60
1790892458.636 6.86 6.63
1790892459.141 6.88 6.65
1790892459.648 6.94 6.71
1790892460.154 6.87 6.63
1790892460.659 6.91 6.68
1790892461.164 6.91 6.68
1790892461.670 6.90 6.67
1790892462.176 6.81 6.57
1790892462.681 6.93 6.69
1790892463.187 6.93 6.70
1790892463.693 6.91 6.67
1790892464.198 6.85 6.62
1790892464.702 6.90 6.67
1790892465.208 6.90 6.67
1790892465.713 6.90 6.67
1790892466.218 6.89 6.66
1790892466.724 6.89 6.66
1790892467.229 6.90 6.67
1790892467.734 6.82 6.58
1790892468.240 6.88 6.65
1790892468.746 6.87 6.64
1790892469.252 6.87 6.64
1790892469.758 6.81 6.58
1790892470.264 6.87 6.63
1790892470.770 6.86 6.63
1790892471.275 6.80 6.56
1790892471.780 6.85 6.62
1790892472.285 6.85 6.62
1790892472.790 6.79 6.55
1790892473.294 6.85 6.62
1790892473.799 6.83 6.60
1790892474.304 6.77 6.54
1790892474.809 6.83 6.60
1790892475.314 6.82 6.58
1790892475.819 6.81 6.58
1790892476.324 6.82 6.58
1790892476.829 6.75 6.52
1790892477.334 6.81 6.58
1790892477.839 6.75 6.52
1790892478.345 6.81 6.58
1790892478.849 6.79 6.56
1790892479.354 6.79 6.55
1790892479.861 6.80 6.56
1790892480.367 6.71 6.48
1790892480.872 6.78 6.55
1790892481.377 6.78 6.55
1790892481.882 6.77 6.54
1790892482.387 6.76 6.53
1790892482.893 6.72 6.49
1790892483.398 6.78 6.55
1790892483.903 6.94 6.71
1790892484.408 6.94 6.71
1790892484.913 6.93 6.69
1790892485.418 6.93 6.70
1790892485.923 6.90 6.67
1790892486.428 6.90 6.67
1790892486.934 6.91 6.67
1790892487.440 6.94 6.71
1790892487.944 6.94 6.71
1790892488.450 6.93 6.70
1790892488.955 6.91 6.68
1790892489.461 6.91 6.68
1790892489.966 6.84 6.61
1790892490.472 6.92 6.68
1790892490.978 6.89 6.66
1790892491.482 6.88 6.64
1790892491.989 6.89 6.66
1790892492.495 6.88 6.65
1790892493.000 6.86 6.63
1790892493.505 6.87 6.63
1790892494.011 6.79 6.55
1790892494.517 6.94 6.71
1790892495.023 6.93 6.69
1790892495.528 6.85 6.61
1790892496.033 6.91 6.68
1790892496.538 6.84 6.61
1790892497.043 6.90 6.67
1790892497.548 6.89 6.66
1790892498.053 6.83 6.60
1790892498.558 6.88 6.65
1790892499.064 6.94 6.71
1790892499.569 6.88 6.64
1790892500.074 6.94 6.70
1790892500.579 6.85 6.62
1790892501.085 6.92 6.69
1790892501.591 6.91 6.68
1790892502.096 6.89 6.66
1790892502.601 6.89 6.66
1790892503.107 6.95 6.72
1790892503.613 6.94 6.70
1790892504.119 6.91 6.67
1790892504.624 6.84 6.60
1790892505.130 6.95 6.71
1790892505.635 6.84 6.60
1790892506.140 6.91 6.67
1790892506.645 6.85 6.62
1790892507.151 6.83 6.60
1790892507.656 6.83 6.59
1790892508.161 6.85 6.62
1790892508.666 6.84 6.60
1790892509.171 6.86 6.62
1790892509.677 6.86 6.63
1790892510.182 6.86 6.62
1790892510.687 6.83 6.60
1790892511.193 6.83 6.60
1790892511.698 6.83 6.60
1790892512.204 6.83 6.60
1790892512.710 6.89 6.65
1790892513.215 6.88 6.64
1790892513.721 6.87 6.63
1790892514.226 6.85 6.62
1790892514.732 6.87 6.63
1790892515.237 6.87 6.63
1790892515.742 6.85 6.61
1790892516.247 6.86 6.63
1790892516.751 6.86 6.63
1790892517.257 6.85 6.62
1790892517.764 6.86 6.62
1790892518.269 6.85 6.62
1790892518.775 6.83 6.60
1790892519.279 6.83 6.59
1790892519.784 6.85 6.61
1790892520.289 6.84 6.61
1790892520.795 6.84 6.61
1790892521.300 6.84 6.60
1790892521.805 6.83 6.59
1790892522.310 6.84 6.60
1790892522.815 6.84 6.60
1790892523.321 6.84 6.61
1790892523.828 6.84 6.61
1790892524.333 6.84 6.60
1790892524.839 6.84 6.61
1790892525.344 6.84 6.61
1790892525.851 6.85 6.61
1790892526.356 6.85 6.61
1790892526.862 6.84 6.61
1790892527.366 6.85 6.61
1790892527.872 6.85 6.61
1790892528.377 6.85 6.61
1790892528.883 6.83 6.60
1790892529.388 6.84 6.61
1790892529.894 6.84 6.60
1790892530.399 6.84 6.61
1790892530.905 6.84 6.60
1790892531.411 6.84 6.61
1790892531.916 6.84 6.60
1790892532.421 6.84 6.61
1790892532.927 6.84 6.61
1790892533.433 6.84 6.61
1790892533.939 6.83 6.60
1790892534.444 6.84 6.60
1790892534.950 6.84 6.61
1790892535.455 6.84 6.60
1790892535.961 6.84 6.60
1790892536.466 6.83 6.60
1790892536.971 6.83 6.59
1790892537.477 6.83 6.59
1790892537.982 6.84 6.60
1790892538.487 6.84 6.60
1790892538.993 6.83 6.60
1790892539.499 6.84 6.60
1790892540.004 6.85 6.61
1790892540.509 6.84 6.61
1790892541.015 6.84 6.60
1790892541.521 6.83 6.60
1790892542.026 6.85 6.61
1790892542.531 6.84 6.61
1790892543.036 6.85 6.61
1790892543.541 6.84 6.60
1790892544.047 8.50 8.31
1790892544.552 8.64 8.45
1790892545.058 8.75 8.56
1790892545.563 12.30 12.11
1790892546.068 115.86 115.68
1790892546.573 115.86 115.68
1790892547.079 115.86 115.68
1790892547.584 115.86 115.68
1790892548.090 115.86 115.68
1790892548.595 115.84 115.66
1790892549.101 115.85 115.68
1790892549.606 115.85 115.68
1790892550.111 115.85 115.68
1790892550.617 115.85 115.68
1790892551.122 115.85 115.68
1790892551.628 115.85 115.68
1790892552.134 115.85 115.67
1790892552.639 115.85 115.67
1790892553.145 115.85 115.67
1790892553.649 115.85 115.67
1790892554.154 115.85 115.67
1790892554.660 115.85 115.67
1790892555.166 115.85 115.67
1790892555.671 115.85 115.67
1790892556.177 115.85 115.67
1790892556.682 115.85 115.67
1790892557.188 115.85 115.67
1790892557.693 115.85 115.67
1790892558.199 115.85 115.67
1790892558.705 115.85 115.67
1790892559.210 115.85 115.67
1790892559.716 115.85 115.67
1790892560.221 115.85 115.67
1790892560.727 115.85 115.67
1790892561.232 115.85 115.67
1790892561.738 115.85 115.67
1790892562.243 115.85 115.67
1790892562.748 115.85 115.67
1790892563.254 115.85 115.67
1790892563.759 115.82 115.65
1790892564.264 115.80 115.64
1790892564.768 115.79 115.63
1790892565.287 116.29 115.68
1790892565.809 116.29 115.68
1790892566.315 116.29 115.68
1790892566.820 116.29 115.68
1790892567.325 116.29 115.68
1790892567.830 116.29 115.68
1790892568.335 116.28 115.69
1790892568.841 116.28 115.68
1790892569.347 116.28 115.68
1790892569.851 116.28 115.68
1790892570.357 116.27 115.68
1790892570.861 116.26 115.67
1790892571.366 116.26 115.67
1790892571.871 116.26 115.67
1790892572.377 116.16 115.63
1790892572.881 116.16 115.62
1790892573.385 116.15 115.61
1790892573.891 116.14 115.61
1790892574.396 116.14 115.61
1790892574.900 116.14 115.60
1790892575.404 116.14 115.60
1790892575.910 116.14 115.60
1790892576.414 116.13 115.59
1790892576.920 116.12 115.59
1790892577.425 116.12 115.59
1790892577.930 116.12 115.59
1790892578.435 116.12 115.59
1790892578.941 116.12 115.59
1790892579.447 116.12 115.59
1790892579.952 116.12 115.59
1790892580.458 116.12 115.59
1790892580.963 116.12 115.59
1790892581.469 116.12 115.59
1790892581.974 116.12 115.59
1790892582.480 116.10 115.56
1790892582.985 116.10 115.56
1790892583.491 116.10 115.56
1790892583.997 116.08 115.54
1790892584.502 116.08 115.54
1790892585.008 116.08 115.54
1790892585.513 116.08 115.54
1790892586.019 116.08 115.54
1790892586.524 116.08 115.54
1790892587.030 116.08 115.54
1790892587.536 116.08 115.54
1790892588.041 116.08 115.54
1790892588.546 116.06 115.53
1790892589.052 116.07 115.54
1790892589.557 116.07 115.54
1790892590.063 116.07 115.54
1790892590.568 116.07 115.54
1790892591.074 116.07 115.54
1790892591.580 116.07 115.54
1790892592.085 116.07 115.54
1790892592.590 116.07 115.54
1790892593.096 116.07 115.54
1790892593.601 116.09 115.55
1790892594.106 116.09 115.55
1790892594.612 116.09 115.55
1790892595.118 116.09 115.55
1790892595.623 116.09 115.55
1790892596.129 116.09 115.55
1790892596.634 116.09 115.55
1790892597.140 116.09 115.56
1790892597.645 116.09 115.56
1790892598.151 116.09 115.56
1790892598.656 116.10 115.57
1790892599.160 116.10 115.57
1790892599.665 116.10 115.57
1790892600.170 116.10 115.57
1790892600.675 116.10 115.56
1790892601.181 116.09 115.56
1790892601.685 116.09 115.55
1790892602.189 116.08 115.55
1790892602.694 116.09 115.56
1790892603.198 116.09 115.55
1790892603.703 116.08 115.55
1790892604.207 116.08 115.55
1790892604.712 116.07 115.54
1790892605.217 116.07 115.54
1790892605.722 116.07 115.54
1790892606.226 116.05 115.54
1790892606.732 115.91 115.52
1790892607.236 115.66 115.43
1790892607.741 115.50 115.34
1790892608.246 115.44 115.31
1790892608.751 115.39 115.27
1790892609.257 115.31 115.23
1790892609.762 115.21 115.20
1790892610.268 115.16 115.16
1790892610.773 115.12 115.14
1790892611.279 115.07 115.14
1790892611.784 115.41 115.54
1790892612.289 115.13 115.27
1790892612.794 115.04 115.18
1790892613.300 114.99 115.12
1790892613.805 114.94 115.10
1790892614.310 114.91 115.09
1790892614.816 115.19 115.37
1790892615.321 115.03 115.21
1790892615.827 114.95 115.14
1790892616.332 114.90 115.08
1790892616.838 115.30 115.48
1790892617.343 115.05 115.23
1790892617.848 114.97 115.15
1790892618.353 114.91 115.09
1790892618.858 115.23 115.42
1790892619.363 115.01 115.19
1790892619.869 114.91 115.09
1790892620.374 114.85 115.03
1790892620.880 114.85 115.03
1790892621.385 114.85 115.03
1790892621.890 114.79 114.97
1790892622.395 114.72 114.90
1790892622.900 114.71 114.89
1790892623.405 114.87 115.05
1790892623.910 114.78 114.96
1790892624.415 114.71 114.89
1790892624.920 115.04 115.22
1790892625.426 114.85 115.03
1790892625.931 114.76 114.94
1790892626.436 114.71 114.89
1790892626.942 114.71 114.89
1790892627.447 114.86 115.04
1790892627.952 114.78 114.96
1790892628.457 114.72 114.90
1790892628.962 114.66 114.87
1790892629.467 114.63 114.85
1790892629.973 114.59 114.83
1790892630.478 114.58 114.83
1790892630.984 114.54 114.81
1790892631.488 114.51 114.81
1790892631.994 114.48 114.80
1790892632.499 114.40 114.74
1790892633.004 114.37 114.72
1790892633.508 114.32 114.70
1790892634.013 114.27 114.67
1790892634.518 114.23 114.65
1790892635.023 113.96 114.65
1790892635.528 113.91 114.64
1790892636.032 113.82 114.59
1790892636.537 113.79 114.58
1790892637.043 113.72 114.58
1790892637.548 113.71 114.58
1790892638.053 113.67 114.55
1790892638.558 113.00 113.90
1790892639.064 112.96 113.86
1790892639.568 112.90 113.80
1790892640.074 112.90 113.81
1790892640.579 112.86 113.77
1790892641.084 112.79 113.70
1790892641.590 112.76 113.67
1790892642.095 112.75 113.66
1790892642.600 112.70 113.61
1790892643.106 112.65 113.55
1790892643.611 112.63 113.54
1790892644.115 112.57 113.48
1790892644.620 112.17 113.08
1790892645.131 111.80 112.71
1790892645.636 112.01 112.93
1790892646.141 111.49 112.43
1790892646.647 111.25 112.19
1790892647.152 106.33 107.28
1790892647.658 106.26 107.27
1790892648.163 106.24 107.26
1790892648.668 98.99 100.02
1790892649.174 86.29 87.31
1790892649.679 73.74 74.77
1790892650.183 61.70 62.72
1790892650.689 49.41 50.44
1790892651.195 36.90 37.93
1790892651.699 24.30 25.33
1790892652.206 11.96 12.99
1790892652.711 11.81 12.83
1790892653.216 11.46 12.51
1790892653.721 11.15 12.53
1790892654.226 10.93 12.52
1790892654.731 10.55 12.52
1790892655.236 10.16 12.51
1790892655.742 9.80 12.50
1790892656.247 9.45 12.49
1790892656.751 9.11 12.48
1790892657.257 8.76 12.48
1790892657.762 8.38 12.47
1790892658.267 7.97 12.46
1790892658.773 7.61 12.46
1790892659.278 7.20 12.45
1790892659.784 6.84 12.44
1790892660.289 6.64 12.44
1790892660.795 6.35 12.44
1790892661.300 5.99 12.43
1790892661.805 5.61 12.42
1790892662.309 5.21 12.41
1790892662.814 4.82 12.41
1790892663.319 4.42 12.40
1790892663.824 4.03 12.40
1790892664.330 3.67 12.39
1790892664.835 3.30 12.39
1790892665.340 2.94 12.38
1790892665.846 2.56 12.37
1790892666.351 2.17 12.36
1790892666.856 1.76 12.35
1790892667.361 1.36 12.34
1790892667.867 1.16 12.34
1790892668.372 0.88 12.34
1790892668.876 0.85 12.37
1790892669.382 0.83 12.38
1790892669.889 0.94 12.39
1790892670.395 0.77 12.40
1790892670.900 0.87 12.42
1790892671.407 0.92 12.42
1790892671.913 0.76 12.65
1790892672.418 0.87 12.66
1790892672.923 0.71 12.59
1790892673.428 0.61 11.48
1790892673.934 0.90 11.43
1790892674.439 0.73 11.53
1790892674.944 0.72 11.53
1790892675.449 0.57 11.92
1790892675.975 0.63 12.60
1790892676.485 0.64 13.05
1790892676.992 0.64 13.40
1790892677.498 0.63 13.73
1790892678.003 0.72 13.85
1790892678.507 0.74 13.84
1790892679.012 0.76 13.84
1790892679.517 0.78 13.81
1790892680.022 0.83 13.81
1790892680.531 0.57 13.78
1790892681.039 0.58 14.03
1790892681.544 0.74 14.03
1790892682.050 0.60 14.04
1790892682.560 0.59 14.05
1790892683.065 0.60 14.05
1790892683.572 0.60 14.04
1790892684.080 0.60 14.03
1790892684.586 0.60 14.03
1790892685.091 0.61 14.02
1790892685.597 0.60 14.03
1790892686.103 0.60 14.03
1790892686.609 0.60 14.03
1790892687.115 0.60 14.02
1790892687.624 0.60 14.02
1790892688.133 0.61 14.02
1790892688.641 0.60 14.02
1790892689.147 0.60 14.01
1790892689.658 0.61 14.02
1790892690.166 0.60 14.01
1790892690.672 0.60 14.01
1790892691.179 0.60 14.00
1790892691.686 0.60 14.00
1790892692.191 0.61 13.99
1790892692.697 0.61 13.97
1790892693.207 0.62 13.97
1790892693.714 0.61 13.97
1790892694.221 0.61 13.97
1790892694.731 0.62 13.97
1790892695.239 0.62 13.97
1790892695.745 0.73 13.85
1790892696.260 0.88 13.78
1790892696.765 0.88 13.78
1790892697.269 0.88 13.80
1790892697.777 0.88 13.80
1790892698.285 0.94 13.75
1790892698.792 0.93 13.74
1790892699.299 0.93 13.73
1790892699.805 0.93 13.73
1790892700.316 0.93 13.73
1790892700.823 0.93 13.73
1790892701.331 0.93 13.73
1790892701.838 0.93 13.73
1790892702.346 0.93 13.72
1790892702.857 0.93 13.72
1790892703.363 0.94 13.72
1790892703.870 0.93 13.71
1790892704.376 0.93 13.71
1790892704.882 0.94 13.79
1790892705.393 0.94 13.80
1790892705.900 0.93 13.80
1790892706.409 0.94 13.81
1790892706.915 0.93 13.79
1790892707.421 0.93 13.80
1790892707.927 0.93 13.79
1790892708.432 0.93 13.79
1790892708.938 0.93 13.79
1790892709.444 0.94 13.78
1790892709.950 0.93 13.77
1790892710.455 0.93 13.77
1790892710.963 0.93 13.77
1790892711.468 0.93 13.77
1790892711.973 0.97 13.74
1790892712.478 0.93 13.74
1790892712.984 0.93 13.74
1790892713.490 0.93 13.75
1790892713.997 0.94 13.75
1790892714.503 0.93 13.74
1790892715.011 0.93 13.75
1790892715.516 0.94 13.75
1790892716.022 0.93 13.74
1790892716.529 0.94 13.74
1790892717.037 0.93 13.74
1790892717.544 0.93 13.73
1790892718.050 0.93 13.73
1790892718.558 0.93 13.72
1790892719.068 0.94 13.73
1790892719.575 0.93 13.73
1790892720.082 0.93 13.72
1790892720.589 0.93 13.72
1790892721.095 0.93 13.72
1790892721.602 0.94 14.12
1790892722.107 0.56 14.11
1790892722.614 0.55 14.10
1790892723.119 0.56 14.08
1790892723.625 0.56 14.07
1790892724.135 0.70 13.92
1790892724.646 0.93 13.70
1790892725.151 0.93 13.70
1790892725.658 0.93 13.70
1790892726.167 0.93 13.69
1790892726.675 0.94 13.69
1790892727.181 0.96 13.68
1790892727.686 0.93 13.68
1790892728.197 0.93 13.68
1790892728.704 0.93 13.68
1790892729.210 0.93 13.68
1790892729.726 0.94 13.70
1790892730.234 0.93 13.69
1790892730.741 0.93 13.69
1790892731.249 0.93 13.69
1790892731.755 0.94 13.69
1790892732.264 0.94 13.69
1790892732.770 0.93 13.68
1790892733.279 0.93 13.68
1790892733.785 0.93 13.66
1790892734.293 0.93 13.66
1790892734.802 0.93 13.65
1790892735.311 0.93 13.65
1790892735.816 0.93 13.64
1790892736.325 0.94 13.65
1790892736.833 0.93 13.66
1790892737.343 0.93 13.66
1790892737.851 0.93 13.66
1790892738.358 0.93 13.65
1790892738.865 0.93 13.65
1790892739.371 0.93 13.66
1790892739.876 0.93 13.65
1790892740.383 0.93 13.64
1790892740.889 0.93 13.64
1790892741.396 0.93 13.65
1790892741.906 0.93 13.64
1790892742.412 0.93 13.63
1790892742.920 0.94 13.64
1790892743.430 0.93 13.64
1790892743.939 0.93 13.63
1790892744.447 0.94 13.63
1790892744.980 0.94 13.63
1790892745.489 0.93 13.63
1790892745.995 0.93 13.62
1790892746.504 0.93 13.62
1790892747.013 0.93 13.62
1790892747.520 0.94 13.62
1790892748.025 0.93 13.61
1790892748.536 0.93 13.60
1790892749.050 0.93 13.60
1790892749.556 0.93 13.60
1790892750.061 0.94 13.61
1790892750.567 0.94 13.60
1790892751.075 0.93 13.59
1790892751.581 0.93 13.59
1790892752.087 0.93 13.59
1790892752.595 0.93 13.58
1790892753.102 0.94 13.60
1790892753.608 0.93 13.58
1790892754.113 0.93 13.59
1790892754.621 0.93 13.59
1790892755.130 0.93 13.58
1790892755.637 0.94 13.58
1790892756.145 0.93 13.58
1790892756.652 0.93 13.57
1790892757.159 0.93 13.57
1790892757.664 0.94 13.57
1790892758.173 0.94 13.54
1790892758.682 0.94 13.57
1790892759.190 0.93 13.56
1790892759.699 0.94 13.56
1790892760.209 0.93 13.56
1790892760.719 0.94 13.57
1790892761.225 0.93 13.57
1790892761.733 0.93 13.55
1790892762.239 0.93 13.55
1790892762.746 0.93 13.56
1790892763.253 0.93 13.55
1790892763.762 0.94 13.55
1790892764.269 0.93 13.55
1790892764.779 0.93 13.54
1790892765.286 0.93 13.54
1790892765.792 0.94 13.55
1790892766.301 0.94 13.54
1790892766.808 0.93 13.54
1790892767.314 0.93 13.54
1790892767.822 0.93 13.53
1790892768.331 0.94 13.57
1790892768.839 0.93 13.56
1790892769.347 0.93 13.56
1790892769.855 0.94 13.56
1790892770.367 0.93 13.56
1790892770.872 0.93 13.55
1790892771.382 0.93 13.55
1790892771.890 0.94 13.56
1790892772.396 0.94 13.56
1790892772.906 0.93 13.55
1790892773.411 0.93 13.55
1790892773.918 0.93 13.55
1790892774.426 0.93 13.54
1790892774.933 0.93 13.54
1790892775.439 0.94 13.54
1790892775.949 0.93 13.53
1790892776.455 0.93 13.54
1790892776.961 0.94 13.55
1790892777.470 0.93 13.54
1790892777.977 0.94 13.54
1790892778.483 0.94 13.53
1790892778.991 0.93 13.53
1790892779.499 0.93 13.53
1790892780.007 0.93 13.52
1790892780.518 0.93 13.52
1790892781.028 0.93 13.52
1790892781.534 0.94 13.52
1790892782.042 0.93 13.52
1790892782.551 0.93 13.52
1790892783.061 0.93 13.52
1790892783.570 0.93 13.52
1790892784.083 1.03 13.54
1790892784.588 0.93 13.55
1790892785.096 0.94 13.55
1790892785.603 0.93 13.54
1790892786.113 0.93 13.54
1790892786.618 0.93 13.54
1790892787.126 0.94 13.54
1790892787.634 0.93 13.54
1790892788.147 0.93 13.53
1790892788.653 0.93 13.53
1790892789.162 0.93 13.53
1790892789.667 0.94 13.53
1790892790.177 0.93 13.52
1790892790.682 0.93 13.52
1790892791.189 0.93 13.52
1790892791.704 0.93 13.53
1790892792.209 0.52 13.99
1790892792.714 0.64 13.81
1790892793.222 0.94 13.53
1790892793.731 0.94 13.53
1790892794.237 0.93 13.52
1790892794.747 0.93 13.52
1790892795.258 0.93 13.52
1790892795.765 0.94 13.52
1790892796.274 0.93 13.50
1790892796.783 0.93 13.49
1790892797.290 0.93 13.49
1790892797.796 0.93 13.49
1790892798.303 0.93 13.49
1790892798.810 0.93 13.48
1790892799.316 0.93 13.48
1790892799.823 0.93 13.50
1790892800.332 0.93 13.50
1790892800.838 0.94 13.50
1790892801.344 0.93 13.49
1790892801.850 0.93 13.50
1790892802.359 0.93 13.49
1790892802.868 0.93 13.49
1790892803.373 0.93 13.49
1790892803.879 0.93 13.49
1790892804.386 0.93 13.49
1790892804.891 0.93 13.49
1790892805.399 0.93 13.48
1790892805.910 0.93 13.48
1790892806.420 0.94 13.49
1790892806.927 1.10 13.45
1790892807.431 1.51 13.43
1790892807.936 1.59 13.79
1790892808.442 1.45 13.72
1790892808.947 1.32 13.63
1790892809.452 1.18 13.56
1790892809.957 1.12 13.56
1790892810.462 1.00 13.49
1790892810.967 0.86 13.42
1790892811.472 0.75 13.36
1790892811.977 0.69 13.31
1790892812.481 0.81 13.22
1790892812.986 0.91 13.09
1790892813.492 1.04 13.16
1790892813.997 0.99 13.14
1790892814.503 0.98 13.14
1790892815.008 0.98 13.14
1790892815.513 0.96 13.11
1790892816.018 0.94 13.09
1790892816.523 0.91 13.07
1790892817.028 1.69 13.84
1790892817.533 2.65 14.81
1790892818.038 2.63 14.81
1790892818.543 2.61 14.80
1790892819.048 2.54 14.73
1790892819.553 2.54 14.73
1790892820.058 2.53 14.72
1790892820.563 2.52 14.71
1790892821.068 2.49 14.69
1790892821.573 2.46 14.66
1790892822.078 2.43 14.63
1790892822.583 2.41 14.60
1790892823.088 2.36 14.56
1790892823.592 2.29 14.50
1790892824.097 2.25 14.46
1790892824.602 2.23 14.44
1790892825.107 2.20 14.42
1790892825.612 2.19 14.41
1790892826.117 2.17 14.38
1790892826.622 2.15 14.36
1790892827.127 2.12 14.34
1790892827.632 2.10 14.31
1790892828.137 2.08 14.29
1790892828.642 2.03 14.25
1790892829.147 2.02 14.25
1790892829.652 2.75 11.60
1790892830.158 3.79 9.74
1790892830.663 3.48 9.77
1790892831.168 3.15 9.77
1790892831.673 2.82 9.76
1790892832.178 2.48 9.76
1790892832.683 2.16 9.79
1790892833.188 1.89 9.79
1790892833.692 1.64 9.78
1790892834.198 1.38 9.78
1790892834.702 1.09 9.77
1790892835.207 0.78 9.78
1790892835.713 0.86 9.67
1790892836.219 1.04 10.06
1790892836.724 1.23 10.38
1790892837.229 0.86 10.46
1790892837.735 0.87 10.47
1790892838.240 0.89 10.45
1790892838.744 0.78 10.46
1790892839.250 0.82 10.45
1790892839.755 0.86 10.47
1790892840.260 0.88 10.47
1790892840.765 0.86 10.46
1790892841.270 0.85 10.47
1790892841.775 0.84 10.47
1790892842.280 0.89 10.47
1790892842.786 0.89 10.43
1790892843.291 0.79 10.47
1790892843.796 0.81 10.47
1790892844.300 0.81 10.44
1790892844.806 0.86 10.44
1790892845.310 0.85 10.45
1790892845.815 0.78 10.40
1790892846.320 0.77 10.45
1790892846.826 0.89 10.45
1790892847.330 0.85 10.45
1790892847.835 0.81 10.44
1790892848.340 0.78 10.45
1790892848.845 0.92 10.44
1790892849.350 0.88 10.44
1790892849.855 0.85 10.44
1790892850.359 1.24 10.44
1790892850.864 1.34 10.43
1790892851.370 1.00 10.32
1790892851.876 0.91 10.44
1790892852.382 0.96 10.30
1790892852.887 1.10 9.95
1790892853.392 1.19 10.36
1790892853.898 1.16 10.33
1790892854.403 1.12 10.30
1790892854.907 1.09 10.27
1790892855.413 1.04 10.23
1790892855.918 1.07 10.26
1790892856.423 1.04 10.21
1790892856.929 1.01 10.21
1790892857.434 0.99 10.18
1790892857.939 0.96 10.16
1790892858.445 0.93 10.13
1790892858.950 0.92 10.12
1790892859.455 0.89 10.09
1790892859.960 0.85 10.05
1790892860.465 0.83 10.03
1790892860.971 0.80 10.00
1790892861.476 0.77 9.97
1790892861.981 0.76 9.97
1790892862.487 0.92 9.94
1790892862.992 0.89 9.92
1790892863.497 0.85 9.87
1790892864.002 0.78 9.80
1790892864.507 1.98 11.01
1790892865.012 4.04 11.00
1790892865.517 7.80 11.02
1790892866.022 11.69 11.10
1790892866.528 11.70 11.11
1790892867.033 11.70 11.11
1790892867.539 11.70 11.11
1790892868.044 11.69 11.10
1790892868.549 11.65 11.07
1790892869.053 11.65 11.07
1790892869.559 11.65 11.07
1790892870.064 11.65 11.07
1790892870.569 11.64 11.06
1790892871.075 11.63 11.05
1790892871.580 11.62 11.04
1790892872.085 11.26 11.01
1790892872.590 10.99 10.86
1790892873.096 10.66 10.60
1790892873.601 10.21 10.19
1790892874.106 9.20 9.30
1790892874.611 9.10 9.27
1790892875.116 8.99 9.26
1790892875.622 8.95 9.26
1790892876.126 8.73 9.04
1790892876.633 8.65 8.96
1790892877.139 8.62 8.94
1790892877.645 8.37 8.71
1790892878.151 8.37 8.70
1790892878.655 6.34 6.68
1790892879.161 6.43 6.77
1790892879.667 6.40 6.75
1790892880.174 6.37 6.72
1790892880.680 6.37 6.72
1790892881.186 6.34 6.70
1790892881.691 6.33 6.70
1790892882.196 6.28 6.68
1790892882.702 6.24 6.65
1790892883.207 6.19 6.60
1790892883.711 6.16 6.58
1790892884.216 6.03 6.46
1790892884.721 5.74 6.17
1790892885.227 5.50 5.93
1790892885.733 5.33 5.76
1790892886.239 5.22 5.65
1790892886.744 5.12 5.58
1790892887.249 5.09 5.56
1790892887.754 5.09 5.56
1790892888.259 5.09 5.56
1790892888.764 5.09 5.56
1790892889.269 5.09 5.56
1790892889.775 5.09 5.55
1790892890.280 5.09 5.55
1790892890.786 5.09 5.55
1790892891.291 5.09 5.55
1790892891.796 5.09 5.55
1790892892.302 5.09 5.55
1790892892.807 5.09 5.55
1790892893.312 5.09 5.55
1790892893.818 5.07 5.54
1790892894.323 5.07 5.54
1790892894.829 5.07 5.54
1790892895.335 5.07 5.54
1790892895.839 5.06 5.52
1790892896.345 5.06 5.52
1790892896.850 5.06 5.52
1790892897.355 5.06 5.52
1790892897.861 5.05 5.52
1790892898.366 5.05 5.52
1790892898.871 5.04 5.51
1790892899.375 5.04 5.51
1790892899.881 5.04 5.51
1790892900.386 5.04 5.51
1790892900.892 5.04 5.51
1790892901.397 5.04 5.51
1790892901.903 5.04 5.51
1790892902.408 5.04 5.51
1790892902.913 5.04 5.51
1790892903.418 5.04 5.51
1790892903.924 5.04 5.50
1790892904.429 5.04 5.50
1790892904.935 5.04 5.50
1790892905.440 5.04 5.50
1790892905.945 5.04 5.50
1790892906.450 5.03 5.50
1790892906.956 5.03 5.50
1790892907.461 5.03 5.50
1790892907.965 5.03 5.50
1790892908.471 5.04 5.51
1790892908.976 5.03 5.50
1790892909.481 5.03 5.50
1790892909.987 5.03 5.50
1790892910.492 5.03 5.50
1790892910.998 5.03 5.50
1790892911.503 5.03 5.50
1790892912.009 5.05 5.51
1790892912.514 5.05 5.51
1790892913.019 5.04 5.51
1790892913.524 5.05 5.51
1790892914.030 5.05 5.51
1790892914.535 5.04 5.51
1790892915.040 5.04 5.51
1790892915.546 5.05 5.51
1790892916.051 5.04 5.50
1790892916.556 5.04 5.50
1790892917.061 5.04 5.50
1790892917.566 5.04 5.50
1790892918.072 5.04 5.50
1790892918.577 5.02 5.49
1790892919.082 4.66 5.13
1790892919.588 4.66 5.13
1790892920.095 4.66 5.13
1790892920.600 4.66 5.13
1790892921.105 4.66 5.13
1790892921.611 4.66 5.13
1790892922.117 4.66 5.13
1790892922.623 4.66 5.13
1790892923.128 4.66 5.13
1790892923.633 4.65 5.12
1790892924.139 4.66 5.13
1790892924.645 4.65 5.12
1790892925.152 4.63 5.12
1790892925.658 4.63 5.12
1790892926.164 4.61 5.11
1790892926.669 4.56 5.05
1790892927.174 4.53 5.03
1790892927.680 4.53 5.03
1790892928.185 4.52 5.02
1790892928.691 4.52 5.02
1790892929.196 4.54 5.04
1790892929.702 4.54 5.04
1790892930.209 4.54 5.04
1790892930.715 4.54 5.04
1790892931.220 4.54 5.04
1790892931.726 4.54 5.04
1790892932.232 4.54 5.04
1790892932.737 4.54 5.04
1790892933.244 4.54 5.04
1790892933.750 4.54 5.04
1790892934.256 4.54 5.04
1790892934.762 4.54 5.04
1790892935.267 4.54 5.04
1790892935.773 4.54 5.04
1790892936.280 4.52 5.02
1790892936.785 4.52 5.02
1790892937.292 4.52 5.02
1790892937.797 4.52 5.02
1790892938.303 4.52 5.02
1790892938.809 4.52 5.02
1790892939.315 4.52 5.02
1790892939.820 4.52 5.02
1790892940.326 4.51 5.02
1790892940.832 4.51 5.02
1790892941.338 4.51 5.02
1790892941.843 4.51 5.02
1790892942.349 4.51 5.02
1790892942.855 4.51 5.02
1790892943.361 4.51 5.02
1790892943.866 4.51 5.01
1790892944.372 4.51 5.01
1790892944.878 4.51 5.01
1790892945.384 4.51 5.01
1790892945.890 4.51 5.01
1790892946.395 4.52 5.02
1790892946.902 4.52 5.03
1790892947.407 4.52 5.03
1790892947.913 4.52 5.03
1790892948.419 4.53 5.03
1790892948.925 4.53 5.03
1790892949.431 4.53 5.03
1790892949.936 4.53 5.03
1790892950.442 4.53 5.03
1790892950.949 4.53 5.03
1790892951.454 4.53 5.03
1790892951.960 4.53 5.03
1790892952.466 4.53 5.03
1790892952.973 4.53 5.03
1790892953.479 4.53 5.03
1790892953.985 4.53 5.03
1790892954.491 4.53 5.03
1790892954.997 4.53 5.03
1790892955.503 4.53 5.03
1790892956.009 4.53 5.03
1790892956.516 4.53 5.03
1790892957.022 4.53 5.03
1790892957.529 4.53 5.04
1790892958.035 4.53 5.04
1790892958.542 4.53 5.04
1790892959.048 4.53 5.04
1790892959.554 4.54 5.05
1790892960.060 4.54 5.05
1790892960.566 4.54 5.05
1790892961.072 4.54 5.05
1790892961.577 4.54 5.05
1790892962.083 4.54 5.05
1790892962.588 4.54 5.05
1790892963.095 4.54 5.05
1790892963.599 4.54 5.04
1790892964.106 4.54 5.04
1790892964.613 4.54 5.04
1790892965.119 4.54 5.04
1790892965.625 4.54 5.04
1790892966.130 4.54 5.04
1790892966.637 4.53 5.03
1790892967.142 4.53 5.03
1790892967.648 4.53 5.03
1790892968.154 4.53 5.03
1790892968.660 4.53 5.04
1790892969.166 4.53 5.03
1790892969.671 4.53 5.04
1790892970.177 4.54 5.04
1790892970.682 4.54 5.04
1790892971.188 4.54 5.04
1790892971.694 4.54 5.04
1790892972.200 4.54 5.04
1790892972.705 4.54 5.04
1790892973.211 4.54 5.04
1790892973.716 4.53 5.04
1790892974.222 4.53 5.04
1790892974.728 4.53 5.04
1790892975.235 4.53 5.04
1790892975.741 4.53 5.04
1790892976.246 4.53 5.04
1790892976.752 4.53 5.03
1790892977.258 4.53 5.03
1790892977.763 4.53 5.03
1790892978.269 4.53 5.03
1790892978.775 4.51 5.01
1790892979.281 4.51 5.01
1790892979.787 4.51 5.01
1790892980.292 4.52 5.02
1790892980.798 4.51 5.02
1790892981.304 4.51 5.02
1790892981.810 4.51 5.02
1790892982.316 4.51 5.02
1790892982.822 4.51 5.02
1790892983.328 4.51 5.02
1790892983.833 4.52 5.02
1790892984.340 4.52 5.02
1790892984.846 4.52 5.02
1790892985.352 4.52 5.02
1790892985.858 4.52 5.02
1790892986.364 4.52 5.02
1790892986.869 4.52 5.02
1790892987.375 4.51 5.02
1790892987.881 4.52 5.02
1790892988.387 4.52 5.02
1790892988.892 4.53 5.03
1790892989.398 4.53 5.03
1790892989.904 4.53 5.03
1790892990.409 4.53 5.03
1790892990.914 4.53 5.03
1790892991.420 4.53 5.03
1790892991.926 4.53 5.03
1790892992.431 4.53 5.03
1790892992.936 4.53 5.03
1790892993.441 4.53 5.03
1790892993.947 4.52 5.02
1790892994.452 4.52 5.02
1790892994.958 4.52 5.02
1790892995.463 4.52 5.02
1790892995.968 4.52 5.02
1790892996.473 4.52 5.02
1790892996.978 4.53 5.03
1790892997.484 4.53 5.03
1790892997.989 4.53 5.03
1790892998.495 4.53 5.03
1790892998.999 4.53 5.04
1790892999.504 4.53 5.04
1790893000.009 4.53 5.04
1790893000.514 4.53 5.04
1790893001.019 4.53 5.04
1790893001.524 4.53 5.04
1790893002.029 4.53 5.04
1790893002.534 4.53 5.04
1790893003.040 4.51 5.02
1790893003.545 6.77 7.30
1790893004.050 6.93 7.45
1790893004.555 7.10 7.63
1790893005.060 110.26 110.78
1790893005.566 115.23 115.54
1790893006.071 115.24 115.54
1790893006.576 115.24 115.55
1790893007.082 115.25 115.56
1790893007.587 115.25 115.56
1790893008.093 115.25 115.56
1790893008.598 115.25 115.56
1790893009.104 115.25 115.56
1790893009.609 115.25 115.56
1790893010.115 115.25 115.56
